ISO,Country,Subregion,Region,Start Year,Start Month,Start Day,End Year,End Month,End Day,Total Deaths,No. Injured,Total Affected,Total Damage ('000 US$),"Total Damage, Adjusted ('000 US$)",Event Name,NAME_NORM
REU,Réunion,Sub-Saharan Africa,Africa,1980,1.0,27.0,1980,1.0,27.0,25.0,,7000.0,67000.0,255037.0,HYACINTHE,HYACINTHE_1980_01
FJI,Fiji,Melanesia,Oceania,1980,3.0,24.0,1980,3.0,24.0,18.0,250.0,35250.0,2256.0,8588.0,WALLY,WALLY_1980_03
BGD,Bangladesh,Southern Asia,Asia,1980,4.0,,1980,4.0,,11.0,50.0,1050.0,,,,
KOR,Republic of Korea,Eastern Asia,Asia,1980,7.0,,1980,7.0,,150.0,,20000.0,,,,
PHL,Philippines,South-eastern Asia,Asia,1980,7.0,21.0,1980,7.0,21.0,31.0,,600000.0,15400.0,58620.0,JOE,JOE_1980_07
VNM,Viet Nam,South-eastern Asia,Asia,1980,7.0,23.0,1980,7.0,23.0,132.0,210.0,6624710.0,,,JOE,JOE_1980_07
CHN,China,Eastern Asia,Asia,1980,7.0,24.0,1980,7.0,24.0,188.0,,100.0,,,JOE,JOE_1980_07
PHL,Philippines,South-eastern Asia,Asia,1980,7.0,25.0,1980,7.0,25.0,40.0,,190000.0,,,KIM,KIM_1980_07
LCA,Saint Lucia,Latin America and the Caribbean,Americas,1980,7.0,31.0,1980,8.0,11.0,9.0,,80000.0,87990.0,334936.0,ALLEN,ALLEN_1980_07
VCT,Saint Vincent and the Grenadines,Latin America and the Caribbean,Americas,1980,7.0,31.0,1980,8.0,11.0,,,20500.0,16300.0,62046.0,ALLEN,ALLEN_1980_07
HTI,Haiti,Latin America and the Caribbean,Americas,1980,8.0,5.0,1980,8.0,5.0,220.0,,1165000.0,400000.0,1522608.0,ALLEN,ALLEN_1980_08
JAM,Jamaica,Latin America and the Caribbean,Americas,1980,7.0,31.0,1980,8.0,11.0,6.0,9.0,30009.0,64000.0,243617.0,ALLEN,ALLEN_1980_07
USA,United States of America,Northern America,Americas,1980,8.0,9.0,1980,8.0,9.0,,,,860000.0,3273606.0,ALLEN,ALLEN_1980_08
JPN,Japan,Eastern Asia,Asia,1980,9.0,11.0,1980,9.0,11.0,7.0,33.0,17033.0,,,ORCHID,ORCHID_1980_09
VNM,Viet Nam,South-eastern Asia,Asia,1980,9.0,15.0,1980,9.0,15.0,176.0,174.0,9027174.0,,,RUTH,RUTH_1980_09
KOR,Republic of Korea,Eastern Asia,Asia,1980,9.0,15.0,1980,9.0,15.0,15.0,17.0,17.0,7220.0,27483.0,ORCHID,ORCHID_1980_09
PHL,Philippines,South-eastern Asia,Asia,1980,11.0,6.0,1980,11.0,6.0,101.0,,1004000.0,102300.0,389407.0,BETTY,BETTY_1980_11
PHL,Philippines,South-eastern Asia,Asia,1980,3.0,20.0,1980,3.0,20.0,4.0,,665.0,402.0,1530.0,,
PHL,Philippines,South-eastern Asia,Asia,1980,5.0,7.0,1980,5.0,7.0,,,3063.0,289.0,1100.0,,
PHL,Philippines,South-eastern Asia,Asia,1980,7.0,19.0,1980,7.0,19.0,36.0,55.0,69237.0,,,,
HKG,"China, Hong Kong Special Administrative Region",Eastern Asia,Asia,1980,7.0,18.0,1980,7.0,18.0,2.0,59.0,68.0,,,JOE,JOE_1980_07
IND,India,Southern Asia,Asia,1980,10.0,16.0,1980,10.0,16.0,28.0,,,,,,
CUB,Cuba,Latin America and the Caribbean,Americas,1980,8.0,4.0,1980,8.0,4.0,3.0,,,,,ALLEN,ALLEN_1980_08
DMA,Dominica,Latin America and the Caribbean,Americas,1980,8.0,4.0,1980,8.0,4.0,,,,,,ALLEN,ALLEN_1980_08
DOM,Dominican Republic,Latin America and the Caribbean,Americas,1980,8.0,4.0,1980,8.0,4.0,7.0,,,47000.0,178906.0,ALLEN,ALLEN_1980_08
USA,United States of America,Northern America,Americas,1980,5.0,13.0,1980,5.0,13.0,7.0,70.0,470.0,30000.0,114196.0,,
USA,United States of America,Northern America,Americas,1980,6.0,4.0,1980,6.0,4.0,5.0,100.0,100.0,20000.0,76130.0,,
GRD,Grenada,Latin America and the Caribbean,Americas,1980,8.0,4.0,1980,8.0,4.0,,,,5300.0,20175.0,ALLEN,ALLEN_1980_08
BRB,Barbados,Latin America and the Caribbean,Americas,1980,7.0,31.0,1980,8.0,11.0,,7.0,5007.0,1500.0,5710.0,ALLEN,ALLEN_1980_07
MTQ,Martinique,Latin America and the Caribbean,Americas,1980,8.0,5.0,1980,8.0,5.0,,,,68000.0,258843.0,ALLEN,ALLEN_1980_08
IDN,Indonesia,South-eastern Asia,Asia,1980,2.0,15.0,1980,2.0,15.0,,,800.0,,,,
FJI,Fiji,Melanesia,Oceania,1981,1.0,15.0,1981,1.0,15.0,,,4700.0,,,ARTHUR,ARTHUR_1981_01
VUT,Vanuatu,Melanesia,Oceania,1981,2.0,11.0,1981,2.0,11.0,,,,,,CLIFF,CLIFF_1981_02
NCL,New Caledonia,Melanesia,Oceania,1981,2.0,11.0,1981,2.0,11.0,1.0,,2000.0,,,CLIFF,CLIFF_1981_02
COK,Cook Islands,Polynesia,Oceania,1981,2.0,21.0,1981,2.0,21.0,,,,,,DAMAN,DAMAN_1981_02
NCL,New Caledonia,Melanesia,Oceania,1981,3.0,5.0,1981,3.0,5.0,,,,,,FREDA,FREDA_1981_03
PHL,Philippines,South-eastern Asia,Asia,1981,7.0,4.0,1981,7.0,4.0,,,28500.0,,,,
THA,Thailand,South-eastern Asia,Asia,1981,7.0,6.0,1981,7.0,6.0,,,43000.0,,,KELLY,KELLY_1981_07
JPN,Japan,Eastern Asia,Asia,1981,8.0,6.0,1981,8.0,6.0,7.0,,62500.0,,,PHYLLIS,PHYLLIS_1981_08
JPN,Japan,Eastern Asia,Asia,1981,8.0,23.0,1981,8.0,23.0,40.0,100.0,20100.0,,,THAD,THAD_1981_08
KOR,Republic of Korea,Eastern Asia,Asia,1981,8.0,31.0,1981,8.0,31.0,113.0,,14253.0,134000.0,462297.0,AGNES,AGNES_1981_08
PHL,Philippines,South-eastern Asia,Asia,1981,9.0,20.0,1981,9.0,20.0,55.0,,21905.0,6700.0,23115.0,CLARA,CLARA_1981_09
MEX,Mexico,Latin America and the Caribbean,Americas,1981,10.0,7.0,1981,10.0,7.0,100.0,,,40000.0,137999.0,ST LIDIA,LIDIA_1981_10
PHL,Philippines,South-eastern Asia,Asia,1981,11.0,25.0,1981,11.0,25.0,261.0,95.0,840173.0,35000.0,120749.0,IRMA,IRMA_1981_11
IND,India,Southern Asia,Asia,1981,12.0,10.0,1981,12.0,10.0,200.0,,20000.0,,,,
BGD,Bangladesh,Southern Asia,Asia,1981,12.0,11.0,1981,12.0,11.0,1000.0,,2000000.0,,,,
VUT,Vanuatu,Melanesia,Oceania,1981,12.0,12.0,1981,12.0,12.0,,,,1000.0,3450.0,GYAN,
MDG,Madagascar,Sub-Saharan Africa,Africa,1981,12.0,20.0,1981,12.0,20.0,107.0,,118000.0,250000.0,862494.0,,
NCL,New Caledonia,Melanesia,Oceania,1981,12.0,23.0,1981,12.0,23.0,3.0,,,200.0,690.0,GYAN,
PHL,Philippines,South-eastern Asia,Asia,1981,12.0,25.0,1981,12.0,25.0,250.0,,180000.0,26000.0,89699.0,LEE,LEE_1981_12
PHL,Philippines,South-eastern Asia,Asia,1981,6.0,28.0,1981,6.0,28.0,210.0,36.0,15478.0,7609.0,26251.0,,
PHL,Philippines,South-eastern Asia,Asia,1981,8.0,16.0,1981,8.0,16.0,5.0,,9721.0,12908.0,44532.0,,
PHL,Philippines,South-eastern Asia,Asia,1981,11.0,17.0,1981,11.0,17.0,4.0,6.0,5736.0,167.0,576.0,,
IND,India,Southern Asia,Asia,1981,8.0,7.0,1981,8.0,7.0,15.0,,101700.0,,,,
BGD,Bangladesh,Southern Asia,Asia,1981,3.0,6.0,1981,3.0,6.0,15.0,,25000.0,,,,
MUS,Mauritius,Sub-Saharan Africa,Africa,1982,1.0,16.0,1982,1.0,16.0,,,32000.0,650.0,2113.0,DAMIA,
TON,Tonga,Polynesia,Oceania,1982,3.0,3.0,1982,3.0,3.0,6.0,12.0,146512.0,21200.0,68914.0,ISAAC,ISAAC_1982_03
PHL,Philippines,South-eastern Asia,Asia,1982,3.0,22.0,1982,3.0,22.0,117.0,,16000.0,,,MAMIE,MAMIE_1982_03
PHL,Philippines,South-eastern Asia,Asia,1982,3.0,23.0,1982,3.0,23.0,151.0,31.0,789031.0,69000.0,224296.0,NELSON,NELSON_1982_03
SLB,Solomon Islands,Melanesia,Oceania,1982,4.0,,1982,4.0,,,,30000.0,,,BERNIE,BERNIE_1982_04
MMR,Myanmar,South-eastern Asia,Asia,1982,5.0,4.0,1982,5.0,4.0,11.0,,36000.0,,,,
NIC,Nicaragua,Latin America and the Caribbean,Americas,1982,5.0,23.0,1982,5.0,23.0,71.0,,52000.0,356000.0,1157236.0,ALLETA,
HND,Honduras,Latin America and the Caribbean,Americas,1982,5.0,24.0,1982,5.0,24.0,130.0,,20000.0,101000.0,328317.0,ALLETA,
CUB,Cuba,Latin America and the Caribbean,Americas,1982,6.0,3.0,1982,6.0,3.0,24.0,,180000.0,85000.0,276306.0,ALBERTO,ALBERTO_1982_06
JPN,Japan,Eastern Asia,Asia,1982,8.0,2.0,1982,8.0,2.0,80.0,150.0,3150.0,137000.0,445341.0,BESS,BESS_1982_08
KOR,Republic of Korea,Eastern Asia,Asia,1982,8.0,14.0,1982,8.0,14.0,63.0,42.0,42.0,30000.0,97520.0,CECIL,CECIL_1982_08
JPN,Japan,Eastern Asia,Asia,1982,8.0,25.0,1982,8.0,25.0,12.0,,5000.0,18000.0,58512.0,ELLIS,ELLIS_1982_08
PHL,Philippines,South-eastern Asia,Asia,1982,8.0,25.0,1982,8.0,25.0,70.0,67.0,25967.0,6500.0,21129.0,FAYE,FAYE_1982_08
KOR,Republic of Korea,Eastern Asia,Asia,1982,8.0,27.0,1982,8.0,27.0,5.0,,5000.0,,,ELLIS,ELLIS_1982_08
JPN,Japan,Eastern Asia,Asia,1982,9.0,2.0,1982,9.0,2.0,26.0,102.0,102.0,57000.0,185288.0,JUDY,JUDY_1982_09
PHL,Philippines,South-eastern Asia,Asia,1982,9.0,5.0,1982,9.0,5.0,65.0,26.0,50008.0,,,,
CPV,Cabo Verde,Sub-Saharan Africa,Africa,1982,9.0,29.0,1982,9.0,29.0,3.0,122.0,2222.0,3000.0,9752.0,BERYL,BERYL_1982_09
MEX,Mexico,Latin America and the Caribbean,Americas,1982,9.0,30.0,1982,9.0,30.0,225.0,,50000.0,82400.0,267855.0,PAUL,PAUL_1982_09
PHL,Philippines,South-eastern Asia,Asia,1982,10.0,12.0,1982,10.0,12.0,96.0,183.0,64179.0,32000.0,104021.0,NANCY,NANCY_1982_10
VNM,Viet Nam,South-eastern Asia,Asia,1982,10.0,18.0,1982,10.0,18.0,70.0,290.0,1300290.0,,,NANCY,NANCY_1982_10
IND,India,Southern Asia,Asia,1982,11.0,9.0,1982,11.0,9.0,500.0,,5000000.0,625420.0,2033029.0,,
USA,United States of America,Northern America,Americas,1982,11.0,23.0,1982,11.0,23.0,3.0,,500.0,230000.0,747652.0,IWA,IWA_1982_11
MUS,Mauritius,Sub-Saharan Africa,Africa,1982,2.0,,1982,2.0,,,,500.0,323.0,1050.0,FRIDA,
MDG,Madagascar,Sub-Saharan Africa,Africa,1982,1.0,28.0,1982,3.0,25.0,92.0,,70000.0,250000.0,812666.0,BENEDIC ELECTRE FRIDA JUSTINE,JUSTINE_1982_01
PHL,Philippines,South-eastern Asia,Asia,1982,3.0,18.0,1982,3.0,18.0,25.0,8.0,25099.0,2400.0,7802.0,,
PHL,Philippines,South-eastern Asia,Asia,1982,7.0,12.0,1982,7.0,12.0,10.0,5.0,12319.0,4500.0,14628.0,,
PHL,Philippines,South-eastern Asia,Asia,1982,8.0,20.0,1982,8.0,20.0,29.0,40.0,36927.0,4200.0,13653.0,,
PHL,Philippines,South-eastern Asia,Asia,1982,12.0,2.0,1982,12.0,2.0,,,85.0,5.0,16.0,,
IDN,Indonesia,South-eastern Asia,Asia,1982,1.0,,1982,1.0,,2.0,123.0,123.0,,,,
AUS,Australia,Australia and New Zealand,Oceania,1982,4.0,,1982,4.0,,1.0,,,6864.0,22313.0,DOMINIC,DOMINIC_1982_04
IND,India,Southern Asia,Asia,1982,6.0,3.0,1982,6.0,3.0,244.0,493.0,300493.0,120000.0,390079.0,,
COM,Comoros,Sub-Saharan Africa,Africa,1983,1.0,10.0,1983,1.0,10.0,33.0,52.0,30052.0,23000.0,72438.0,ELINAH,ELINAH_1983_01
PYF,French Polynesia,Polynesia,Oceania,1983,2.0,,1983,2.0,,6.0,,,16000.0,50392.0,ORAMA,
FJI,Fiji,Melanesia,Oceania,1983,3.0,1.0,1983,3.0,1.0,9.0,14.0,200014.0,50000.0,157474.0,OSCAR,OSCAR_1983_03
BGD,Bangladesh,Southern Asia,Asia,1983,3.0,21.0,1983,3.0,21.0,6.0,150.0,150.0,,,,
FJI,Fiji,Melanesia,Oceania,1983,3.0,25.0,1983,3.0,25.0,,,11132.0,851.0,2680.0,SARAH,SARAH_1983_03
IND,India,Southern Asia,Asia,1983,4.0,,1983,4.0,,76.0,1500.0,7500.0,,,,
PYF,French Polynesia,Polynesia,Oceania,1983,4.0,14.0,1983,4.0,14.0,1.0,50.0,5050.0,21000.0,66139.0,VEENA,
IND,India,Southern Asia,Asia,1983,6.0,19.0,1983,6.0,19.0,551.0,,800000.0,56000.0,176371.0,,
PHL,Philippines,South-eastern Asia,Asia,1983,7.0,14.0,1983,7.0,14.0,115.0,27.0,149892.0,1640.0,5165.0,VERA,VERA_1983_07
USA,United States of America,Northern America,Americas,1983,8.0,17.0,1983,8.0,17.0,21.0,,,3000000.0,9448462.0,ALICIA,ALICIA_1983_08
TWN,Taiwan (Province of China),Eastern Asia,Asia,1983,9.0,9.0,1983,9.0,9.0,82.0,,,,,ELLEN,ELLEN_1983_09
HKG,"China, Hong Kong Special Administrative Region",Eastern Asia,Asia,1983,9.0,9.0,1983,9.0,9.0,22.0,338.0,1945.0,12544.0,39507.0,ELLEN,ELLEN_1983_09
JPN,Japan,Eastern Asia,Asia,1983,9.0,28.0,1983,9.0,28.0,44.0,78.0,78.0,,,FOREST,
VNM,Viet Nam,South-eastern Asia,Asia,1983,9.0,,1983,9.0,,578.0,324.0,845324.0,,,HERBERT KIM LEX,HERBERT_1983_09
IND,India,Southern Asia,Asia,1983,10.0,3.0,1983,10.0,3.0,100.0,,714000.0,510000.0,1606239.0,,
BGD,Bangladesh,Southern Asia,Asia,1983,10.0,15.0,1983,10.0,15.0,600.0,,5000.0,,,,
MEX,Mexico,Latin America and the Caribbean,Americas,1983,10.0,20.0,1983,10.0,20.0,135.0,,25000.0,,,TICO,TICO_1983_10
BGD,Bangladesh,Southern Asia,Asia,1983,11.0,13.0,1983,11.0,13.0,67.0,,,,,,
MUS,Mauritius,Sub-Saharan Africa,Africa,1983,12.0,8.0,1983,12.0,8.0,1.0,1.0,351.0,,,ANDY,ANDY_1983_12
MDG,Madagascar,Sub-Saharan Africa,Africa,1983,12.0,10.0,1983,12.0,10.0,42.0,,13560.0,25000.0,78737.0,,
PHL,Philippines,South-eastern Asia,Asia,1983,9.0,3.0,1983,9.0,3.0,3.0,,1684.0,430.0,1354.0,ELLEN,ELLEN_1983_09
PHL,Philippines,South-eastern Asia,Asia,1983,11.0,17.0,1983,11.0,17.0,8.0,1.0,18854.0,2250.0,7086.0,ORCHID,ORCHID_1983_11
CHN,China,Eastern Asia,Asia,1983,3.0,,1983,3.0,,30.0,200.0,10200.0,,,,
VNM,Viet Nam,South-eastern Asia,Asia,1983,10.0,5.0,1983,10.0,5.0,80.0,184.0,336544.0,,,GEORGIA,GEORGIA_1983_10
CHN,China,Eastern Asia,Asia,1983,9.0,2.0,1983,9.0,2.0,82.0,,,,,ELLEN,ELLEN_1983_09
SWZ,Eswatini,Sub-Saharan Africa,Africa,1984,1.0,28.0,1984,2.0,4.0,53.0,,632500.0,54152.0,163519.0,DOMOINA,DOMOINA_1984_01
MOZ,Mozambique,Sub-Saharan Africa,Africa,1984,1.0,28.0,1984,2.0,4.0,109.0,,350000.0,75000.0,226472.0,DOMOINA,DOMOINA_1984_01
ZAF,South Africa,Sub-Saharan Africa,Africa,1984,1.0,28.0,1984,2.0,4.0,64.0,,500000.0,92000.0,277806.0,DOMOINA IMBOA,DOMOINA_1984_01
MDG,Madagascar,Sub-Saharan Africa,Africa,1984,4.0,9.0,1984,4.0,9.0,68.0,215.0,100215.0,250000.0,754907.0,KAMISY,KAMISY_1984_04
VNM,Viet Nam,South-eastern Asia,Asia,1984,4.0,15.0,1984,4.0,15.0,21.0,94.0,1094.0,,,,
PHL,Philippines,South-eastern Asia,Asia,1984,8.0,27.0,1984,8.0,27.0,138.0,103.0,483747.0,23000.0,69451.0,JUNE,JUNE_1984_08
MEX,Mexico,Latin America and the Caribbean,Americas,1984,9.0,,1984,9.0,,4.0,,10000.0,,,,
CHN,China,Eastern Asia,Asia,1984,9.0,9.0,1984,9.0,9.0,13.0,,,,,IKE,IKE_1984_09
CPV,Cabo Verde,Sub-Saharan Africa,Africa,1984,9.0,16.0,1984,9.0,16.0,29.0,,5500.0,,,FRAN,FRAN_1984_09
DMA,Dominica,Latin America and the Caribbean,Americas,1984,10.0,9.0,1984,10.0,9.0,2.0,,10000.0,2000.0,6039.0,KLAUS,KLAUS_1984_10
VNM,Viet Nam,South-eastern Asia,Asia,1984,11.0,,1984,11.0,,134.0,289.0,650705.0,,,AGNES,AGNES_1984_11
PHL,Philippines,South-eastern Asia,Asia,1984,11.0,3.0,1984,11.0,3.0,1079.0,197.0,2261900.0,96600.0,291696.0,AGNES,AGNES_1984_11
IND,India,Southern Asia,Asia,1984,11.0,14.0,1984,11.0,14.0,524.0,,1300000.0,35000.0,105687.0,,
REU,Réunion,Sub-Saharan Africa,Africa,1984,4.0,,1984,4.0,,,,,,,KAMISY,KAMISY_1984_04
PHL,Philippines,South-eastern Asia,Asia,1984,9.0,1.0,1984,9.0,1.0,1399.0,2565.0,1786865.0,216700.0,654353.0,IKE AND MARING,IKE_1984_09
PHL,Philippines,South-eastern Asia,Asia,1984,10.0,23.0,1984,10.0,23.0,63.0,,2694.0,190.0,574.0,WARREN,WARREN_1984_10
IND,India,Southern Asia,Asia,1984,11.0,30.0,1984,11.0,30.0,,,35000.0,,,,
KNA,Saint Kitts and Nevis,Latin America and the Caribbean,Americas,1984,11.0,,1984,11.0,,,,,,,KLAUS,KLAUS_1984_11
FRA,France,Western Europe,Europe,1984,10.0,4.0,1984,10.0,5.0,6.0,,,,,STORM HORTENSE,HORTENSE_1984_10
ESP,Spain,Southern Europe,Europe,1984,10.0,4.0,1984,10.0,4.0,6.0,30.0,60030.0,1000000.0,3019627.0,HORTENSE,HORTENSE_1984_10
CHN,China,Eastern Asia,Asia,1984,8.0,,1984,8.0,,,,,,,,
VUT,Vanuatu,Melanesia,Oceania,1985,1.0,16.0,1985,1.0,16.0,9.0,,117500.0,173000.0,504507.0,ERIC NIGEL,NIGEL_1985_01
FJI,Fiji,Melanesia,Oceania,1985,1.0,17.0,1985,1.0,19.0,28.0,,100000.0,73000.0,212885.0,ERIC NIGEL ODETTE,ODETTE_1985_01
COM,Comoros,Sub-Saharan Africa,Africa,1985,2.0,14.0,1985,2.0,14.0,2.0,,35000.0,5568.0,16238.0,,
FJI,Fiji,Melanesia,Oceania,1985,3.0,5.0,1985,3.0,5.0,3.0,,2000.0,,,GAVIN,GAVIN_1985_03
SLB,Solomon Islands,Melanesia,Oceania,1985,3.0,14.0,1985,3.0,14.0,,,650.0,,,HINA,HINA_1985_03
FJI,Fiji,Melanesia,Oceania,1985,3.0,17.0,1985,3.0,17.0,1.0,,20000.0,3000.0,8749.0,,
BGD,Bangladesh,Southern Asia,Asia,1985,5.0,24.0,1985,5.0,28.0,15000.0,,1810000.0,50000.0,145811.0,,
JPN,Japan,Eastern Asia,Asia,1985,6.0,15.0,1985,7.0,1.0,19.0,,30000.0,,,IRMA,IRMA_1985_06
CHN,China,Eastern Asia,Asia,1985,7.0,30.0,1985,7.0,30.0,177.0,1400.0,101400.0,,,,
USA,United States of America,Northern America,Americas,1985,8.0,30.0,1985,8.0,30.0,4.0,,1000000.0,1100000.0,3207851.0,ELENA,ELENA_1985_08
USA,United States of America,Northern America,Americas,1985,9.0,27.0,1985,9.0,27.0,11.0,,,900000.0,2624605.0,GLORIA,GLORIA_1985_09
VNM,Viet Nam,South-eastern Asia,Asia,1985,10.0,23.0,1985,10.0,23.0,798.0,257.0,450257.0,,,CECIL,CECIL_1985_10
KOR,Republic of Korea,Eastern Asia,Asia,1985,10.0,5.0,1985,10.0,5.0,57.0,20.0,20.0,14000.0,40827.0,BRENDA,BRENDA_1985_10
IND,India,Southern Asia,Asia,1985,10.0,10.0,1985,10.0,10.0,78.0,,5000.0,,,,
PHL,Philippines,South-eastern Asia,Asia,1985,10.0,15.0,1985,10.0,15.0,81.0,24.0,1183626.0,62373.0,181894.0,DOT,DOT_1985_10
USA,United States of America,Northern America,Americas,1985,10.0,27.0,1985,10.0,27.0,12.0,,,1500000.0,4374342.0,JUAN,JUAN_1985_10
JAM,Jamaica,Latin America and the Caribbean,Americas,1985,11.0,18.0,1985,11.0,18.0,7.0,,300.0,5200.0,15164.0,KATE,KATE_1985_11
CUB,Cuba,Latin America and the Caribbean,Americas,1985,11.0,18.0,1985,11.0,18.0,4.0,,498891.0,,,KATE,KATE_1985_11
PHL,Philippines,South-eastern Asia,Asia,1985,6.0,20.0,1985,6.0,20.0,100.0,,420200.0,20000.0,58325.0,HAL AND IRMA,IRMA_1985_06
PHL,Philippines,South-eastern Asia,Asia,1985,9.0,1.0,1985,9.0,1.0,5.0,7.0,148.0,660.0,1925.0,TESS,TESS_1985_09
HKG,"China, Hong Kong Special Administrative Region",Eastern Asia,Asia,1985,9.0,6.0,1985,9.0,6.0,2.0,12.0,612.0,42.0,122.0,TESS,TESS_1985_09
JPN,Japan,Eastern Asia,Asia,1985,9.0,1.0,1985,9.0,1.0,30.0,200.0,200.0,99500.0,290165.0,PAT,PAT_1985_09
AUS,Australia,Australia and New Zealand,Oceania,1986,2.0,,1986,2.0,,3.0,12.0,1012.0,70000.0,200334.0,WINIFRED,WINIFRED_1986_02
MDG,Madagascar,Sub-Saharan Africa,Africa,1986,3.0,15.0,1986,3.0,15.0,99.0,424.0,84309.0,150000.0,429286.0,HONORININA,HONORININA_1986_03
IND,India,Southern Asia,Asia,1986,5.0,16.0,1986,5.0,16.0,11.0,100.0,100.0,,,,
SLB,Solomon Islands,Melanesia,Oceania,1986,5.0,19.0,1986,5.0,19.0,101.0,,150000.0,20000.0,57238.0,NAMU,NAMU_1986_05
PHL,Philippines,South-eastern Asia,Asia,1986,7.0,9.0,1986,7.0,9.0,109.0,16.0,647313.0,30710.0,87889.0,PEGGY,PEGGY_1986_07
CHN,China,Eastern Asia,Asia,1986,7.0,11.0,1986,7.0,11.0,172.0,1250.0,4001250.0,380000.0,1087525.0,PEGGY,PEGGY_1986_07
CHN,China,Eastern Asia,Asia,1986,7.0,21.0,1986,7.0,21.0,43.0,381.0,381.0,54000.0,154543.0,,
JPN,Japan,Eastern Asia,Asia,1986,8.0,4.0,1986,8.0,4.0,17.0,64.0,2064.0,2200000.0,6296196.0,SARAH,SARAH_1986_08
TWN,Taiwan (Province of China),Eastern Asia,Asia,1986,8.0,22.0,1986,8.0,22.0,52.0,,,405000.0,1159072.0,WAYNE,WAYNE_1986_08
IRL,Ireland,Northern Europe,Europe,1986,8.0,25.0,1986,8.0,27.0,11.0,,1900.0,,,CHARLIE,CHARLIE_1986_08
PHL,Philippines,South-eastern Asia,Asia,1986,9.0,2.0,1986,9.0,2.0,23.0,4.0,482704.0,13150.0,37634.0,WAYNE,WAYNE_1986_09
KOR,Republic of Korea,Eastern Asia,Asia,1986,8.0,30.0,1986,8.0,30.0,33.0,73.0,6696.0,10900.0,31195.0,VERA,VERA_1986_08
VNM,Viet Nam,South-eastern Asia,Asia,1986,9.0,6.0,1986,9.0,6.0,435.0,2502.0,2502502.0,,,WAYNE,WAYNE_1986_09
LCA,Saint Lucia,Latin America and the Caribbean,Americas,1986,9.0,8.0,1986,9.0,8.0,,,,,,DANIELLE,DANIELLE_1986_09
TWN,Taiwan (Province of China),Eastern Asia,Asia,1986,9.0,19.0,1986,9.0,19.0,13.0,,,80000.0,228953.0,ABBY,ABBY_1986_09
IND,India,Southern Asia,Asia,1986,9.0,25.0,1986,9.0,25.0,13.0,,3300000.0,272943.0,781138.0,,
BGD,Bangladesh,Southern Asia,Asia,1986,9.0,26.0,1986,9.0,26.0,40.0,,2700000.0,,,,
PHL,Philippines,South-eastern Asia,Asia,1986,10.0,6.0,1986,10.0,6.0,22.0,26.0,82555.0,1200.0,3434.0,DOM,DOM_1986_10
BGD,Bangladesh,Southern Asia,Asia,1986,11.0,9.0,1986,11.0,9.0,25.0,100.0,100.0,,,,
WLF,Wallis and Futuna Islands,Polynesia,Oceania,1986,12.0,25.0,1986,12.0,25.0,1.0,,4500.0,,,RAJA,RAJA_1986_12
FJI,Fiji,Melanesia,Oceania,1986,12.0,28.0,1986,12.0,28.0,1.0,,3000.0,20000.0,57238.0,RAJAH,
PHL,Philippines,South-eastern Asia,Asia,1986,10.0,10.0,1986,10.0,10.0,4.0,,3134.0,1400.0,4007.0,ELLEN,ELLEN_1986_10
PHL,Philippines,South-eastern Asia,Asia,1986,10.0,17.0,1986,10.0,17.0,2.0,,308.0,36000.0,103029.0,GEORGIA,GEORGIA_1986_10
PHL,Philippines,South-eastern Asia,Asia,1986,12.0,20.0,1986,12.0,20.0,16.0,108.0,26722.0,4000.0,11448.0,NARGE,
HKG,"China, Hong Kong Special Administrative Region",Eastern Asia,Asia,1986,7.0,9.0,1986,7.0,9.0,1.0,26.0,26.0,,,PEGGY,PEGGY_1986_07
HKG,"China, Hong Kong Special Administrative Region",Eastern Asia,Asia,1986,8.0,21.0,1986,8.0,21.0,4.0,15.0,15.0,,,WAYNE,WAYNE_1986_08
CHN,China,Eastern Asia,Asia,1986,8.0,27.0,1986,8.0,27.0,8.0,25.0,2525.0,940000.0,2690193.0,VERA,VERA_1986_08
COK,Cook Islands,Polynesia,Oceania,1987,1.0,2.0,1987,1.0,2.0,5.0,,2000.0,25000.0,69018.0,SALLY,SALLY_1987_01
COM,Comoros,Sub-Saharan Africa,Africa,1987,1.0,3.0,1987,1.0,3.0,24.0,,50000.0,9000.0,24847.0,JAN,
VUT,Vanuatu,Melanesia,Oceania,1987,2.0,7.0,1987,2.0,8.0,48.0,,48000.0,25000.0,69018.0,UMA,
REU,Réunion,Sub-Saharan Africa,Africa,1987,2.0,13.0,1987,2.0,13.0,10.0,,4000.0,2000.0,5521.0,,
TUV,Tuvalu,Polynesia,Oceania,1987,2.0,22.0,1987,2.0,22.0,,,,,,,
BGD,Bangladesh,Southern Asia,Asia,1987,6.0,4.0,1987,6.0,4.0,12.0,,,,,,
CHN,China,Eastern Asia,Asia,1987,6.0,19.0,1987,6.0,19.0,132.0,86.0,900086.0,,,,
GNB,Guinea-Bissau,Sub-Saharan Africa,Africa,1987,7.0,1.0,1987,7.0,1.0,1.0,3.0,3703.0,,,,
KOR,Republic of Korea,Eastern Asia,Asia,1987,7.0,16.0,1987,7.0,16.0,483.0,,56000.0,325000.0,897240.0,THELMA,THELMA_1987_07
PHL,Philippines,South-eastern Asia,Asia,1987,8.0,8.0,1987,8.0,8.0,85.0,425.0,1269825.0,98600.0,272209.0,BETTY,BETTY_1987_08
CHN,China,Eastern Asia,Asia,1987,9.0,11.0,1987,9.0,11.0,102.0,,25400.0,120000.0,331289.0,GERALD,GERALD_1987_09
VCT,Saint Vincent and the Grenadines,Latin America and the Caribbean,Americas,1987,9.0,21.0,1987,9.0,21.0,,8.0,208.0,5300.0,14632.0,EMILY,EMILY_1987_09
DOM,Dominican Republic,Latin America and the Caribbean,Americas,1987,9.0,22.0,1987,9.0,22.0,3.0,,,23700.0,65430.0,EMILY,EMILY_1987_09
BMU,Bermuda,Northern America,Americas,1987,9.0,25.0,1987,9.0,25.0,,40.0,40.0,50000.0,138037.0,EMILY,EMILY_1987_09
JPN,Japan,Eastern Asia,Asia,1987,10.0,16.0,1987,10.0,16.0,8.0,10.0,65010.0,,,KELLY,KELLY_1987_10
PHL,Philippines,South-eastern Asia,Asia,1987,10.0,21.0,1987,10.0,21.0,100.0,79.0,78979.0,25000.0,69018.0,LYNN,LYNN_1987_10
TWN,Taiwan (Province of China),Eastern Asia,Asia,1987,10.0,24.0,1987,10.0,24.0,61.0,,2200.0,,,LYNN,LYNN_1987_10
VNM,Viet Nam,South-eastern Asia,Asia,1987,11.0,18.0,1987,11.0,18.0,101.0,211.0,937011.0,,,MAURY,MAURY_1987_11
IND,India,Southern Asia,Asia,1987,11.0,2.0,1987,11.0,2.0,38.0,,50000.0,,,,
PHL,Philippines,South-eastern Asia,Asia,1987,11.0,23.0,1987,11.0,23.0,882.0,927.0,1819112.0,56000.0,154601.0,NINA,NINA_1987_11
PHL,Philippines,South-eastern Asia,Asia,1987,8.0,13.0,1987,8.0,13.0,5.0,,13336.0,5600.0,15460.0,CART,
PHL,Philippines,South-eastern Asia,Asia,1987,12.0,14.0,1987,12.0,14.0,22.0,35.0,56380.0,8500.0,23466.0,PHILLIS,
IND,India,Southern Asia,Asia,1987,11.0,14.0,1987,11.0,14.0,25.0,,30000.0,,,,
GUM,Guam,Micronesia,Oceania,1987,10.0,,1987,10.0,,,,502.0,145.0,400.0,LYNN,LYNN_1987_10
CHN,China,Eastern Asia,Asia,1987,6.0,9.0,1987,6.0,9.0,40.0,,,,,RUTH,RUTH_1987_06
KOR,Republic of Korea,Eastern Asia,Asia,1987,7.0,26.0,1987,7.0,26.0,136.0,,,200000.0,552148.0,VERNON,VERNON_1987_07
USA,United States of America,Northern America,Americas,1987,6.0,23.0,1987,6.0,23.0,,,,,,,
LCA,Saint Lucia,Latin America and the Caribbean,Americas,1987,9.0,,1987,9.0,,,,,,,EMILY,EMILY_1987_09
FSM,Micronesia (Federated States of),Micronesia,Oceania,1987,11.0,21.0,1987,11.0,21.0,5.0,3.0,203.0,6000.0,16564.0,NINA,NINA_1987_11
VUT,Vanuatu,Melanesia,Oceania,1988,1.0,11.0,1988,1.0,11.0,,,4700.0,,,ANNE,ANNE_1988_01
MOZ,Mozambique,Sub-Saharan Africa,Africa,1988,3.0,1.0,1988,3.0,1.0,100.0,,4000.0,,,FILAO,FILAO_1988_03
PHL,Philippines,South-eastern Asia,Asia,1988,5.0,30.0,1988,5.0,30.0,36.0,,56000.0,1000.0,2653.0,SUSAN,SUSAN_1988_05
PHL,Philippines,South-eastern Asia,Asia,1988,7.0,16.0,1988,7.0,16.0,6.0,,117355.0,11516.0,30547.0,WARREN,WARREN_1988_07
CHN,China,Eastern Asia,Asia,1988,8.0,8.0,1988,8.0,8.0,194.0,1232.0,136232.0,,,BILL,BILL_1988_08
HTI,Haiti,Latin America and the Caribbean,Americas,1988,9.0,11.0,1988,9.0,11.0,54.0,,870000.0,91286.0,242143.0,GILBERT,GILBERT_1988_09
JAM,Jamaica,Latin America and the Caribbean,Americas,1988,9.0,12.0,1988,9.0,12.0,49.0,,810000.0,1000000.0,2652574.0,GILBERT,GILBERT_1988_09
MEX,Mexico,Latin America and the Caribbean,Americas,1988,9.0,14.0,1988,9.0,14.0,240.0,,100000.0,76000.0,201596.0,GILBERT,GILBERT_1988_09
CHN,China,Eastern Asia,Asia,1988,9.0,21.0,1988,9.0,21.0,6.0,,51000.0,,,KIT,KIT_1988_09
VNM,Viet Nam,South-eastern Asia,Asia,1988,10.0,10.0,1988,10.0,10.0,137.0,,600000.0,,,,
CRI,Costa Rica,Latin America and the Caribbean,Americas,1988,10.0,19.0,1988,10.0,19.0,28.0,7500.0,127500.0,60000.0,159154.0,JOAN,
COL,Colombia,Latin America and the Caribbean,Americas,1988,10.0,17.0,1988,10.0,17.0,26.0,,100000.0,50000.0,132629.0,JOAN,
BGD,Bangladesh,Southern Asia,Asia,1988,10.0,19.0,1988,10.0,19.0,31.0,,,,,,
PAN,Panama,Latin America and the Caribbean,Americas,1988,10.0,21.0,1988,10.0,21.0,30.0,,8732.0,60000.0,159154.0,JOAN,
VEN,Venezuela (Bolivarian Republic of),Latin America and the Caribbean,Americas,1988,10.0,,1988,10.0,,11.0,,,,,JOAN,
PHL,Philippines,South-eastern Asia,Asia,1988,10.0,21.0,1988,10.0,21.0,416.0,208.0,3250208.0,240500.0,637944.0,RUBY,RUBY_1988_10
NIC,Nicaragua,Latin America and the Caribbean,Americas,1988,10.0,22.0,1988,10.0,23.0,130.0,278.0,360278.0,400000.0,1061029.0,JOAN,
HND,Honduras,Latin America and the Caribbean,Americas,1988,10.0,16.0,1988,10.0,25.0,,12.0,12.0,,,JOAN,
VNM,Viet Nam,South-eastern Asia,Asia,1988,11.0,6.0,1988,11.0,6.0,20.0,,720000.0,,,,
PHL,Philippines,South-eastern Asia,Asia,1988,11.0,5.0,1988,11.0,5.0,289.0,29.0,1045029.0,149060.0,395393.0,SKIP,SKIP_1988_11
USA,United States of America,Northern America,Americas,1988,11.0,22.0,1988,11.0,22.0,,,,,,KEITH,KEITH_1988_11
BGD,Bangladesh,Southern Asia,Asia,1988,11.0,29.0,1988,11.0,29.0,1000.0,,10568860.0,,,04B,
IND,India,Southern Asia,Asia,1988,11.0,29.0,1988,11.0,29.0,74.0,,1900000.0,13000.0,34483.0,04B,
PHL,Philippines,South-eastern Asia,Asia,1988,11.0,1.0,1988,11.0,1.0,41.0,1.0,28913.0,940.0,2493.0,TESS,TESS_1988_11
NZL,New Zealand,Australia and New Zealand,Oceania,1988,3.0,7.0,1988,3.0,7.0,6.0,,,,,BOLA,BOLA_1988_03
MEX,Mexico,Latin America and the Caribbean,Americas,1988,9.0,4.0,1988,9.0,4.0,48.0,,25000.0,,,DEBBY,DEBBY_1988_09
HKG,"China, Hong Kong Special Administrative Region",Eastern Asia,Asia,1988,10.0,21.0,1988,10.0,21.0,,4.0,104.0,,,RUBY,RUBY_1988_10
AUS,Australia,Australia and New Zealand,Oceania,1988,3.0,,1988,3.0,,1.0,,,20417.0,54158.0,CHARLIE,CHARLIE_1988_03
LCA,Saint Lucia,Latin America and the Caribbean,Americas,1988,9.0,11.0,1988,9.0,11.0,,,,2500.0,6631.0,GILBERT,GILBERT_1988_09
VUT,Vanuatu,Melanesia,Oceania,1988,8.0,,1988,8.0,,,,2000.0,,,BOLA,BOLA_1988_08
CUB,Cuba,Latin America and the Caribbean,Americas,1988,9.0,,1988,9.0,,,,60000.0,,,GILBERT,GILBERT_1988_09
WSM,Samoa,Polynesia,Oceania,1989,1.0,6.0,1989,1.0,6.0,,,,15500.0,39222.0,FILI GINA,FILI_1989_01
COM,Comoros,Sub-Saharan Africa,Africa,1989,1.0,24.0,1989,1.0,24.0,,,,5236.0,13249.0,KALAFANDJI FIRINGA,
REU,Réunion,Sub-Saharan Africa,Africa,1989,1.0,29.0,1989,1.0,29.0,10.0,61.0,6261.0,50000.0,126521.0,FIRINGA,
MUS,Mauritius,Sub-Saharan Africa,Africa,1989,1.0,29.0,1989,1.0,29.0,1.0,507.0,4507.0,60000.0,151826.0,FIRINGA,
VNM,Viet Nam,South-eastern Asia,Asia,1989,7.0,24.0,1989,7.0,24.0,104.0,491.0,1445491.0,,,IRVING,IRVING_1989_07
BMU,Bermuda,Northern America,Americas,1989,8.0,8.0,1989,8.0,8.0,,,,,,DEAN,DEAN_1989_08
ANT,Netherlands Antilles,Latin America and the Caribbean,Americas,1989,9.0,17.0,1989,9.0,17.0,11.0,,,50000.0,126521.0,HUGO,HUGO_1989_09
ATG,Antigua and Barbuda,Latin America and the Caribbean,Americas,1989,9.0,17.0,1989,9.0,17.0,2.0,,8030.0,80000.0,202434.0,HUGO,HUGO_1989_09
CAN,Canada,Northern America,Americas,1989,9.0,22.0,1989,9.0,23.0,,,,,,HUGO,HUGO_1989_09
DMA,Dominica,Latin America and the Caribbean,Americas,1989,9.0,17.0,1989,9.0,17.0,,,710.0,20000.0,50609.0,HUGO,HUGO_1989_09
DOM,Dominican Republic,Latin America and the Caribbean,Americas,1989,9.0,17.0,1989,9.0,17.0,,,,,,HUGO,HUGO_1989_09
GLP,Guadeloupe,Latin America and the Caribbean,Americas,1989,9.0,17.0,1989,9.0,17.0,5.0,84.0,11084.0,50000.0,126521.0,HUGO,HUGO_1989_09
KNA,Saint Kitts and Nevis,Latin America and the Caribbean,Americas,1989,9.0,17.0,1989,9.0,17.0,1.0,,1300.0,46000.0,116400.0,HUGO,HUGO_1989_09
MSR,Montserrat,Latin America and the Caribbean,Americas,1989,9.0,17.0,1989,9.0,17.0,11.0,40.0,12040.0,240000.0,607303.0,HUGO,HUGO_1989_09
MTQ,Martinique,Latin America and the Caribbean,Americas,1989,9.0,17.0,1989,9.0,17.0,,,,,,HUGO,HUGO_1989_09
PRI,Puerto Rico,Latin America and the Caribbean,Americas,1989,9.0,17.0,1989,9.0,17.0,,,,,,HUGO,HUGO_1989_09
USA,United States of America,Northern America,Americas,1989,9.0,25.0,1989,9.0,25.0,51.0,,25000.0,7000000.0,17713007.0,HUGO,HUGO_1989_09
VIR,United States Virgin Islands,Latin America and the Caribbean,Americas,1989,9.0,18.0,1989,9.0,18.0,,,10000.0,21800.0,55163.0,HUGO,HUGO_1989_09
CHN,China,Eastern Asia,Asia,1989,9.0,19.0,1989,9.0,19.0,550.0,2696.0,7002696.0,485000.0,1227258.0,VERA,VERA_1989_09
PHL,Philippines,South-eastern Asia,Asia,1989,7.0,15.0,1989,7.0,15.0,97.0,382.0,486382.0,61000.0,154356.0,GORDON,GORDON_1989_07
MDG,Madagascar,Sub-Saharan Africa,Africa,1989,12.0,31.0,1989,12.0,31.0,46.0,,55346.0,,,ALIBERA,ALIBERA_1989_12
PHL,Philippines,South-eastern Asia,Asia,1989,10.0,9.0,1989,10.0,9.0,58.0,105.0,736605.0,59200.0,149801.0,DAN,DAN_1989_10
PHL,Philippines,South-eastern Asia,Asia,1989,10.0,14.0,1989,10.0,14.0,30.0,279.0,458679.0,35400.0,89577.0,ELSIE,ELSIE_1989_10
PHL,Philippines,South-eastern Asia,Asia,1989,10.0,2.0,1989,10.0,2.0,147.0,191.0,289191.0,8000.0,20243.0,ANGELA,ANGELA_1989_10
VNM,Viet Nam,South-eastern Asia,Asia,1989,10.0,,1989,10.0,,104.0,762.0,4635762.0,,,BRIAN ANGELA DAN,ANGELA_1989_10
PHL,Philippines,South-eastern Asia,Asia,1989,9.0,7.0,1989,9.0,7.0,22.0,21.0,140021.0,4300.0,10881.0,SARAH,SARAH_1989_09
THA,Thailand,South-eastern Asia,Asia,1989,11.0,3.0,1989,11.0,5.0,458.0,,199000.0,452000.0,1143754.0,GAY,GAY_1989_11
PHL,Philippines,South-eastern Asia,Asia,1989,11.0,22.0,1989,11.0,22.0,11.0,1.0,13050.0,325.0,822.0,HUNT,HUNT_1989_11
IND,India,Southern Asia,Asia,1989,5.0,26.0,1989,5.0,26.0,43.0,,3700000.0,,,,
JPN,Japan,Eastern Asia,Asia,1989,8.0,,1989,8.0,,15.0,,,,,,
VNM,Viet Nam,South-eastern Asia,Asia,1989,5.0,25.0,1989,5.0,25.0,751.0,106.0,336106.0,21000.0,53139.0,CECIL,CECIL_1989_05
PHL,Philippines,South-eastern Asia,Asia,1989,5.0,15.0,1989,5.0,15.0,13.0,3.0,12937.0,2860.0,7237.0,BREDA,
CHN,China,Eastern Asia,Asia,1989,10.0,5.0,1989,10.0,5.0,31.0,700.0,700.0,,,BRIAN,BRIAN_1989_10
IND,India,Southern Asia,Asia,1989,11.0,9.0,1989,11.0,9.0,50.0,,,,,,
BGD,Bangladesh,Southern Asia,Asia,1989,5.0,26.0,1989,5.0,26.0,15.0,2000.0,2000.0,,,,
CHN,China,Eastern Asia,Asia,1989,5.0,26.0,1989,5.0,26.0,84.0,48.0,1000048.0,,,BRENDA,BRENDA_1989_05
KOR,Republic of Korea,Eastern Asia,Asia,1989,7.0,24.0,1989,7.0,24.0,109.0,49.0,75194.0,176500.0,446621.0,JUDY,JUDY_1989_07
HKG,"China, Hong Kong Special Administrative Region",Eastern Asia,Asia,1989,5.0,16.0,1989,5.0,16.0,7.0,119.0,1287.0,,,BRENDA,BRENDA_1989_05
HKG,"China, Hong Kong Special Administrative Region",Eastern Asia,Asia,1989,7.0,11.0,1989,7.0,11.0,2.0,31.0,368.0,67.0,170.0,GORDON,GORDON_1989_07
TWN,Taiwan (Province of China),Eastern Asia,Asia,1989,9.0,11.0,1989,9.0,11.0,13.0,,,,,SARAH,SARAH_1989_09
AUS,Australia,Australia and New Zealand,Oceania,1989,3.0,31.0,1989,4.0,5.0,10.0,,,94300.0,238620.0,AIVU,AIVU_1989_03
AUS,Australia,Australia and New Zealand,Oceania,1989,4.0,17.0,1989,4.0,24.0,2.0,,,13611.0,34442.0,ORSON,ORSON_1989_04
PRI,Puerto Rico,Latin America and the Caribbean,Americas,1989,8.0,4.0,1989,8.0,4.0,,,2000.0,,,,
USA,United States of America,Northern America,Americas,1989,6.0,24.0,1989,7.0,1.0,11.0,,,500000.0,1265215.0,ALLISON,ALLISON_1989_06
CHN,China,Eastern Asia,Asia,1989,7.0,21.0,1989,7.0,21.0,200.0,,,,,HOPE,HOPE_1989_07
USA,United States of America,Northern America,Americas,1989,8.0,1.0,1989,8.0,2.0,,,,,,CHANTAL,CHANTAL_1989_08
JPN,Japan,Eastern Asia,Asia,1989,9.0,10.0,1989,9.0,10.0,,,,,,SARAH,SARAH_1989_09
USA,United States of America,Northern America,Americas,1989,10.0,15.0,1989,10.0,15.0,2.0,,,,,JERRY,JERRY_1989_10
ASM,American Samoa,Polynesia,Oceania,1989,1.0,10.0,1989,1.0,10.0,,,,5000.0,12652.0,GINA,GINA_1989_01
WSM,Samoa,Polynesia,Oceania,1990,2.0,1.0,1990,2.0,4.0,8.0,,195000.0,200000.0,480167.0,OFA,
TKL,Tokelau,Polynesia,Oceania,1990,2.0,,1990,2.0,,,,102.0,2400.0,5762.0,OFA,
NIU,Niue,Polynesia,Oceania,1990,2.0,4.0,1990,2.0,4.0,,,200.0,,,OFA,
TON,Tonga,Polynesia,Oceania,1990,2.0,4.0,1990,2.0,4.0,1.0,3.0,3103.0,2500.0,6002.0,OFA,
TUV,Tuvalu,Polynesia,Oceania,1990,2.0,4.0,1990,2.0,4.0,,,700.0,,,OFA,
COK,Cook Islands,Polynesia,Oceania,1990,2.0,14.0,1990,2.0,14.0,1.0,,,,,PENI,PENI_1990_02
IND,India,Southern Asia,Asia,1990,5.0,9.0,1990,5.0,9.0,957.0,,2600000.0,580000.0,1392484.0,02B,
PHL,Philippines,South-eastern Asia,Asia,1990,6.0,22.0,1990,6.0,22.0,64.0,14.0,160014.0,,,OFELIA PERCY,OFELIA_1990_06
CHN,China,Eastern Asia,Asia,1990,6.0,24.0,1990,6.0,24.0,56.0,148.0,10148.0,16000.0,38413.0,N 5,
CHN,China,Eastern Asia,Asia,1990,6.0,29.0,1990,6.0,29.0,16.0,288.0,5590288.0,28000.0,67223.0,N 6,
HTI,Haiti,Latin America and the Caribbean,Americas,1990,7.0,27.0,1990,7.0,27.0,,,,,,ARTHUR,ARTHUR_1990_07
BHS,Bahamas,Latin America and the Caribbean,Americas,1990,7.0,27.0,1990,7.0,27.0,,,,,,ARTHUR,ARTHUR_1990_07
TCA,Turks and Caicos Islands,Latin America and the Caribbean,Americas,1990,7.0,27.0,1990,7.0,27.0,,,,,,ARTHUR,ARTHUR_1990_07
TTO,Trinidad and Tobago,Latin America and the Caribbean,Americas,1990,7.0,25.0,1990,7.0,25.0,,,1000.0,,,ARTHUR,ARTHUR_1990_07
GRD,Grenada,Latin America and the Caribbean,Americas,1990,7.0,25.0,1990,7.0,26.0,,,1000.0,,,ARTHUR,ARTHUR_1990_07
GLP,Guadeloupe,Latin America and the Caribbean,Americas,1990,8.0,27.0,1990,8.0,27.0,,,,,,GUSTAV,GUSTAV_1990_08
ATG,Antigua and Barbuda,Latin America and the Caribbean,Americas,1990,8.0,27.0,1990,8.0,27.0,,,,,,GUSTAV,GUSTAV_1990_08
MSR,Montserrat,Latin America and the Caribbean,Americas,1990,8.0,27.0,1990,8.0,27.0,,,,,,GUSTAV,GUSTAV_1990_08
KNA,Saint Kitts and Nevis,Latin America and the Caribbean,Americas,1990,8.0,27.0,1990,8.0,27.0,,,,,,GUSTAV,GUSTAV_1990_08
VNM,Viet Nam,South-eastern Asia,Asia,1990,8.0,,1990,8.0,,19.0,108.0,500108.0,,,BECKY,BECKY_1990_08
MTQ,Martinique,Latin America and the Caribbean,Americas,1990,10.0,4.0,1990,10.0,4.0,8.0,,1500.0,,,KLAUS,KLAUS_1990_10
CHN,China,Eastern Asia,Asia,1990,8.0,20.0,1990,8.0,20.0,144.0,,,157000.0,376931.0,YANCY,YANCY_1990_08
FJI,Fiji,Melanesia,Oceania,1990,11.0,28.0,1990,11.0,28.0,,,6000.0,10000.0,24008.0,SINA,SINA_1990_11
PHL,Philippines,South-eastern Asia,Asia,1990,11.0,12.0,1990,11.0,16.0,503.0,1274.0,6159569.0,388500.0,932724.0,MIKE,MIKE_1990_11
CHN,China,Eastern Asia,Asia,1990,7.0,31.0,1990,7.0,31.0,108.0,,100800.0,83000.0,199269.0,TASHA,TASHA_1990_07
MEX,Mexico,Latin America and the Caribbean,Americas,1990,8.0,8.0,1990,8.0,8.0,38.0,,,90700.0,217756.0,DIANA,DIANA_1990_08
PHL,Philippines,South-eastern Asia,Asia,1990,8.0,28.0,1990,8.0,28.0,85.0,,,,,BECKY,BECKY_1990_08
PHL,Philippines,South-eastern Asia,Asia,1990,8.0,30.0,1990,8.0,30.0,85.0,,,,,ABE,ABE_1990_08
CHN,China,Eastern Asia,Asia,1990,8.0,30.0,1990,8.0,30.0,115.0,,,688000.0,1651774.0,ABE,ABE_1990_08
CHN,China,Eastern Asia,Asia,1990,9.0,8.0,1990,9.0,8.0,26.0,,,154000.0,369728.0,DOT,DOT_1990_09
JPN,Japan,Eastern Asia,Asia,1990,9.0,17.0,1990,9.0,20.0,40.0,,60000.0,4000000.0,9603335.0,FLO,FLO_1990_09
THA,Thailand,South-eastern Asia,Asia,1990,10.0,8.0,1990,10.0,26.0,36.0,,,50000.0,120042.0,IRA,IRA_1990_10
VNM,Viet Nam,South-eastern Asia,Asia,1990,11.0,15.0,1990,11.0,15.0,68.0,,,,,,
AUS,Australia,Australia and New Zealand,Oceania,1990,12.0,25.0,1990,12.0,25.0,,,,155600.0,373570.0,JOY,JOY_1990_12
BGD,Bangladesh,Southern Asia,Asia,1990,10.0,8.0,1990,10.0,8.0,370.0,,13870.0,,,OFA,
IND,India,Southern Asia,Asia,1990,11.0,,1990,11.0,,250.0,,1500000.0,112800.0,270814.0,,
TWN,Taiwan (Province of China),Eastern Asia,Asia,1990,6.0,23.0,1990,6.0,23.0,5.0,,20000.0,,,,
CHN,China,Eastern Asia,Asia,1990,8.0,31.0,1990,8.0,31.0,68.0,,200000.0,743000.0,1783820.0,,
VNM,Viet Nam,South-eastern Asia,Asia,1990,10.0,23.0,1990,10.0,23.0,15.0,,2000.0,,,,
PHL,Philippines,South-eastern Asia,Asia,1990,9.0,8.0,1990,9.0,8.0,,,,,,DOT,DOT_1990_09
TWN,Taiwan (Province of China),Eastern Asia,Asia,1990,9.0,8.0,1990,9.0,8.0,,,,,,DOT,DOT_1990_09
BGD,Bangladesh,Southern Asia,Asia,1991,4.0,29.0,1991,5.0,10.0,138866.0,138849.0,15438849.0,1780000.0,4099856.0,GORKY,
MUS,Mauritius,Sub-Saharan Africa,Africa,1991,1.0,25.0,1991,1.0,25.0,,,7500.0,,,BELLA,
CHN,China,Eastern Asia,Asia,1991,7.0,20.0,1991,7.0,25.0,100.0,5239.0,1013939.0,465330.0,1071790.0,AMY,AMY_1991_07
PHL,Philippines,South-eastern Asia,Asia,1991,7.0,22.0,1991,7.0,22.0,2.0,,10000.0,,,BRENDAN,BRENDAN_1991_07
VNM,Viet Nam,South-eastern Asia,Asia,1991,8.0,17.0,1991,8.0,17.0,17.0,16.0,455921.0,9500.0,21881.0,FRED,FRED_1991_08
USA,United States of America,Northern America,Americas,1991,8.0,18.0,1991,8.0,20.0,18.0,,1200.0,1500000.0,3454935.0,BOB,BOB_1991_08
HKG,"China, Hong Kong Special Administrative Region",Eastern Asia,Asia,1991,8.0,15.0,1991,8.0,15.0,22.0,182.0,182.0,10000.0,23033.0,FRED,FRED_1991_08
TWN,Taiwan (Province of China),Eastern Asia,Asia,1991,8.0,15.0,1991,8.0,15.0,33.0,4.0,4.0,,,FRED,FRED_1991_08
CHN,China,Eastern Asia,Asia,1991,8.0,13.0,1991,8.0,13.0,14.0,24.0,33424.0,110000.0,253362.0,FRED,FRED_1991_08
MDG,Madagascar,Sub-Saharan Africa,Africa,1991,2.0,16.0,1991,2.0,16.0,36.0,,250000.0,,,CYNTHIA,CYNTHIA_1991_02
WSM,Samoa,Polynesia,Oceania,1991,12.0,7.0,1991,12.0,7.0,13.0,,88000.0,278000.0,640315.0,VAL WASA,VAL_1991_12
IND,India,Southern Asia,Asia,1991,11.0,12.0,1991,11.0,19.0,125.0,,25000.0,,,4B,
PHL,Philippines,South-eastern Asia,Asia,1991,10.0,27.0,1991,10.0,27.0,65.0,38.0,316038.0,90000.0,207296.0,RUTH,RUTH_1991_10
PHL,Philippines,South-eastern Asia,Asia,1991,11.0,5.0,1991,11.0,8.0,5956.0,3050.0,647254.0,100000.0,230329.0,THELMA,THELMA_1991_11
JPN,Japan,Eastern Asia,Asia,1991,8.0,20.0,1991,8.0,20.0,11.0,,,5000.0,11516.0,GLADYS,GLADYS_1991_08
KOR,Republic of Korea,Eastern Asia,Asia,1991,8.0,23.0,1991,8.0,23.0,72.0,,20750.0,310000.0,714020.0,GLADYS,GLADYS_1991_08
USA,United States of America,Northern America,Americas,1991,10.0,30.0,1991,10.0,30.0,2.0,,1500.0,,,BOB,BOB_1991_10
MHL,Marshall Islands,Micronesia,Oceania,1991,11.0,28.0,1991,11.0,28.0,,,6000.0,,,ZELDA,
PHL,Philippines,South-eastern Asia,Asia,1991,7.0,10.0,1991,7.0,10.0,47.0,21.0,505777.0,85000.0,195780.0,ZEKE,ZEKE_1991_07
CHN,China,Eastern Asia,Asia,1991,7.0,10.0,1991,7.0,10.0,33.0,111.0,7141.0,117560.0,270775.0,ZEKE,ZEKE_1991_07
PHL,Philippines,South-eastern Asia,Asia,1991,7.0,18.0,1991,7.0,18.0,4.0,,2500.0,,,AMY,AMY_1991_07
PHL,Philippines,South-eastern Asia,Asia,1991,7.0,26.0,1991,7.0,26.0,9.0,,90296.0,,,CAITLIN,CAITLIN_1991_07
JPN,Japan,Eastern Asia,Asia,1991,7.0,26.0,1991,7.0,26.0,,,,81500.0,187718.0,CAITLIN,CAITLIN_1991_07
JPN,Japan,Eastern Asia,Asia,1991,9.0,14.0,1991,9.0,14.0,6.0,,,,,KINNA,KINNA_1991_09
JPN,Japan,Eastern Asia,Asia,1991,9.0,19.0,1991,9.0,19.0,18.0,,,,,LUKE,LUKE_1991_09
JPN,Japan,Eastern Asia,Asia,1991,9.0,27.0,1991,9.0,27.0,66.0,777.0,91128.0,10000000.0,23032900.0,MIREILLE,MIREILLE_1991_09
USA,United States of America,Northern America,Americas,1991,10.0,29.0,1991,10.0,29.0,2.0,,,,,GRACE,GRACE_1991_10
THA,Thailand,South-eastern Asia,Asia,1991,8.0,17.0,1991,8.0,17.0,38.0,20.0,1894238.0,8323.0,19170.0,,
VNM,Viet Nam,South-eastern Asia,Asia,1991,7.0,13.0,1991,7.0,13.0,21.0,6.0,776.0,,,ZEKE,ZEKE_1991_07
VUT,Vanuatu,Melanesia,Oceania,1992,1.0,9.0,1992,1.0,9.0,2.0,10.0,10.0,,,BETSY,BETSY_1992_01
VUT,Vanuatu,Melanesia,Oceania,1992,3.0,9.0,1992,3.0,9.0,,,1150.0,,,FRAN,FRAN_1992_03
VNM,Viet Nam,South-eastern Asia,Asia,1992,6.0,29.0,1992,6.0,29.0,14.0,11.0,47186.0,400.0,894.0,CHUCK,CHUCK_1992_06
BHS,Bahamas,Latin America and the Caribbean,Americas,1992,8.0,23.0,1992,8.0,23.0,4.0,,1700.0,250000.0,558895.0,ANDREW,ANDREW_1992_08
USA,United States of America,Northern America,Americas,1992,8.0,24.0,1992,8.0,24.0,44.0,55.0,250055.0,26500000.0,59242827.0,ANDREW,ANDREW_1992_08
IND,India,Southern Asia,Asia,1992,4.0,22.0,1992,4.0,22.0,25.0,100.0,100.0,,,,
USA,United States of America,Northern America,Americas,1992,1.0,7.0,1992,1.0,7.0,,,20000.0,,,AXEL,AXEL_1992_01
VNM,Viet Nam,South-eastern Asia,Asia,1992,10.0,23.0,1992,10.0,23.0,17.0,12.0,32172.0,18000.0,40240.0,ANGELA,ANGELA_1992_10
FJI,Fiji,Melanesia,Oceania,1992,12.0,11.0,1992,12.0,11.0,1.0,,2000.0,1600.0,3577.0,JONI,JONI_1992_12
USA,United States of America,Northern America,Americas,1992,9.0,11.0,1992,9.0,12.0,6.0,,25000.0,5000000.0,11177892.0,INIKI,INIKI_1992_09
PHL,Philippines,South-eastern Asia,Asia,1992,7.0,11.0,1992,7.0,12.0,22.0,,5135.0,,,ELI,ELI_1992_07
PHL,Philippines,South-eastern Asia,Asia,1992,7.0,20.0,1992,7.0,20.0,42.0,77.0,134494.0,,,GARY,GARY_1992_07
CHN,China,Eastern Asia,Asia,1992,9.0,21.0,1992,9.0,21.0,53.0,,,425000.0,950121.0,TED,TED_1992_09
JPN,Japan,Eastern Asia,Asia,1992,9.0,3.0,1992,9.0,3.0,11.0,86.0,86.0,,,YANCY,YANCY_1992_09
MEX,Mexico,Latin America and the Caribbean,Americas,1992,8.0,23.0,1992,8.0,23.0,3.0,,10000.0,3000.0,6707.0,LESTER,LESTER_1992_08
GUM,Guam,Micronesia,Oceania,1992,8.0,28.0,1992,8.0,28.0,1.0,542.0,5542.0,300000.0,670674.0,OMAR,OMAR_1992_08
CHN,China,Eastern Asia,Asia,1992,8.0,29.0,1992,9.0,2.0,168.0,,5000000.0,412400.0,921953.0,POLLY,POLLY_1992_08
TWN,Taiwan (Province of China),Eastern Asia,Asia,1992,8.0,29.0,1992,8.0,30.0,8.0,,,35000.0,78245.0,POLLY,POLLY_1992_08
HKG,"China, Hong Kong Special Administrative Region",Eastern Asia,Asia,1992,7.0,20.0,1992,7.0,20.0,,18.0,61.0,219700.0,491157.0,GARI,
LAO,Lao People's Democratic Republic,South-eastern Asia,Asia,1992,7.0,10.0,1992,7.0,10.0,22.0,102.0,268877.0,3650.0,8160.0,ZEKE FRED,ZEKE_1992_07
UKR,Ukraine,Eastern Europe,Europe,1992,11.0,19.0,1992,11.0,19.0,,,1000.0,1600.0,3577.0,,
KOR,Republic of Korea,Eastern Asia,Asia,1992,9.0,22.0,1992,9.0,22.0,,,433.0,,,TED,TED_1992_09
PHL,Philippines,South-eastern Asia,Asia,1992,8.0,31.0,1992,8.0,31.0,11.0,1.0,173569.0,,,OMAR,OMAR_1992_08
THA,Thailand,South-eastern Asia,Asia,1992,10.0,16.0,1992,10.0,16.0,3.0,,106109.0,,,ANGELA,ANGELA_1992_10
THA,Thailand,South-eastern Asia,Asia,1992,10.0,17.0,1992,10.0,17.0,,,160550.0,,,COLLEEN,COLLEEN_1992_10
FJI,Fiji,Melanesia,Oceania,1993,1.0,2.0,1993,1.0,2.0,21.0,3.0,160003.0,100000.0,217148.0,KINA,KINA_1993_01
TUV,Tuvalu,Polynesia,Oceania,1993,1.0,3.0,1993,1.0,3.0,,,150.0,,,NINA,NINA_1993_01
SLB,Solomon Islands,Melanesia,Oceania,1993,1.0,4.0,1993,1.0,4.0,4.0,,88500.0,,,NINA,NINA_1993_01
PNG,Papua New Guinea,Melanesia,Oceania,1993,5.0,14.0,1993,5.0,14.0,15.0,40.0,40040.0,1500.0,3257.0,ADEL,ADEL_1993_05
VUT,Vanuatu,Melanesia,Oceania,1993,3.0,30.0,1993,3.0,30.0,4.0,5.0,12005.0,6000.0,13029.0,PREMA,PREMA_1993_03
BGD,Bangladesh,Southern Asia,Asia,1993,5.0,13.0,1993,5.0,13.0,14.0,,7500.0,,,,
NIC,Nicaragua,Latin America and the Caribbean,Americas,1993,8.0,10.0,1993,8.0,10.0,37.0,,123000.0,,,BRET,BRET_1993_08
PHL,Philippines,South-eastern Asia,Asia,1993,6.0,26.0,1993,6.0,26.0,2.0,,43735.0,442.0,960.0,KORYN,KORYN_1993_06
VEN,Venezuela (Bolivarian Republic of),Latin America and the Caribbean,Americas,1993,8.0,6.0,1993,8.0,8.0,100.0,400.0,5900.0,4500.0,9772.0,BRET,BRET_1993_08
MEX,Mexico,Latin America and the Caribbean,Americas,1993,7.0,1.0,1993,7.0,1.0,30.0,,34000.0,,,CALVIN,CALVIN_1993_07
PHL,Philippines,South-eastern Asia,Asia,1993,10.0,4.0,1993,10.0,4.0,124.0,35.0,1941566.0,188000.0,408239.0,FLO,FLO_1993_10
JPN,Japan,Eastern Asia,Asia,1993,9.0,5.0,1993,9.0,5.0,48.0,208.0,30463.0,1300000.0,2822929.0,YANCY,YANCY_1993_09
IND,India,Southern Asia,Asia,1993,12.0,4.0,1993,12.0,4.0,61.0,,72000.0,100000.0,217148.0,,
PHL,Philippines,South-eastern Asia,Asia,1993,12.0,6.0,1993,12.0,6.0,311.0,524.0,1159802.0,50000.0,108574.0,LOLA AND MANNY,MANNY_1993_12
PHL,Philippines,South-eastern Asia,Asia,1993,11.0,20.0,1993,11.0,23.0,1.0,,,2000.0,4343.0,KYLE,KYLE_1993_11
VNM,Viet Nam,South-eastern Asia,Asia,1993,11.0,23.0,1993,11.0,23.0,130.0,16.0,11506.0,15000.0,32572.0,KYLE,KYLE_1993_11
NOR,Norway,Northern Europe,Europe,1993,1.0,3.0,1993,1.0,3.0,,,,3000.0,6514.0,,
REU,Réunion,Sub-Saharan Africa,Africa,1993,1.0,18.0,1993,1.0,18.0,14.0,,,,,COLINA,
IND,India,Southern Asia,Asia,1993,4.0,9.0,1993,4.0,9.0,125.0,500.0,500.0,,,,
MEX,Mexico,Latin America and the Caribbean,Americas,1993,6.0,22.0,1993,6.0,22.0,7.0,,10000.0,1670000.0,3626378.0,ARLENE BEATRIZ,BEATRIZ_1993_06
HKG,"China, Hong Kong Special Administrative Region",Eastern Asia,Asia,1993,6.0,27.0,1993,6.0,27.0,4.0,183.0,204.0,120.0,261.0,KORYN,KORYN_1993_06
MTQ,Martinique,Latin America and the Caribbean,Americas,1993,8.0,15.0,1993,8.0,15.0,2.0,10.0,3010.0,,,CINDY,CINDY_1993_08
MEX,Mexico,Latin America and the Caribbean,Americas,1993,8.0,23.0,1993,8.0,23.0,,,3000.0,,,IRWIN,IRWIN_1993_08
CHN,China,Eastern Asia,Asia,1993,8.0,21.0,1993,8.0,21.0,28.0,213.0,2000213.0,433920.0,942250.0,TASHA,TASHA_1993_08
USA,United States of America,Northern America,Americas,1993,8.0,28.0,1993,8.0,28.0,1.0,,,,,EMILY,EMILY_1993_08
MEX,Mexico,Latin America and the Caribbean,Americas,1993,9.0,10.0,1993,9.0,10.0,1.0,,30000.0,,,LIDIA,LIDIA_1993_09
PHL,Philippines,South-eastern Asia,Asia,1993,12.0,26.0,1993,12.0,26.0,52.0,7.0,366224.0,17000.0,36915.0,NELL,NELL_1993_12
VNM,Viet Nam,South-eastern Asia,Asia,1993,12.0,8.0,1993,12.0,8.0,73.0,20.0,25235.0,50000.0,108574.0,LOLA,LOLA_1993_12
BGD,Bangladesh,Southern Asia,Asia,1993,1.0,9.0,1993,1.0,9.0,50.0,500.0,2500.0,,,,
CHN,China,Eastern Asia,Asia,1993,3.0,,1993,3.0,,19.0,130.0,130.0,,,,
PAK,Pakistan,Southern Asia,Asia,1993,11.0,14.0,1993,11.0,14.0,609.0,,,,,,
USA,United States of America,Northern America,Americas,1993,4.0,28.0,1993,4.0,29.0,,,,,,,
USA,United States of America,Northern America,Americas,1993,5.0,5.0,1993,5.0,5.0,3.0,60.0,60.0,,,WYLIE,
CHN,China,Eastern Asia,Asia,1993,6.0,22.0,1993,6.0,22.0,10.0,,3000000.0,219670.0,477010.0,KORYN,KORYN_1993_06
CHN,China,Eastern Asia,Asia,1993,9.0,10.0,1993,9.0,10.0,10.0,428.0,24428.0,12610.0,27382.0,ABE,ABE_1993_09
CHN,China,Eastern Asia,Asia,1993,9.0,15.0,1993,9.0,15.0,7.0,,3000000.0,263670.0,572555.0,BECKY,BECKY_1993_09
CHN,China,Eastern Asia,Asia,1993,9.0,24.0,1993,9.0,24.0,1.0,,250000.0,286370.0,621848.0,DOT,DOT_1993_09
CHN,China,Eastern Asia,Asia,1993,10.0,28.0,1993,10.0,28.0,,,200000.0,15890.0,34505.0,IRA,IRA_1993_10
HKG,"China, Hong Kong Special Administrative Region",Eastern Asia,Asia,1993,8.0,20.0,1993,8.0,20.0,,35.0,535.0,,,TASHA,TASHA_1993_08
HKG,"China, Hong Kong Special Administrative Region",Eastern Asia,Asia,1993,9.0,23.0,1993,9.0,23.0,1.0,48.0,258.0,6000.0,13029.0,DOT,DOT_1993_09
HKG,"China, Hong Kong Special Administrative Region",Eastern Asia,Asia,1993,10.0,28.0,1993,10.0,28.0,2.0,30.0,189.0,800.0,1737.0,IRA,IRA_1993_10
JPN,Japan,Eastern Asia,Asia,1993,8.0,8.0,1993,8.0,10.0,47.0,,,450000.0,977168.0,ROBYN,ROBYN_1993_08
PRK,Democratic People's Republic of Korea,Eastern Asia,Asia,1993,8.0,8.0,1993,8.0,10.0,6.0,,2500.0,110000.0,238863.0,ROBYN,ROBYN_1993_08
MAC,"China, Macao Special Administrative Region",Eastern Asia,Asia,1993,6.0,27.0,1993,6.0,27.0,,3.0,1639.0,,,KORYN,KORYN_1993_06
MAC,"China, Macao Special Administrative Region",Eastern Asia,Asia,1993,8.0,20.0,1993,8.0,20.0,,1.0,330.0,,,TASHA,TASHA_1993_08
MAC,"China, Macao Special Administrative Region",Eastern Asia,Asia,1993,9.0,26.0,1993,9.0,26.0,,,388.0,,,DOT,DOT_1993_09
GNB,Guinea-Bissau,Sub-Saharan Africa,Africa,1993,9.0,10.0,1993,9.0,10.0,,,1722.0,,,,
MUS,Mauritius,Sub-Saharan Africa,Africa,1994,2.0,9.0,1994,2.0,11.0,2.0,,2300.0,135400.0,286547.0,HOLLANDA IVY,IVY_1994_02
MDG,Madagascar,Sub-Saharan Africa,Africa,1994,1.0,13.0,1994,1.0,13.0,200.0,43.0,540043.0,10000.0,21163.0,DAISY GERALDA,GERALDA_1994_01
PHL,Philippines,South-eastern Asia,Asia,1994,4.0,9.0,1994,4.0,9.0,15.0,33.0,105746.0,,,OWEN,OWEN_1994_04
MOZ,Mozambique,Sub-Saharan Africa,Africa,1994,3.0,26.0,1994,3.0,26.0,240.0,2000.0,2502000.0,,,NADYA,
MDG,Madagascar,Sub-Saharan Africa,Africa,1994,3.0,23.0,1994,3.0,23.0,12.0,8.0,8.0,200.0,423.0,NADYA,
MDG,Madagascar,Sub-Saharan Africa,Africa,1994,3.0,16.0,1994,3.0,16.0,,,,,,LITANNE,LITANNE_1994_03
BGD,Bangladesh,Southern Asia,Asia,1994,5.0,2.0,1994,5.0,2.0,130.0,3559.0,653559.0,125000.0,264538.0,,
CHN,China,Eastern Asia,Asia,1994,8.0,6.0,1994,8.0,6.0,90.0,684.0,8488684.0,700000.0,1481412.0,9403,
PHL,Philippines,South-eastern Asia,Asia,1994,7.0,19.0,1994,7.0,19.0,11.0,7.0,420728.0,37600.0,79573.0,YUNYA,YUNYA_1994_07
PHL,Philippines,South-eastern Asia,Asia,1994,7.0,10.0,1994,7.0,16.0,17.0,21.0,166585.0,1000.0,2116.0,TIM,TIM_1994_07
PHL,Philippines,South-eastern Asia,Asia,1994,6.0,23.0,1994,6.0,23.0,2.0,,23952.0,,,SHARON,SHARON_1994_06
PHL,Philippines,South-eastern Asia,Asia,1994,8.0,2.0,1994,8.0,2.0,11.0,,14000.0,,,CAITLIN,CAITLIN_1994_08
BGD,Bangladesh,Southern Asia,Asia,1994,3.0,28.0,1994,3.0,28.0,40.0,150.0,150.0,2500.0,5291.0,,
TZA,United Republic of Tanzania,Sub-Saharan Africa,Africa,1994,4.0,23.0,1994,4.0,23.0,4.0,,2500.0,,,,
THA,Thailand,South-eastern Asia,Asia,1994,5.0,8.0,1994,5.0,8.0,,,5000.0,,,,
CHN,China,Eastern Asia,Asia,1994,6.0,8.0,1994,6.0,9.0,74.0,684.0,440684.0,700.0,1481.0,RUSS,RUSS_1994_06
USA,United States of America,Northern America,Americas,1994,7.0,,1994,7.0,,32.0,22.0,20022.0,250000.0,529076.0,ALBERTO,ALBERTO_1994_07
CHN,China,Eastern Asia,Asia,1994,7.0,10.0,1994,7.0,13.0,47.0,,4230000.0,96300.0,203800.0,TIM,TIM_1994_07
RUS,Russian Federation,Eastern Europe,Europe,1994,7.0,10.0,1994,7.0,11.0,,,,60000.0,126978.0,TIM,TIM_1994_07
KOR,Republic of Korea,Eastern Asia,Asia,1994,8.0,1.0,1994,8.0,2.0,28.0,2.0,88.0,11.0,23.0,BRENDAN,BRENDAN_1994_08
TWN,Taiwan (Province of China),Eastern Asia,Asia,1994,8.0,7.0,1994,8.0,16.0,16.0,41.0,498.0,232000.0,490982.0,DOUG,DOUG_1994_08
CHN,China,Eastern Asia,Asia,1994,8.0,21.0,1994,8.0,24.0,1174.0,1800.0,11001800.0,1150000.0,2433748.0,FRED,FRED_1994_08
JPN,Japan,Eastern Asia,Asia,1994,8.0,21.0,1994,8.0,24.0,,,,6000.0,12698.0,FRED,FRED_1994_08
TWN,Taiwan (Province of China),Eastern Asia,Asia,1994,8.0,21.0,1994,8.0,24.0,3.0,,,1000.0,2116.0,FRED,FRED_1994_08
PHL,Philippines,South-eastern Asia,Asia,1994,9.0,10.0,1994,9.0,10.0,7.0,,54674.0,3900.0,8254.0,LUKE,LUKE_1994_09
LCA,Saint Lucia,Latin America and the Caribbean,Americas,1994,9.0,10.0,1994,9.0,10.0,4.0,,750.0,,,DEBBY,DEBBY_1994_09
AUS,Australia,Australia and New Zealand,Oceania,1994,1.0,19.0,1994,1.0,19.0,22.0,,,,,HURRICANE,
PHL,Philippines,South-eastern Asia,Asia,1994,7.0,15.0,1994,7.0,15.0,39.0,,,1700.0,3598.0,OYANG,
TWN,Taiwan (Province of China),Eastern Asia,Asia,1994,9.0,1.0,1994,9.0,1.0,6.0,50.0,50.0,24000.0,50791.0,GLADYS,GLADYS_1994_09
BTN,Bhutan,Southern Asia,Asia,1994,5.0,,1994,5.0,,17.0,,65000.0,,,,
IND,India,Southern Asia,Asia,1994,10.0,31.0,1994,11.0,4.0,208.0,,428500.0,19100.0,40421.0,,
CUB,Cuba,Latin America and the Caribbean,Americas,1994,11.0,13.0,1994,11.0,18.0,2.0,,110558.0,101968.0,215795.0,GORDON,GORDON_1994_11
HTI,Haiti,Latin America and the Caribbean,Americas,1994,11.0,5.0,1994,11.0,15.0,1122.0,,1587000.0,50000.0,105815.0,GORDON,GORDON_1994_11
USA,United States of America,Northern America,Americas,1994,11.0,13.0,1994,11.0,18.0,6.0,,,500000.0,1058151.0,GORDON,GORDON_1994_11
PHL,Philippines,South-eastern Asia,Asia,1994,10.0,18.0,1994,10.0,22.0,32.0,15.0,258751.0,67400.0,142639.0,TERESA,TERESA_1994_10
PHL,Philippines,South-eastern Asia,Asia,1994,12.0,19.0,1994,12.0,23.0,49.0,86.0,867923.0,26813.0,56744.0,AXEL,AXEL_1994_12
MMR,Myanmar,South-eastern Asia,Asia,1994,5.0,2.0,1994,5.0,2.0,17.0,,64970.0,10000.0,21163.0,,
SOM,Somalia,Sub-Saharan Africa,Africa,1994,11.0,,1994,11.0,,30.0,,,,,,
TWN,Taiwan (Province of China),Eastern Asia,Asia,1994,7.0,10.0,1994,7.0,11.0,10.0,40.0,40.0,100000.0,211630.0,TIM,TIM_1994_07
VNM,Viet Nam,South-eastern Asia,Asia,1994,9.0,17.0,1994,9.0,17.0,30.0,,11000.0,45000.0,95234.0,LUKE,LUKE_1994_09
PHL,Philippines,South-eastern Asia,Asia,1994,7.0,7.0,1994,7.0,7.0,3.0,,5300.0,,,VANESSA,VANESSA_1994_07
THA,Thailand,South-eastern Asia,Asia,1994,8.0,30.0,1994,9.0,7.0,10.0,,,12000.0,25396.0,HARRY,HARRY_1994_08
TWN,Taiwan (Province of China),Eastern Asia,Asia,1994,8.0,1.0,1994,8.0,4.0,10.0,,,100000.0,211630.0,CAITLIN,CAITLIN_1994_08
THA,Thailand,South-eastern Asia,Asia,1994,7.0,28.0,1994,8.0,4.0,9.0,,10000.0,8000.0,16930.0,AMY,AMY_1994_07
JPN,Japan,Eastern Asia,Asia,1994,9.0,29.0,1994,9.0,30.0,3.0,7.0,7.0,,,ORCHID,ORCHID_1994_09
CUB,Cuba,Latin America and the Caribbean,Americas,1995,6.0,3.0,1995,6.0,3.0,2.0,3.0,163.0,,,ALLISON,ALLISON_1995_06
HND,Honduras,Latin America and the Caribbean,Americas,1995,6.0,3.0,1995,6.0,3.0,18.0,22.0,22.0,,,ALLISON,ALLISON_1995_06
MEX,Mexico,Latin America and the Caribbean,Americas,1995,8.0,8.0,1995,8.0,8.0,17.0,,3000.0,,,FELIX,FELIX_1995_08
THA,Thailand,South-eastern Asia,Asia,1995,8.0,9.0,1995,8.0,9.0,27.0,,,,,,
KOR,Republic of Korea,Eastern Asia,Asia,1995,8.0,24.0,1995,8.0,27.0,45.0,160.0,3710.0,425000.0,874884.0,JANIS,JANIS_1995_08
PHL,Philippines,South-eastern Asia,Asia,1995,8.0,28.0,1995,8.0,28.0,6.0,,195886.0,,,KENT,KENT_1995_08
CHN,China,Eastern Asia,Asia,1995,8.0,30.0,1995,8.0,30.0,445.0,,25000.0,87000.0,179094.0,KENT,KENT_1995_08
MEX,Mexico,Latin America and the Caribbean,Americas,1995,9.0,5.0,1995,9.0,5.0,,,800.0,,,HENRIETTE,HENRIETTE_1995_09
ATG,Antigua and Barbuda,Latin America and the Caribbean,Americas,1995,9.0,5.0,1995,9.0,7.0,2.0,165.0,3702.0,350000.0,720493.0,LUIS,LUIS_1995_09
CAN,Canada,Northern America,Americas,1995,9.0,11.0,1995,9.0,11.0,2.0,,,100000.0,205855.0,LUIS,LUIS_1995_09
GLP,Guadeloupe,Latin America and the Caribbean,Americas,1995,9.0,3.0,1995,9.0,7.0,,,,50000.0,102928.0,LUIS,LUIS_1995_09
MSR,Montserrat,Latin America and the Caribbean,Americas,1995,9.0,3.0,1995,9.0,7.0,,,,20000.0,41171.0,LUIS,LUIS_1995_09
VIR,United States Virgin Islands,Latin America and the Caribbean,Americas,1995,9.0,3.0,1995,9.0,7.0,,,,800000.0,1646841.0,LUIS,LUIS_1995_09
ANT,Netherlands Antilles,Latin America and the Caribbean,Americas,1995,9.0,5.0,1995,9.0,5.0,2.0,,40000.0,1000000.0,2058551.0,LUIS,LUIS_1995_09
PRI,Puerto Rico,Latin America and the Caribbean,Americas,1995,9.0,3.0,1995,9.0,7.0,,,98000.0,200000.0,411710.0,LUIS,LUIS_1995_09
MEX,Mexico,Latin America and the Caribbean,Americas,1995,9.0,14.0,1995,9.0,15.0,105.0,,40000.0,800000.0,1646841.0,ISMAEL,ISMAEL_1995_09
DMA,Dominica,Latin America and the Caribbean,Americas,1995,9.0,14.0,1995,9.0,19.0,,,,175000.0,360247.0,MARILYN,MARILYN_1995_09
MTQ,Martinique,Latin America and the Caribbean,Americas,1995,9.0,14.0,1995,9.0,19.0,,,,160000.0,329368.0,MARILYN,MARILYN_1995_09
PRI,Puerto Rico,Latin America and the Caribbean,Americas,1995,9.0,13.0,1995,9.0,19.0,1.0,,,100000.0,205855.0,MARILYN,MARILYN_1995_09
USA,United States of America,Northern America,Americas,1995,9.0,14.0,1995,9.0,19.0,8.0,,,2100000.0,4322958.0,MARILYN,MARILYN_1995_09
VIR,United States Virgin Islands,Latin America and the Caribbean,Americas,1995,9.0,15.0,1995,9.0,16.0,7.0,,10000.0,136000.0,279963.0,MARILYN,MARILYN_1995_09
DMA,Dominica,Latin America and the Caribbean,Americas,1995,9.0,3.0,1995,9.0,7.0,2.0,1.0,5001.0,20000.0,41171.0,LUIS,LUIS_1995_09
KNA,Saint Kitts and Nevis,Latin America and the Caribbean,Americas,1995,9.0,5.0,1995,9.0,5.0,,,1800.0,197000.0,405535.0,LUIS,LUIS_1995_09
BRB,Barbados,Latin America and the Caribbean,Americas,1995,9.0,18.0,1995,9.0,18.0,,,,,,MARYLIN,
CUB,Cuba,Latin America and the Caribbean,Americas,1995,10.0,4.0,1995,10.0,5.0,,,,2000.0,4117.0,OPAL,OPAL_1995_10
MEX,Mexico,Latin America and the Caribbean,Americas,1995,9.0,30.0,1995,10.0,2.0,19.0,,3000.0,124700.0,256701.0,OPAL,OPAL_1995_09
USA,United States of America,Northern America,Americas,1995,10.0,4.0,1995,10.0,8.0,19.0,,78000.0,3000000.0,6175654.0,OPAL,OPAL_1995_10
PHL,Philippines,South-eastern Asia,Asia,1995,10.0,9.0,1995,10.0,26.0,184.0,14.0,864437.0,38100.0,78431.0,SYBIL,
NIC,Nicaragua,Latin America and the Caribbean,Americas,1995,10.0,9.0,1995,10.0,9.0,38.0,,15085.0,,,,
MEX,Mexico,Latin America and the Caribbean,Americas,1995,10.0,10.0,1995,10.0,12.0,29.0,,20000.0,1500000.0,3087827.0,ROXANE,
CRI,Costa Rica,Latin America and the Caribbean,Americas,1995,10.0,6.0,1995,11.0,9.0,,,8062.0,6300.0,12969.0,,
PHL,Philippines,South-eastern Asia,Asia,1995,11.0,3.0,1995,11.0,3.0,882.0,2369.0,1599588.0,244000.0,502287.0,ANGELA,ANGELA_1995_11
PHL,Philippines,South-eastern Asia,Asia,1995,10.0,28.0,1995,11.0,1.0,146.0,55.0,348053.0,30000.0,61757.0,ZACK,ZACK_1995_10
VNM,Viet Nam,South-eastern Asia,Asia,1995,11.0,1.0,1995,11.0,1.0,16.0,51.0,23051.0,21200.0,43641.0,ZACK,ZACK_1995_11
IND,India,Southern Asia,Asia,1995,11.0,10.0,1995,11.0,10.0,128.0,,,46300.0,95311.0,,
BGD,Bangladesh,Southern Asia,Asia,1995,11.0,25.0,1995,11.0,25.0,172.0,,250000.0,,,,
KOR,Republic of Korea,Eastern Asia,Asia,1995,7.0,23.0,1995,7.0,23.0,28.0,,1450.0,140000.0,288197.0,FAYE,FAYE_1995_07
BHS,Bahamas,Latin America and the Caribbean,Americas,1995,7.0,31.0,1995,8.0,6.0,,,,400.0,823.0,ERIN,ERIN_1995_07
USA,United States of America,Northern America,Americas,1995,7.0,31.0,1995,8.0,6.0,11.0,,6000.0,700000.0,1440986.0,ERIN,ERIN_1995_07
AUS,Australia,Australia and New Zealand,Oceania,1995,2.0,,1995,2.0,,7.0,15.0,7045.0,98000.0,201738.0,BOBBY,BOBBY_1995_02
IND,India,Southern Asia,Asia,1995,10.0,20.0,1995,10.0,23.0,94.0,,12000.0,2000.0,4117.0,,
LAO,Lao People's Democratic Republic,South-eastern Asia,Asia,1995,8.0,1.0,1995,8.0,1.0,26.0,,1000000.0,,,,
JPN,Japan,Eastern Asia,Asia,1995,9.0,15.0,1995,9.0,18.0,3.0,,500.0,9600.0,19762.0,OSCAR,OSCAR_1995_09
PHL,Philippines,South-eastern Asia,Asia,1995,7.0,29.0,1995,7.0,31.0,,,20000.0,5000.0,10293.0,KARING,
MOZ,Mozambique,Sub-Saharan Africa,Africa,1996,2.0,13.0,1996,2.0,29.0,11.0,,200000.0,14500.0,28999.0,BONITA,BONITA_1996_02
MDG,Madagascar,Sub-Saharan Africa,Africa,1996,1.0,10.0,1996,1.0,11.0,9.0,,100000.0,,,BONITA,BONITA_1996_01
BGD,Bangladesh,Southern Asia,Asia,1996,5.0,12.0,1996,5.0,14.0,525.0,35691.0,118291.0,,,,
CRI,Costa Rica,Latin America and the Caribbean,Americas,1996,7.0,29.0,1996,7.0,29.0,51.0,,500000.0,200000.0,399986.0,CESAR AND DOUGLAS,DOUGLAS_1996_07
NIC,Nicaragua,Latin America and the Caribbean,Americas,1996,7.0,28.0,1996,7.0,30.0,42.0,,10724.0,10000.0,19999.0,CESAR AND DOUGLAS,DOUGLAS_1996_07
IND,India,Southern Asia,Asia,1996,6.0,14.0,1996,6.0,16.0,731.0,,1842100.0,,,03,
CHN,China,Eastern Asia,Asia,1996,7.0,24.0,1996,7.0,29.0,2.0,,,48000.0,95997.0,GLORIA,GLORIA_1996_07
PHL,Philippines,South-eastern Asia,Asia,1996,7.0,15.0,1996,7.0,15.0,26.0,13.0,36828.0,38000.0,75997.0,GLORIA,GLORIA_1996_07
VNM,Viet Nam,South-eastern Asia,Asia,1996,7.0,24.0,1996,7.0,24.0,585.0,591.0,387091.0,362000.0,723974.0,FRANKIE,FRANKIE_1996_07
MEX,Mexico,Latin America and the Caribbean,Americas,1996,6.0,23.0,1996,6.0,23.0,7.0,80.0,10080.0,,,ALMA BORIS,BORIS_1996_06
CHN,China,Eastern Asia,Asia,1996,7.0,31.0,1996,8.0,2.0,44.0,300.0,10300.0,72000.0,143995.0,HERB,HERB_1996_07
TWN,Taiwan (Province of China),Eastern Asia,Asia,1996,7.0,31.0,1996,8.0,2.0,45.0,,,1100000.0,2199922.0,HERB,HERB_1996_07
GTM,Guatemala,Latin America and the Caribbean,Americas,1996,7.0,28.0,1996,7.0,30.0,,,,500.0,1000.0,CESAR AND DOUGLAS,DOUGLAS_1996_07
HND,Honduras,Latin America and the Caribbean,Americas,1996,7.0,28.0,1996,7.0,30.0,,,,500.0,1000.0,CESAR AND DOUGLAS,DOUGLAS_1996_07
MEX,Mexico,Latin America and the Caribbean,Americas,1996,7.0,28.0,1996,7.0,30.0,2.0,,,10.0,20.0,CESAR AND DOUGLAS,DOUGLAS_1996_07
SLV,El Salvador,Latin America and the Caribbean,Americas,1996,7.0,26.0,1996,7.0,26.0,12.0,,,10.0,20.0,CESAR AND DOUGLAS,DOUGLAS_1996_07
IND,India,Southern Asia,Asia,1996,7.0,2.0,1996,7.0,2.0,92.0,,,,,,
THA,Thailand,South-eastern Asia,Asia,1996,7.0,18.0,1996,8.0,21.0,9.0,,343386.0,150000.0,299989.0,GLORIA AND FRANKIE,FRANKIE_1996_07
MEX,Mexico,Latin America and the Caribbean,Americas,1996,8.0,31.0,1996,8.0,31.0,6.0,,1250.0,,,ELIDA,
USA,United States of America,Northern America,Americas,1996,9.0,5.0,1996,9.0,11.0,39.0,,4000.0,3400000.0,6799760.0,FRAN,FRAN_1996_09
CAN,Canada,Northern America,Americas,1996,9.0,8.0,1996,9.0,15.0,,,,100.0,200.0,HORTENSE,HORTENSE_1996_09
DOM,Dominican Republic,Latin America and the Caribbean,Americas,1996,9.0,3.0,1996,9.0,16.0,24.0,,25000.0,,,HORTENSE,HORTENSE_1996_09
MTQ,Martinique,Latin America and the Caribbean,Americas,1996,9.0,8.0,1996,9.0,15.0,,,,10.0,20.0,HORTENSE,HORTENSE_1996_09
PRI,Puerto Rico,Latin America and the Caribbean,Americas,1996,9.0,3.0,1996,9.0,16.0,18.0,,57315.0,500000.0,999965.0,HORTENSE,HORTENSE_1996_09
CHN,China,Eastern Asia,Asia,1996,9.0,8.0,1996,9.0,12.0,197.0,5000.0,15005000.0,1500000.0,2999894.0,SALLY,SALLY_1996_09
VNM,Viet Nam,South-eastern Asia,Asia,1996,9.0,9.0,1996,9.0,10.0,1.0,,,20.0,40.0,SALLY,SALLY_1996_09
MEX,Mexico,Latin America and the Caribbean,Americas,1996,9.0,14.0,1996,9.0,14.0,1.0,,8500.0,,,FAUSTO,FAUSTO_1996_09
CHN,China,Eastern Asia,Asia,1996,9.0,20.0,1996,10.0,1.0,38.0,,,100000.0,199993.0,WILLIE,WILLIE_1996_09
VNM,Viet Nam,South-eastern Asia,Asia,1996,9.0,21.0,1996,9.0,22.0,9.0,,280000.0,11000.0,21999.0,WILLIE,WILLIE_1996_09
CUB,Cuba,Latin America and the Caribbean,Americas,1996,10.0,17.0,1996,10.0,18.0,,,336676.0,13000.0,25999.0,LILLI,
DEU,Germany,Western Europe,Europe,1996,10.0,26.0,1996,10.0,30.0,,,,500.0,1000.0,STORM LILLI,
FRA,France,Western Europe,Europe,1996,10.0,27.0,1996,10.0,30.0,1.0,,,10.0,20.0,STORM LILLI,
GBR,United Kingdom of Great Britain and Northern Ireland,Northern Europe,Europe,1996,10.0,27.0,1996,10.0,30.0,5.0,,12000.0,300000.0,599979.0,STORM LILLI,
IRL,Ireland,Northern Europe,Europe,1996,10.0,27.0,1996,10.0,30.0,2.0,,,1000.0,2000.0,STORM LILLI,
IND,India,Southern Asia,Asia,1996,11.0,6.0,1996,11.0,8.0,708.0,,7000000.0,1500300.0,3000494.0,07B,
JAM,Jamaica,Latin America and the Caribbean,Americas,1996,11.0,21.0,1996,11.0,21.0,,,800.0,3000.0,6000.0,MARCO,MARCO_1996_11
MYS,Malaysia,South-eastern Asia,Asia,1996,12.0,26.0,1996,12.0,28.0,270.0,26.0,4176.0,52000.0,103996.0,GREG,GREG_1996_12
IND,India,Southern Asia,Asia,1996,12.0,4.0,1996,12.0,4.0,6.0,,335000.0,,,,
MUS,Mauritius,Sub-Saharan Africa,Africa,1996,12.0,9.0,1996,12.0,9.0,3.0,,,,,DANIELLA,
AUS,Australia,Australia and New Zealand,Oceania,1996,4.0,,1996,4.0,,,10.0,1760.0,46700.0,93397.0,OLIVIA,OLIVIA_1996_04
VGB,British Virgin Islands,Latin America and the Caribbean,Americas,1996,7.0,8.0,1996,7.0,8.0,,3.0,3.0,2000.0,4000.0,LUIS,LUIS_1996_07
JPN,Japan,Eastern Asia,Asia,1996,8.0,14.0,1996,8.0,14.0,6.0,74.0,5738.0,,,KIRK,KIRK_1996_08
BGD,Bangladesh,Southern Asia,Asia,1996,10.0,29.0,1996,10.0,29.0,24.0,100.0,100.0,,,,
TWN,Taiwan (Province of China),Eastern Asia,Asia,1996,7.0,27.0,1996,7.0,27.0,20.0,,,200000.0,399986.0,GLORIA,GLORIA_1996_07
CHN,China,Eastern Asia,Asia,1996,8.0,6.0,1996,8.0,10.0,266.0,,100000.0,200000.0,399986.0,KIRK,KIRK_1996_08
VNM,Viet Nam,South-eastern Asia,Asia,1996,8.0,14.0,1996,8.0,26.0,194.0,,,227000.0,453984.0,,
HND,Honduras,Latin America and the Caribbean,Americas,1996,11.0,9.0,1996,11.0,21.0,1.0,,,1000.0,2000.0,MARCOS,
HTI,Haiti,Latin America and the Caribbean,Americas,1996,11.0,9.0,1996,11.0,21.0,26.0,,,100.0,200.0,MARCOS,
NIC,Nicaragua,Latin America and the Caribbean,Americas,1996,11.0,9.0,1996,11.0,21.0,2.0,,,100.0,200.0,MARCOS,
MDG,Madagascar,Sub-Saharan Africa,Africa,1997,1.0,24.0,1997,1.0,26.0,140.0,,600000.0,50000.0,97712.0,GRETELLE,GRETELLE_1997_01
MOZ,Mozambique,Sub-Saharan Africa,Africa,1997,1.0,24.0,1997,1.0,26.0,,,,50.0,98.0,GRETELLE,GRETELLE_1997_01
MDG,Madagascar,Sub-Saharan Africa,Africa,1997,2.0,11.0,1997,2.0,11.0,34.0,,,,,JOSIE,JOSIE_1997_02
FJI,Fiji,Melanesia,Oceania,1997,3.0,10.0,1997,3.0,10.0,25.0,,3500.0,27000.0,52765.0,GAVIN,GAVIN_1997_03
PNG,Papua New Guinea,Melanesia,Oceania,1997,3.0,11.0,1997,3.0,11.0,32.0,,7500.0,,,JUSTIN,JUSTIN_1997_03
TON,Tonga,Polynesia,Oceania,1997,3.0,16.0,1997,3.0,16.0,,,3000.0,,,HINA,HINA_1997_03
BGD,Bangladesh,Southern Asia,Asia,1997,5.0,18.0,1997,5.0,18.0,111.0,10000.0,3052738.0,,,ONE BRAVO,
SLV,El Salvador,Latin America and the Caribbean,Americas,1997,6.0,9.0,1997,6.0,9.0,4.0,,2000.0,,,ANDRES,ANDRES_1997_06
CHN,China,Eastern Asia,Asia,1997,8.0,2.0,1997,8.0,4.0,65.0,350.0,425350.0,579700.0,1132876.0,VICTOR,VICTOR_1997_08
HKG,"China, Hong Kong Special Administrative Region",Eastern Asia,Asia,1997,8.0,2.0,1997,8.0,4.0,1.0,55.0,255.0,,,VICTOR,VICTOR_1997_08
TWN,Taiwan (Province of China),Eastern Asia,Asia,1997,8.0,18.0,1997,8.0,19.0,44.0,78.0,78.0,50000.0,97712.0,WINNIE,WINNIE_1997_08
CHN,China,Eastern Asia,Asia,1997,8.0,15.0,1997,8.0,21.0,140.0,3000.0,837000.0,2700000.0,5276462.0,WINNIE,WINNIE_1997_08
JPN,Japan,Eastern Asia,Asia,1997,8.0,18.0,1997,8.0,19.0,3.0,,,100000.0,195425.0,WINNIE,WINNIE_1997_08
PHL,Philippines,South-eastern Asia,Asia,1997,8.0,18.0,1997,8.0,19.0,18.0,5.0,53659.0,5000.0,9771.0,WINNIE,WINNIE_1997_08
PRK,Democratic People's Republic of Korea,Eastern Asia,Asia,1997,8.0,18.0,1997,8.0,19.0,,,,10.0,20.0,WINNIE,WINNIE_1997_08
THA,Thailand,South-eastern Asia,Asia,1997,8.0,19.0,1997,9.0,1.0,46.0,394.0,50394.0,39500.0,77193.0,ZITA,ZITA_1997_08
CHN,China,Eastern Asia,Asia,1997,8.0,19.0,1997,8.0,25.0,7.0,349.0,5650349.0,330000.0,644901.0,ZITA,ZITA_1997_08
VNM,Viet Nam,South-eastern Asia,Asia,1997,8.0,22.0,1997,8.0,27.0,,,,5000.0,9771.0,ZITA,ZITA_1997_08
BLR,Belarus,Eastern Europe,Europe,1997,6.0,23.0,1997,6.0,23.0,5.0,45.0,21390.0,33000.0,64490.0,,
UKR,Ukraine,Eastern Europe,Europe,1997,6.0,23.0,1997,6.0,24.0,11.0,,,34000.0,66444.0,,
PHL,Philippines,South-eastern Asia,Asia,1997,5.0,24.0,1997,5.0,26.0,30.0,,309111.0,2500.0,4886.0,BINING,
JPN,Japan,Eastern Asia,Asia,1997,9.0,16.0,1997,9.0,16.0,4.0,,67000.0,,,OLIWA,OLIWA_1997_09
IND,India,Southern Asia,Asia,1997,8.0,22.0,1997,8.0,22.0,25.0,,,,,,
BGD,Bangladesh,Southern Asia,Asia,1997,9.0,26.0,1997,9.0,27.0,188.0,63.0,750063.0,,,2 B,
MEX,Mexico,Latin America and the Caribbean,Americas,1997,9.0,27.0,1997,9.0,27.0,12.0,,1000.0,,,OLAF,OLAF_1997_09
MEX,Mexico,Latin America and the Caribbean,Americas,1997,10.0,7.0,1997,10.0,10.0,230.0,200.0,800200.0,447800.0,875111.0,PAULINE,PAULINE_1997_10
PHL,Philippines,South-eastern Asia,Asia,1997,10.0,20.0,1997,10.0,20.0,1.0,,4000.0,,,IVAN,IVAN_1997_10
COK,Cook Islands,Polynesia,Oceania,1997,11.0,7.0,1997,11.0,7.0,19.0,200.0,900.0,,,MARTIN,MARTIN_1997_11
KHM,Cambodia,South-eastern Asia,Asia,1997,11.0,1.0,1997,11.0,4.0,25.0,,,10.0,20.0,LINDA,LINDA_1997_11
THA,Thailand,South-eastern Asia,Asia,1997,10.0,1.0,1997,10.0,4.0,152.0,,,5000.0,9771.0,LINDA,LINDA_1997_10
VNM,Viet Nam,South-eastern Asia,Asia,1997,11.0,2.0,1997,11.0,4.0,3682.0,857.0,1081127.0,470000.0,918495.0,LINDA,LINDA_1997_11
MEX,Mexico,Latin America and the Caribbean,Americas,1997,11.0,11.0,1997,11.0,11.0,,,3555.0,,,RICK,RICK_1997_11
GUM,Guam,Micronesia,Oceania,1997,12.0,17.0,1997,12.0,17.0,,20.0,6420.0,200000.0,390849.0,PAKA,
USA,United States of America,Northern America,Americas,1997,7.0,18.0,1997,7.0,24.0,,,,,,DANNY,DANNY_1997_07
VNM,Viet Nam,South-eastern Asia,Asia,1997,9.0,20.0,1997,9.0,29.0,10.0,50.0,50.0,5000.0,9771.0,FRITZ,FRITZ_1997_09
PER,Peru,Latin America and the Caribbean,Americas,1997,12.0,24.0,1998,3.0,,518.0,730.0,580730.0,12000.0,23451.0,,
MYS,Malaysia,South-eastern Asia,Asia,1997,8.0,23.0,1997,8.0,27.0,2.0,,2115.0,1000.0,1954.0,ZITA,ZITA_1997_08
TON,Tonga,Polynesia,Oceania,1998,1.0,7.0,1998,1.0,7.0,,,500.0,,,RON,
VUT,Vanuatu,Melanesia,Oceania,1998,3.0,21.0,1998,3.0,21.0,,,2400.0,,,YALI ZUMAN,ZUMAN_1998_03
BGD,Bangladesh,Southern Asia,Asia,1998,5.0,20.0,1998,5.0,20.0,19.0,504.0,108944.0,,,01B,
IND,India,Southern Asia,Asia,1998,6.0,9.0,1998,6.0,11.0,2871.0,893.0,4600893.0,469000.0,902531.0,03A,
USA,United States of America,Northern America,Americas,1998,8.0,21.0,1998,8.0,24.0,7.0,,545.0,,,CHARLEY,CHARLEY_1998_08
JPN,Japan,Eastern Asia,Asia,1998,8.0,27.0,1998,8.0,27.0,14.0,40.0,40040.0,,,REX,
MEX,Mexico,Latin America and the Caribbean,Americas,1998,9.0,2.0,1998,9.0,2.0,2.0,,1660.0,,,ISIS,ISIS_1998_09
MEX,Mexico,Latin America and the Caribbean,Americas,1998,9.0,4.0,1998,9.0,4.0,240.0,,3000.0,,,MADELINE LESTER,MADELINE_1998_09
DOM,Dominican Republic,Latin America and the Caribbean,Americas,1998,9.0,20.0,1998,9.0,30.0,347.0,595.0,975595.0,1981500.0,3813146.0,GEORGES,GEORGES_1998_09
PHL,Philippines,South-eastern Asia,Asia,1998,9.0,18.0,1998,9.0,18.0,118.0,22.0,1749436.0,87038.0,167494.0,VICKY AND TODD,TODD_1998_09
JPN,Japan,Eastern Asia,Asia,1998,9.0,22.0,1998,9.0,22.0,12.0,258.0,258.0,3000000.0,5773120.0,VICKY AND WALDO,WALDO_1998_09
PHL,Philippines,South-eastern Asia,Asia,1998,10.0,13.0,1998,10.0,18.0,75.0,63.0,1344619.0,50000.0,96219.0,ZEB,ZEB_1998_10
TWN,Taiwan (Province of China),Eastern Asia,Asia,1998,10.0,13.0,1998,10.0,18.0,11.0,,,125000.0,240547.0,ZEB,ZEB_1998_10
JPN,Japan,Eastern Asia,Asia,1998,10.0,13.0,1998,10.0,18.0,12.0,43.0,43.0,335500.0,645627.0,ZEB,ZEB_1998_10
IND,India,Southern Asia,Asia,1998,10.0,18.0,1998,10.0,18.0,250.0,,,,,,
CHN,China,Eastern Asia,Asia,1998,10.0,21.0,1998,10.0,29.0,5.0,,,98000.0,188589.0,BABS,BABS_1998_10
PHL,Philippines,South-eastern Asia,Asia,1998,10.0,21.0,1998,10.0,21.0,332.0,751.0,3902424.0,71000.0,136631.0,BABS,BABS_1998_10
JPN,Japan,Eastern Asia,Asia,1998,9.0,18.0,1998,9.0,18.0,2.0,23.0,9023.0,,,STELLA,STELLA_1998_09
SLV,El Salvador,Latin America and the Caribbean,Americas,1998,10.0,25.0,1998,11.0,1.0,475.0,,84000.0,388100.0,746849.0,MITCH,MITCH_1998_10
NIC,Nicaragua,Latin America and the Caribbean,Americas,1998,10.0,25.0,1998,11.0,8.0,3332.0,228.0,868228.0,987700.0,1900704.0,MITCH,MITCH_1998_10
HND,Honduras,Latin America and the Caribbean,Americas,1998,10.0,25.0,1998,11.0,8.0,14600.0,12000.0,2112000.0,3793600.0,7300303.0,MITCH,MITCH_1998_10
MEX,Mexico,Latin America and the Caribbean,Americas,1998,10.0,22.0,1998,11.0,6.0,9.0,,,1000.0,1924.0,MITCH,MITCH_1998_10
GTM,Guatemala,Latin America and the Caribbean,Americas,1998,10.0,26.0,1998,10.0,26.0,384.0,,105700.0,748000.0,1439431.0,MITCH,MITCH_1998_10
BGD,Bangladesh,Southern Asia,Asia,1998,11.0,25.0,1998,11.0,25.0,200.0,,121000.0,,,07B,
VNM,Viet Nam,South-eastern Asia,Asia,1998,11.0,13.0,1998,11.0,29.0,283.0,92.0,2440092.0,93200.0,179352.0,CHIP ELVIS DAWN,ELVIS_1998_11
CRI,Costa Rica,Latin America and the Caribbean,Americas,1998,10.0,25.0,1998,11.0,2.0,8.0,,16700.0,91090.0,175291.0,MITCH,MITCH_1998_10
PAN,Panama,Latin America and the Caribbean,Americas,1998,10.0,26.0,1998,10.0,26.0,3.0,,7500.0,50.0,96.0,MITCH,MITCH_1998_10
BLZ,Belize,Latin America and the Caribbean,Americas,1998,10.0,25.0,1998,11.0,3.0,9.0,,60000.0,50.0,96.0,MITCH,MITCH_1998_10
GLP,Guadeloupe,Latin America and the Caribbean,Americas,1998,9.0,20.0,1998,9.0,28.0,,,,5000.0,9622.0,GEORGES,GEORGES_1998_09
HTI,Haiti,Latin America and the Caribbean,Americas,1998,9.0,20.0,1998,9.0,30.0,190.0,29.0,12029.0,180000.0,346387.0,GEORGES,GEORGES_1998_09
USA,United States of America,Northern America,Americas,1998,9.0,20.0,1998,9.0,29.0,4.0,,5127.0,3500000.0,6735307.0,GEORGES,GEORGES_1998_09
VIR,United States Virgin Islands,Latin America and the Caribbean,Americas,1998,9.0,20.0,1998,9.0,29.0,,,,100000.0,192437.0,GEORGES,GEORGES_1998_09
CUB,Cuba,Latin America and the Caribbean,Americas,1998,9.0,22.0,1998,9.0,22.0,6.0,,147000.0,2000000.0,3848747.0,GEORGES,GEORGES_1998_09
KNA,Saint Kitts and Nevis,Latin America and the Caribbean,Americas,1998,9.0,20.0,1998,9.0,21.0,5.0,,10000.0,400000.0,769749.0,GEORGES,GEORGES_1998_09
ATG,Antigua and Barbuda,Latin America and the Caribbean,Americas,1998,9.0,20.0,1998,9.0,29.0,2.0,25.0,2025.0,100000.0,192437.0,GEORGES,GEORGES_1998_09
PRI,Puerto Rico,Latin America and the Caribbean,Americas,1998,9.0,,1998,9.0,,,,,1750000.0,3367653.0,GEORGES,GEORGES_1998_09
PHL,Philippines,South-eastern Asia,Asia,1998,12.0,11.0,1998,12.0,11.0,69.0,30.0,326520.0,27399.0,52726.0,FAITH,FAITH_1998_12
VNM,Viet Nam,South-eastern Asia,Asia,1998,12.0,16.0,1998,12.0,16.0,43.0,,84645.0,15000.0,28866.0,FAITH GIL,FAITH_1998_12
TON,Tonga,Polynesia,Oceania,1998,12.0,26.0,1998,12.0,26.0,,,3071.0,,,CORA,
TWN,Taiwan (Province of China),Eastern Asia,Asia,1998,10.0,23.0,1998,10.0,24.0,2.0,,400000.0,4000.0,7697.0,BABS,BABS_1998_10
USA,United States of America,Northern America,Americas,1998,8.0,19.0,1998,8.0,30.0,2.0,,17000.0,1500000.0,2886560.0,BONNIE,BONNIE_1998_08
USA,United States of America,Northern America,Americas,1998,9.0,8.0,1998,9.0,13.0,1.0,6.0,6.0,500000.0,962187.0,FRANCES,FRANCES_1998_09
FJI,Fiji,Melanesia,Oceania,1999,1.0,19.0,1999,1.0,19.0,12.0,,1772.0,3500.0,6591.0,DANI,DANI_1999_01
TJK,Tajikistan,Central Asia,Asia,1999,1.0,1.0,1999,1.0,1.0,,,1500.0,200.0,377.0,,
AUS,Australia,Australia and New Zealand,Oceania,1999,2.0,2.0,1999,2.0,11.0,5.0,,2000.0,300000.0,564951.0,RONA,RONA_1999_02
NCL,New Caledonia,Melanesia,Oceania,1999,2.0,23.0,1999,2.0,23.0,,,,,,FRANK,FRANK_1999_02
MUS,Mauritius,Sub-Saharan Africa,Africa,1999,3.0,10.0,1999,3.0,10.0,,1000.0,1000.0,,,DAVINA,
AUS,Australia,Australia and New Zealand,Oceania,1999,3.0,19.0,1999,3.0,23.0,1.0,,2672.0,200000.0,376634.0,VANCE,VANCE_1999_03
IND,India,Southern Asia,Asia,1999,5.0,20.0,1999,5.0,23.0,451.0,,40696.0,20000.0,37663.0,O2A,
PAK,Pakistan,Southern Asia,Asia,1999,5.0,20.0,1999,5.0,22.0,231.0,155.0,535940.0,10936.0,20594.0,2 A,
USA,United States of America,Northern America,Americas,1999,8.0,22.0,1999,8.0,23.0,3.0,,,70000.0,131822.0,BRET,BRET_1999_08
RUS,Russian Federation,Eastern Europe,Europe,1999,9.0,1.0,1999,9.0,1.0,12.0,,,,,,
CHN,China,Eastern Asia,Asia,1999,9.0,4.0,1999,9.0,6.0,192.0,2600.0,541200.0,277900.0,523333.0,WENDY,WENDY_1999_09
HKG,"China, Hong Kong Special Administrative Region",Eastern Asia,Asia,1999,9.0,16.0,1999,9.0,16.0,2.0,493.0,493.0,,,YORK,YORK_1999_09
JPN,Japan,Eastern Asia,Asia,1999,9.0,22.0,1999,9.0,22.0,26.0,438.0,27338.0,5000000.0,9415846.0,BART,BART_1999_09
BHS,Bahamas,Latin America and the Caribbean,Americas,1999,9.0,7.0,1999,9.0,17.0,1.0,,,450000.0,847426.0,FLOYD,FLOYD_1999_09
USA,United States of America,Northern America,Americas,1999,9.0,13.0,1999,9.0,17.0,70.0,10.0,3000010.0,7000000.0,13182185.0,FLOYD,FLOYD_1999_09
MEX,Mexico,Latin America and the Caribbean,Americas,1999,9.0,6.0,1999,9.0,6.0,9.0,,4000.0,,,GREG,GREG_1999_09
CHN,China,Eastern Asia,Asia,1999,9.0,15.0,1999,9.0,16.0,18.0,500.0,1300.0,64300.0,121088.0,YORK,YORK_1999_09
PHL,Philippines,South-eastern Asia,Asia,1999,10.0,5.0,1999,10.0,5.0,7.0,22.0,41933.0,1800.0,3390.0,DAN,DAN_1999_10
CHN,China,Eastern Asia,Asia,1999,10.0,9.0,1999,10.0,9.0,30.0,500.0,123000.0,241600.0,454974.0,DAN,DAN_1999_10
KOR,Republic of Korea,Eastern Asia,Asia,1999,9.0,22.0,1999,9.0,26.0,4.0,,514.0,4000.0,7533.0,BART,BART_1999_09
CUB,Cuba,Latin America and the Caribbean,Americas,1999,10.0,14.0,1999,10.0,14.0,4.0,,254990.0,,,IRENE,IRENE_1999_10
IND,India,Southern Asia,Asia,1999,10.0,18.0,1999,10.0,18.0,84.0,1000.0,1201000.0,470000.0,885090.0,,
IND,India,Southern Asia,Asia,1999,10.0,28.0,1999,10.0,30.0,9843.0,3312.0,12628312.0,2500000.0,4707923.0,05B,
USA,United States of America,Northern America,Americas,1999,10.0,15.0,1999,10.0,15.0,6.0,,,100000.0,188317.0,IRENE,IRENE_1999_10
ATG,Antigua and Barbuda,Latin America and the Caribbean,Americas,1999,10.0,20.0,1999,10.0,20.0,1.0,18.0,2534.0,,,JOSE,JOSE_1999_10
ATG,Antigua and Barbuda,Latin America and the Caribbean,Americas,1999,11.0,17.0,1999,11.0,19.0,1.0,,3423.0,,,LENNY,
KNA,Saint Kitts and Nevis,Latin America and the Caribbean,Americas,1999,11.0,17.0,1999,11.0,19.0,,,1180.0,41400.0,77963.0,LENNY,
GRD,Grenada,Latin America and the Caribbean,Americas,1999,11.0,15.0,1999,11.0,19.0,,,210.0,10000.0,18832.0,LENNY,
AIA,Anguilla,Latin America and the Caribbean,Americas,1999,11.0,17.0,1999,11.0,19.0,,,150.0,50.0,94.0,LENNY,
GLP,Guadeloupe,Latin America and the Caribbean,Americas,1999,11.0,17.0,1999,11.0,18.0,4.0,49.0,899.0,,,LENNY,
MTQ,Martinique,Latin America and the Caribbean,Americas,1999,11.0,19.0,1999,11.0,19.0,,,600.0,,,LENNY,
BGD,Bangladesh,Southern Asia,Asia,1999,10.0,25.0,1999,10.0,25.0,,,,,,05B,
LCA,Saint Lucia,Latin America and the Caribbean,Americas,1999,11.0,17.0,1999,11.0,19.0,,,200.0,,,LENNY,
COL,Colombia,Latin America and the Caribbean,Americas,1999,11.0,15.0,1999,11.0,19.0,2.0,,,500.0,942.0,LENNY,
PRI,Puerto Rico,Latin America and the Caribbean,Americas,1999,11.0,15.0,1999,11.0,19.0,1.0,,,150000.0,282475.0,LENNY,
VIR,United States Virgin Islands,Latin America and the Caribbean,Americas,1999,11.0,17.0,1999,11.0,19.0,3.0,,,180000.0,338970.0,LENNY,
VCT,Saint Vincent and the Grenadines,Latin America and the Caribbean,Americas,1999,11.0,17.0,1999,11.0,19.0,,,100.0,,,LENNY,
DMA,Dominica,Latin America and the Caribbean,Americas,1999,11.0,17.0,1999,11.0,19.0,,,715.0,,,LENNY,
USA,United States of America,Northern America,Americas,1999,8.0,28.0,1999,9.0,7.0,3.0,,,62500.0,117698.0,DENNIS,DENNIS_1999_08
CHN,China,Eastern Asia,Asia,1999,8.0,23.0,1999,8.0,23.0,5.0,12.0,12.0,18000.0,33897.0,SAM,SAM_1999_08
NIC,Nicaragua,Latin America and the Caribbean,Americas,2022,7.0,2.0,2022,7.0,2.0,4.0,12.0,3012.0,,,BONNIE,BONNIE_2022_07
MDG,Madagascar,Sub-Saharan Africa,Africa,2000,2.0,17.0,2000,3.0,11.0,130.0,,736937.0,9000.0,16395.0,ELINE GLORIA,GLORIA_2000_02
MDG,Madagascar,Sub-Saharan Africa,Africa,2000,4.0,2.0,2000,4.0,2.0,23.0,1.0,369272.0,,,HUDAH,HUDAH_2000_04
HND,Honduras,Latin America and the Caribbean,Americas,2022,10.0,9.0,2022,10.0,9.0,5.0,,144000.0,,,JULIA,JULIA_2022_10
GLP,Guadeloupe,Latin America and the Caribbean,Americas,2022,9.0,16.0,2022,9.0,17.0,1.0,,,,,FIONA,FIONA_2022_09
PHL,Philippines,South-eastern Asia,Asia,2000,7.0,5.0,2000,7.0,5.0,11.0,,120000.0,7500.0,13662.0,KIROGI,KIROGI_2000_07
PRI,Puerto Rico,Latin America and the Caribbean,Americas,2022,9.0,17.0,2022,9.0,18.0,25.0,,,2500000.0,2679683.0,FIONA,FIONA_2022_09
AUS,Australia,Australia and New Zealand,Oceania,2025,2.0,28.0,2025,3.0,10.0,1.0,13.0,13.0,3500000.0,,ALFRED,ALFRED_2025_02
REU,Réunion,Sub-Saharan Africa,Africa,2025,2.0,28.0,2025,2.0,28.0,5.0,6.0,606.0,900000.0,,GARANCE,
NIC,Nicaragua,Latin America and the Caribbean,Americas,2000,9.0,29.0,2000,10.0,3.0,1.0,,2300.0,1000.0,1822.0,KEITH,KEITH_2000_09
WSM,Samoa,Polynesia,Oceania,2018,2.0,12.0,2018,2.0,12.0,,,,,,GITA,GITA_2018_02
PHL,Philippines,South-eastern Asia,Asia,2020,10.0,31.0,2020,11.0,1.0,31.0,399.0,3356394.0,503294.0,610011.0,GONI,GONI_2020_10
MDG,Madagascar,Sub-Saharan Africa,Africa,2024,12.0,13.0,2024,12.0,17.0,,,135838.0,,,CHIDO,CHIDO_2024_12
MWI,Malawi,Sub-Saharan Africa,Africa,2024,12.0,13.0,2024,12.0,17.0,13.0,29.0,45191.0,,,CHIDO,CHIDO_2024_12
IND,India,Southern Asia,Asia,2020,11.0,25.0,2020,11.0,26.0,14.0,,,600000.0,727223.0,NIVAR,NIVAR_2020_11
MDG,Madagascar,Sub-Saharan Africa,Africa,2002,1.0,2.0,2002,1.0,2.0,2.0,,1900.0,181.0,316.0,CYPRIEN,CYPRIEN_2002_01
MUS,Mauritius,Sub-Saharan Africa,Africa,2002,1.0,22.0,2002,1.0,22.0,3.0,50.0,1050.0,50000.0,87196.0,DINA,
PRI,Puerto Rico,Latin America and the Caribbean,Americas,2025,8.0,15.0,2025,8.0,16.0,,,,,,ERIN,ERIN_2025_08
USA,United States of America,Northern America,Americas,2025,7.0,4.0,2025,7.0,7.0,6.0,,,400000.0,,CHANTAL,CHANTAL_2025_07
USA,United States of America,Northern America,Americas,2025,8.0,15.0,2025,8.0,16.0,2.0,,225.0,25000.0,,ERIN,ERIN_2025_08
PHL,Philippines,South-eastern Asia,Asia,2002,7.0,7.0,2002,7.0,9.0,33.0,41.0,700041.0,1000.0,1744.0,CHATAAN,CHATAAN_2002_07
PHL,Philippines,South-eastern Asia,Asia,2022,10.0,27.0,2022,10.0,28.0,158.0,103.0,3323291.0,45569.0,48844.0,STORM NALGAE,NALGAE_2022_10
BLZ,Belize,Latin America and the Caribbean,Americas,2022,11.0,2.0,2022,11.0,3.0,,,172150.0,100000.0,107187.0,LISA,LISA_2022_11
PHL,Philippines,South-eastern Asia,Asia,2002,6.0,28.0,2002,7.0,3.0,7.0,,3000.0,,,RAMMASUN,RAMMASUN_2002_06
GRD,Grenada,Latin America and the Caribbean,Americas,2002,9.0,24.0,2002,9.0,24.0,,,75.0,,,LILI,LILI_2002_09
MEX,Mexico,Latin America and the Caribbean,Americas,2002,9.0,25.0,2002,9.0,25.0,,,500.0,,,JULIO,JULIO_2002_09
IND,India,Southern Asia,Asia,2025,10.0,28.0,2025,10.0,30.0,8.0,,1800000.0,600000.0,,MONTHA,MONTHA_2025_10
JPN,Japan,Eastern Asia,Asia,2022,7.0,4.0,2022,7.0,5.0,,2.0,392.0,,,TROPICAL DEPRESSION AERE,AERE_2022_07
MDG,Madagascar,Sub-Saharan Africa,Africa,2022,3.0,11.0,2022,3.0,12.0,2.0,,900.0,,,GOMBE,GOMBE_2022_03
SLV,El Salvador,Latin America and the Caribbean,Americas,2022,7.0,2.0,2022,7.0,2.0,1.0,,100.0,,,BONNIE,BONNIE_2022_07
KOR,Republic of Korea,Eastern Asia,Asia,2022,9.0,4.0,2022,9.0,6.0,12.0,3.0,36003.0,,,HINNAMNOR,HINNAMNOR_2022_09
MEX,Mexico,Latin America and the Caribbean,Americas,2025,6.0,17.0,2025,6.0,20.0,1.0,,150.0,213000.0,,ERIK,
BGD,Bangladesh,Southern Asia,Asia,2002,11.0,14.0,2002,11.0,14.0,49.0,,,,,,
BMU,Bermuda,Northern America,Americas,2003,9.0,5.0,2003,9.0,6.0,4.0,,,300000.0,511565.0,FABIAN,FABIAN_2003_09
JPN,Japan,Eastern Asia,Asia,2022,9.0,25.0,2022,9.0,25.0,3.0,,13323.0,752000.0,806049.0,TALAS,TALAS_2022_09
PHL,Philippines,South-eastern Asia,Asia,2022,10.0,13.0,2022,10.0,13.0,,,7000.0,18000.0,19294.0,TROPICAL DEPRESSION MAYMAY,
TWN,Taiwan (Province of China),Eastern Asia,Asia,2022,10.0,15.0,2022,10.0,16.0,,,100.0,400.0,429.0,NESAT,NESAT_2022_10
CHN,China,Eastern Asia,Asia,2001,7.0,24.0,2001,7.0,24.0,,,23250.0,85000.0,150585.0,YUTU,YUTU_2001_07
CRI,Costa Rica,Latin America and the Caribbean,Americas,2022,10.0,8.0,2022,10.0,20.0,,,300000.0,,,JULIA,JULIA_2022_10
MDG,Madagascar,Sub-Saharan Africa,Africa,2003,12.0,9.0,2003,12.0,9.0,,,164.0,,,CELA,CELA_2003_12
COL,Colombia,Latin America and the Caribbean,Americas,2022,10.0,9.0,2022,10.0,10.0,,2.0,5002.0,,,JULIA,JULIA_2022_10
MOZ,Mozambique,Sub-Saharan Africa,Africa,2012,1.0,20.0,2012,1.0,22.0,10.0,,65000.0,,,FUNSO,FUNSO_2012_01
NIU,Niue,Polynesia,Oceania,2004,1.0,6.0,2004,1.0,6.0,1.0,2.0,702.0,40000.0,66430.0,HETA,
MDG,Madagascar,Sub-Saharan Africa,Africa,2004,1.0,26.0,2004,2.0,4.0,32.0,100.0,44290.0,,,ELITA,ELITA_2004_01
MDG,Madagascar,Sub-Saharan Africa,Africa,2004,3.0,7.0,2004,3.0,12.0,363.0,879.0,988139.0,250000.0,415189.0,GALIFO,
RUS,Russian Federation,Eastern Europe,Europe,2002,10.0,2.0,2002,10.0,3.0,6.0,,,,,HYGOS,
MWI,Malawi,Sub-Saharan Africa,Africa,2025,3.0,10.0,2025,3.0,13.0,3.0,15.0,20015.0,,,JUDE,JUDE_2025_03
MOZ,Mozambique,Sub-Saharan Africa,Africa,2025,3.0,10.0,2025,3.0,12.0,16.0,135.0,1020926.0,,,JUDE,JUDE_2025_03
JPN,Japan,Eastern Asia,Asia,2025,10.0,6.0,2025,10.0,14.0,1.0,,610.0,,,NAKRI AND HALONG,HALONG_2025_10
MDG,Madagascar,Sub-Saharan Africa,Africa,2025,1.0,28.0,2025,1.0,29.0,5.0,2.0,1502.0,,,ELVIS,ELVIS_2025_01
LKA,Sri Lanka,Southern Asia,Asia,2025,11.0,27.0,2025,11.0,29.0,823.0,18.0,1702737.0,4100000.0,,DITWAH,DITWAH_2025_11
PHL,Philippines,South-eastern Asia,Asia,2025,2.0,22.0,2025,2.0,26.0,,,50678.0,,,KAJIKI,KAJIKI_2025_02
VNM,Viet Nam,South-eastern Asia,Asia,2025,8.0,25.0,2025,8.0,26.0,8.0,12.0,1500012.0,244000.0,,KAJIKI,KAJIKI_2025_08
HKG,"China, Hong Kong Special Administrative Region",Eastern Asia,Asia,2025,9.0,22.0,2025,9.0,22.0,,90.0,975.0,,,RAGASA,RAGASA_2025_09
MEX,Mexico,Latin America and the Caribbean,Americas,2001,9.0,24.0,2001,10.0,2.0,3.0,,3800.0,400000.0,708635.0,JULIETTE,JULIETTE_2001_09
RUS,Russian Federation,Eastern Europe,Europe,2004,7.0,22.0,2004,7.0,22.0,6.0,62.0,62.0,6000.0,9965.0,,
PHL,Philippines,South-eastern Asia,Asia,2024,10.0,22.0,2024,10.0,24.0,181.0,132.0,9652739.0,373000.0,373000.0,TRAMI,TRAMI_2024_10
MOZ,Mozambique,Sub-Saharan Africa,Africa,2026,2.0,14.0,2026,2.0,15.0,4.0,5.0,6170.0,,,GEZANI,GEZANI_2026_02
JPN,Japan,Eastern Asia,Asia,2004,8.0,23.0,2004,8.0,23.0,2.0,2.0,2.0,500.0,830.0,AERE,AERE_2004_08
CHN,China,Eastern Asia,Asia,2025,7.0,18.0,2025,7.0,22.0,12.0,,57.0,,,WIPHA FRANCISCO CO MAY EMONG,FRANCISCO_2025_07
VNM,Viet Nam,South-eastern Asia,Asia,2025,7.0,21.0,2025,8.0,2.0,20.0,16.0,93516.0,183000.0,,WIPHA FRANCISCO CO MAY EMONG,FRANCISCO_2025_07
MMR,Myanmar,South-eastern Asia,Asia,2025,7.0,27.0,2025,8.0,6.0,20.0,,131000.0,,,WIPHA FRANCISCO CO MAY EMONG,FRANCISCO_2025_07
PHL,Philippines,South-eastern Asia,Asia,2025,11.0,25.0,2025,11.0,26.0,2.0,,937552.0,,,KOTO,KOTO_2025_11
MAC,"China, Macao Special Administrative Region",Eastern Asia,Asia,2025,7.0,18.0,2025,7.0,24.0,,5.0,5.0,,,WIPHA FRANCISCO CO MAY EMONG,FRANCISCO_2025_07
HKG,"China, Hong Kong Special Administrative Region",Eastern Asia,Asia,2025,7.0,20.0,2025,7.0,21.0,,26.0,26.0,255000.0,,WIPHA FRANCISCO CO MAY EMONG,FRANCISCO_2025_07
PHL,Philippines,South-eastern Asia,Asia,2025,11.0,2.0,2025,11.0,5.0,372.0,502.0,5459360.0,,,KALMAEGI,KALMAEGI_2025_11
LAO,Lao People's Democratic Republic,South-eastern Asia,Asia,2024,7.0,19.0,2024,7.0,20.0,8.0,6.0,75006.0,5000.0,5000.0,WIPHA FRANCISCO CO MAY EMONG,FRANCISCO_2024_07
THA,Thailand,South-eastern Asia,Asia,2025,7.0,21.0,2025,8.0,1.0,6.0,,230000.0,,,WIPHA FRANCISCO CO MAY EMONG,FRANCISCO_2025_07
PHL,Philippines,South-eastern Asia,Asia,2024,11.0,7.0,2024,11.0,8.0,1.0,1.0,375001.0,10000.0,10000.0,YINXING,YINXING_2024_11
MDG,Madagascar,Sub-Saharan Africa,Africa,2003,5.0,8.0,2003,5.0,8.0,89.0,86.0,162086.0,,,MANOU,MANOU_2003_05
MDG,Madagascar,Sub-Saharan Africa,Africa,2026,1.0,31.0,2026,1.0,1.0,14.0,7.0,203007.0,,,FYTIA,FYTIA_2026_01
PHL,Philippines,South-eastern Asia,Asia,2024,11.0,11.0,2024,11.0,12.0,,2.0,310002.0,10000.0,10000.0,TORAJI,TORAJI_2024_11
THA,Thailand,South-eastern Asia,Asia,2025,9.0,28.0,2025,9.0,28.0,8.0,,293626.0,,,BUALOI,BUALOI_2025_09
VNM,Viet Nam,South-eastern Asia,Asia,2025,9.0,25.0,2025,9.0,28.0,57.0,147.0,588413.0,950000.0,,BUALOI,BUALOI_2025_09
SOM,Somalia,Sub-Saharan Africa,Africa,2018,5.0,21.0,2018,5.0,21.0,53.0,,228000.0,,,SAGAR,
LAO,Lao People's Democratic Republic,South-eastern Asia,Asia,2025,8.0,25.0,2025,9.0,26.0,2.0,,10124.0,,,BUALOI,BUALOI_2025_08
PHL,Philippines,South-eastern Asia,Asia,2025,9.0,25.0,2025,9.0,26.0,55.0,41.0,4580041.0,57000.0,,BUALOI,BUALOI_2025_09
MDG,Madagascar,Sub-Saharan Africa,Africa,2005,1.0,22.0,2005,1.0,23.0,78.0,8.0,7985.0,,,ERNEST,ERNEST_2005_01
TKL,Tokelau,Polynesia,Oceania,2005,2.0,28.0,2005,2.0,28.0,,1.0,26.0,,,PERCY,PERCY_2005_02
PHL,Philippines,South-eastern Asia,Asia,2008,6.0,21.0,2008,6.0,23.0,644.0,826.0,4785460.0,284694.0,414790.0,FENGSHEN,FENGSHEN_2008_06
PHL,Philippines,South-eastern Asia,Asia,2009,7.0,23.0,2009,7.0,26.0,16.0,5.0,110405.0,4281.0,6260.0,TOPICAL STORM FERIA,
PHL,Philippines,South-eastern Asia,Asia,2009,9.0,24.0,2009,9.0,27.0,501.0,529.0,4901763.0,237489.0,347249.0,ONDOY,
PHL,Philippines,South-eastern Asia,Asia,2025,7.0,19.0,2025,7.0,25.0,38.0,8.0,11138205.0,195000.0,,WIPHA FRANCISCO CO MAY EMONG,FRANCISCO_2025_07
PHL,Philippines,South-eastern Asia,Asia,2012,7.0,31.0,2012,8.0,7.0,58.0,35.0,949086.0,9821.0,13418.0,GENER,
MOZ,Mozambique,Sub-Saharan Africa,Africa,2008,3.0,8.0,2008,3.0,9.0,9.0,13.0,220013.0,20000.0,29139.0,JOKWE,JOKWE_2008_03
GRD,Grenada,Latin America and the Caribbean,Americas,2005,7.0,14.0,2005,7.0,14.0,1.0,,,44900.0,72121.0,EMILY,EMILY_2005_07
PHL,Philippines,South-eastern Asia,Asia,2018,2.0,12.0,2018,2.0,16.0,,,254859.0,3070.0,3835.0,BASYANG,
PHL,Philippines,South-eastern Asia,Asia,2019,12.0,2.0,2019,12.0,3.0,4.0,318.0,2647558.0,109151.0,133927.0,KAMMURI,KAMMURI_2019_12
PHL,Philippines,South-eastern Asia,Asia,2016,10.0,16.0,2016,10.0,19.0,,,52270.0,11490.0,15017.0,KAREN,KAREN_2016_10
PHL,Philippines,South-eastern Asia,Asia,2014,12.0,28.0,2014,12.0,31.0,72.0,,578549.0,17688.0,23438.0,JANGMI,JANGMI_2014_12
PHL,Philippines,South-eastern Asia,Asia,2016,10.0,19.0,2016,10.0,21.0,8.0,,981154.0,50690.0,66252.0,LAWIN,
PHL,Philippines,South-eastern Asia,Asia,2018,10.0,30.0,2018,10.0,30.0,12.0,2.0,253300.0,305000.0,381014.0,YUTU,YUTU_2018_10
MEX,Mexico,Latin America and the Caribbean,Americas,2005,6.0,29.0,2005,6.0,30.0,2.0,,15000.0,10000.0,16063.0,BRET,BRET_2005_06
NIC,Nicaragua,Latin America and the Caribbean,Americas,2005,10.0,1.0,2005,10.0,13.0,3.0,,7880.0,,,STAN,STAN_2005_10
SLV,El Salvador,Latin America and the Caribbean,Americas,2005,10.0,1.0,2005,10.0,13.0,69.0,,72141.0,355700.0,571346.0,STAN,STAN_2005_10
PHL,Philippines,South-eastern Asia,Asia,2002,7.0,13.0,2002,7.0,13.0,62.0,,11000.0,5664.0,9878.0,HALONG,HALONG_2002_07
COL,Colombia,Latin America and the Caribbean,Americas,2005,10.0,29.0,2005,10.0,29.0,,,3074.0,,,BETA,BETA_2005_10
JAM,Jamaica,Latin America and the Caribbean,Americas,2024,7.0,3.0,2024,7.0,4.0,3.0,60.0,160060.0,15900.0,15900.0,BERYL,BERYL_2024_07
JAM,Jamaica,Latin America and the Caribbean,Americas,2025,10.0,24.0,2025,10.0,27.0,62.0,340.0,1900340.0,10000000.0,,MELISSA,MELISSA_2025_10
MMR,Myanmar,South-eastern Asia,Asia,2024,9.0,8.0,2024,9.0,12.0,460.0,48.0,1000048.0,222000.0,222000.0,YAGI,YAGI_2024_09
CUB,Cuba,Latin America and the Caribbean,Americas,2025,10.0,28.0,2025,10.0,29.0,1.0,17.0,2200017.0,,,MELISSA,MELISSA_2025_10
MDG,Madagascar,Sub-Saharan Africa,Africa,2026,2.0,10.0,2026,2.0,10.0,71.0,804.0,478804.0,142000.0,,GEZANI,GEZANI_2026_02
USA,United States of America,Northern America,Americas,2024,10.0,9.0,2024,10.0,10.0,32.0,13.0,1013.0,38000000.0,38000000.0,MILTON,MILTON_2024_10
USA,United States of America,Northern America,Americas,2024,9.0,25.0,2024,9.0,28.0,219.0,,,80000000.0,80000000.0,HELENE,HELENE_2024_09
CPV,Cabo Verde,Sub-Saharan Africa,Africa,2015,8.0,31.0,2015,8.0,31.0,9.0,,,1100.0,1456.0,FRED,FRED_2015_08
VNM,Viet Nam,South-eastern Asia,Asia,2018,7.0,18.0,2018,7.0,22.0,34.0,,96000.0,220000.0,274830.0,TYHOON SON TINH,
MOZ,Mozambique,Sub-Saharan Africa,Africa,2017,2.0,15.0,2017,2.0,15.0,7.0,102.0,750102.0,17000.0,21756.0,DINEO,DINEO_2017_02
SYC,Seychelles,Sub-Saharan Africa,Africa,2002,9.0,5.0,2002,9.0,5.0,,,6800.0,,,,
USA,United States of America,Northern America,Americas,2004,9.0,25.0,2004,9.0,26.0,6.0,,40000.0,8000000.0,13286040.0,JEANNE,JEANNE_2004_09
MEX,Mexico,Latin America and the Caribbean,Americas,2017,8.0,30.0,2017,9.0,2.0,20.0,,1000.0,,,LIDIA,LIDIA_2017_08
MDG,Madagascar,Sub-Saharan Africa,Africa,2006,2.0,4.0,2006,2.0,4.0,3.0,,6212.0,,,BOLOETSE,BOLOETSE_2006_02
GTM,Guatemala,Latin America and the Caribbean,Americas,2007,9.0,4.0,2007,9.0,12.0,,,3905.0,,,FELIX,FELIX_2007_09
MEX,Mexico,Latin America and the Caribbean,Americas,2006,10.0,25.0,2006,10.0,28.0,4.0,,20000.0,,,PAUL,PAUL_2006_10
MDG,Madagascar,Sub-Saharan Africa,Africa,2006,12.0,25.0,2006,12.0,25.0,1.0,,304.0,,,BONDO,BONDO_2006_12
JPN,Japan,Eastern Asia,Asia,2018,9.0,28.0,2018,10.0,1.0,4.0,200.0,18200.0,4500000.0,5621515.0,TRAMI,TRAMI_2018_09
FJI,Fiji,Melanesia,Oceania,2007,4.0,5.0,2007,4.0,5.0,1.0,,,,,CLIFF,CLIFF_2007_04
LAO,Lao People's Democratic Republic,South-eastern Asia,Asia,2018,7.0,18.0,2018,7.0,19.0,,,120000.0,,,TYHOON SON TINH,
KOR,Republic of Korea,Eastern Asia,Asia,2019,9.0,6.0,2019,9.0,7.0,3.0,33.0,71.0,,,LINGLING,LINGLING_2019_09
PNG,Papua New Guinea,Melanesia,Oceania,2007,11.0,12.0,2007,11.0,16.0,172.0,,162140.0,,,GUBA,GUBA_2007_11
FJI,Fiji,Melanesia,Oceania,2007,12.0,5.0,2007,12.0,7.0,,,69.0,652.0,986.0,DAMAN,DAMAN_2007_12
MDG,Madagascar,Sub-Saharan Africa,Africa,2008,3.0,5.0,2008,3.0,6.0,,,400.0,,,JOKWE,JOKWE_2008_03
NIC,Nicaragua,Latin America and the Caribbean,Americas,2008,5.0,29.0,2008,5.0,29.0,13.0,,25000.0,,,ALMA,ALMA_2008_05
JPN,Japan,Eastern Asia,Asia,2003,9.0,12.0,2003,9.0,13.0,1.0,93.0,223.0,50000.0,85261.0,MAEMI,MAEMI_2003_09
AUS,Australia,Australia and New Zealand,Oceania,2021,2.0,25.0,2021,3.0,4.0,,,6000.0,155000.0,179436.0,TROPIAL CYLONE NIRAN,NIRAN_2021_02
JPN,Japan,Eastern Asia,Asia,2019,9.0,24.0,2019,9.0,24.0,,21.0,2021.0,,,TAPAH,TAPAH_2019_09
IDN,Indonesia,South-eastern Asia,Asia,2021,4.0,2.0,2021,4.0,6.0,226.0,21.0,509625.0,800000.0,926123.0,SEROJA 21,SEROJA_2021_04
KOR,Republic of Korea,Eastern Asia,Asia,2019,10.0,2.0,2019,10.0,2.0,15.0,11.0,1411.0,553000.0,678525.0,MITAG,MITAG_2019_10
FJI,Fiji,Melanesia,Oceania,2004,4.0,8.0,2004,4.0,8.0,16.0,,5000.0,4000.0,6643.0,,
JPN,Japan,Eastern Asia,Asia,2004,6.0,16.0,2004,6.0,19.0,6.0,56.0,756.0,,,DIANMU,DIANMU_2004_06
PNG,Papua New Guinea,Melanesia,Oceania,2011,2.0,2.0,2011,2.0,2.0,,,,,,YASI,YASI_2011_02
MEX,Mexico,Latin America and the Caribbean,Americas,2011,6.0,30.0,2011,7.0,1.0,22.0,,300000.0,70000.0,97618.0,ARLENE,ARLENE_2011_06
DMA,Dominica,Latin America and the Caribbean,Americas,2011,9.0,25.0,2011,9.0,29.0,,,240.0,,,ORPHELIA,
MDG,Madagascar,Sub-Saharan Africa,Africa,2012,2.0,14.0,2012,2.0,15.0,35.0,284.0,250284.0,100000.0,136628.0,GIOVANNA,GIOVANNA_2012_02
THA,Thailand,South-eastern Asia,Asia,2017,7.0,17.0,2017,7.0,19.0,,,60.0,,,TALAS,TALAS_2017_07
PLW,Palau,Micronesia,Oceania,2012,12.0,2.0,2012,12.0,2.0,,,1250.0,,,BOPHA,BOPHA_2012_12
MNP,Northern Mariana Islands,Micronesia,Oceania,2018,10.0,25.0,2018,10.0,25.0,2.0,,,,,YUTU,YUTU_2018_10
KIR,Kiribati,Micronesia,Oceania,2015,3.0,12.0,2015,3.0,13.0,,,1500.0,,,PAM,PAM_2015_03
TUV,Tuvalu,Polynesia,Oceania,2015,3.0,10.0,2015,3.0,11.0,,,4613.0,,,PAM,PAM_2015_03
JPN,Japan,Eastern Asia,Asia,2015,5.0,12.0,2015,5.0,12.0,,6.0,45.0,23200.0,30705.0,NOUL,NOUL_2015_05
FJI,Fiji,Melanesia,Oceania,2018,4.0,2.0,2018,4.0,2.0,7.0,,89950.0,10000.0,12492.0,JOSIE,JOSIE_2018_04
AUS,Australia,Australia and New Zealand,Oceania,2006,3.0,20.0,2006,4.0,2.0,,30.0,7030.0,1180000.0,1836152.0,LARRY,LARRY_2006_03
SOM,Somalia,Sub-Saharan Africa,Africa,2015,11.0,8.0,2015,11.0,8.0,,,,,,MEGH,MEGH_2015_11
BHS,Bahamas,Latin America and the Caribbean,Americas,2016,9.0,28.0,2016,10.0,10.0,,,,600000.0,784199.0,MATTHEW,MATTHEW_2016_09
VCT,Saint Vincent and the Grenadines,Latin America and the Caribbean,Americas,2016,9.0,28.0,2016,9.0,29.0,1.0,,,,,MATTHEW,MATTHEW_2016_09
MEX,Mexico,Latin America and the Caribbean,Americas,2017,6.0,1.0,2017,6.0,3.0,6.0,,600.0,,,BEATRIZ,BEATRIZ_2017_06
MDG,Madagascar,Sub-Saharan Africa,Africa,2007,1.0,3.0,2007,1.0,3.0,1.0,,7313.0,,,CLOVIS,CLOVIS_2007_01
MAC,"China, Macao Special Administrative Region",Eastern Asia,Asia,2017,8.0,24.0,2017,8.0,24.0,10.0,200.0,200.0,1420000.0,1817228.0,HATO,HATO_2017_08
AIA,Anguilla,Latin America and the Caribbean,Americas,2017,9.0,6.0,2017,9.0,6.0,4.0,,15000.0,200000.0,255948.0,IRMA,IRMA_2017_09
BHS,Bahamas,Latin America and the Caribbean,Americas,2017,9.0,8.0,2017,9.0,9.0,,,,2000.0,2559.0,IRMA,IRMA_2017_09
BLM,Saint Barthélemy,Latin America and the Caribbean,Americas,2017,9.0,8.0,2017,9.0,9.0,4.0,,,,,IRMA,IRMA_2017_09
BRB,Barbados,Latin America and the Caribbean,Americas,2017,9.0,8.0,2017,9.0,9.0,1.0,,,,,IRMA,IRMA_2017_09
HTI,Haiti,Latin America and the Caribbean,Americas,2017,9.0,7.0,2017,9.0,8.0,1.0,17.0,40092.0,,,IRMA,IRMA_2017_09
MAF,Saint Martin (French Part),Latin America and the Caribbean,Americas,2017,9.0,8.0,2017,9.0,9.0,12.0,110.0,110.0,4100000.0,5246925.0,IRMA,IRMA_2017_09
SXM,Sint Maarten (Dutch part),Latin America and the Caribbean,Americas,2017,9.0,8.0,2017,9.0,9.0,4.0,40.0,5040.0,2500000.0,3199345.0,IRMA,IRMA_2017_09
MEX,Mexico,Latin America and the Caribbean,Americas,2017,9.0,7.0,2017,9.0,8.0,3.0,,1110.0,,,KATIA,KATIA_2017_09
COL,Colombia,Latin America and the Caribbean,Americas,2017,10.0,4.0,2017,10.0,4.0,,,,,,TROPICAL DEPRESSION16 HURRICANE NATE,NATE_2017_10
GTM,Guatemala,Latin America and the Caribbean,Americas,2017,10.0,5.0,2017,10.0,5.0,8.0,,3175.0,,,TROPICAL DEPRESSION16 HURRICANE NATE,NATE_2017_10
MAC,"China, Macao Special Administrative Region",Eastern Asia,Asia,2017,8.0,27.0,2017,8.0,27.0,,,,,,PAKHAR JOLINA,PAKHAR_2017_08
MDG,Madagascar,Sub-Saharan Africa,Africa,2018,1.0,5.0,2018,1.0,8.0,73.0,,161318.0,,,AVA,AVA_2018_01
DJI,Djibouti,Sub-Saharan Africa,Africa,2018,5.0,20.0,2018,5.0,21.0,2.0,,25000.0,,,SAGAR,
VNM,Viet Nam,South-eastern Asia,Asia,2018,6.0,6.0,2018,6.0,19.0,1.0,,,,,EWINIAR,EWINIAR_2018_06
PHL,Philippines,South-eastern Asia,Asia,2018,7.0,17.0,2018,7.0,31.0,16.0,,2231101.0,88000.0,109932.0,TYHOON SON TINH,
CHN,China,Eastern Asia,Asia,2018,8.0,22.0,2018,8.0,23.0,,,,79900.0,99813.0,SOULIK,SOULIK_2018_08
MHL,Marshall Islands,Micronesia,Oceania,2019,1.0,5.0,2019,1.0,5.0,,,,,,PENNY,PENNY_2019_01
MDG,Madagascar,Sub-Saharan Africa,Africa,2019,3.0,15.0,2019,3.0,15.0,3.0,,1100.0,,,IDAI,IDAI_2019_03
CHN,China,Eastern Asia,Asia,2019,9.0,5.0,2019,9.0,8.0,,,,131000.0,160736.0,LINGLING,LINGLING_2019_09
CHN,China,Eastern Asia,Asia,2019,10.0,2.0,2019,10.0,2.0,3.0,,,263000.0,322698.0,MITAG,MITAG_2019_10
TUV,Tuvalu,Polynesia,Oceania,2020,1.0,18.0,2020,1.0,18.0,,,5500.0,,,TINO,TINO_2020_01
USA,United States of America,Northern America,Americas,2020,7.0,31.0,2020,8.0,2.0,16.0,,,4800000.0,5817781.0,ISAIAS,ISAIAS_2020_07
SLV,El Salvador,Latin America and the Caribbean,Americas,2020,11.0,2.0,2020,11.0,4.0,,,,,,ETA,ETA_2020_11
SLV,El Salvador,Latin America and the Caribbean,Americas,2020,11.0,17.0,2020,11.0,18.0,1.0,,,,,IOTA,IOTA_2020_11
VNM,Viet Nam,South-eastern Asia,Asia,2020,12.0,21.0,2020,12.0,21.0,1.0,4.0,4.0,,,TROPICAL DEPRESSION VICKY,
MDG,Madagascar,Sub-Saharan Africa,Africa,2021,1.0,23.0,2021,1.0,23.0,2.0,,1000.0,,,ELOISE,ELOISE_2021_01
SWZ,Eswatini,Sub-Saharan Africa,Africa,2021,1.0,23.0,2021,1.0,23.0,,,,,,ELOISE,ELOISE_2021_01
MDV,Maldives,Southern Asia,Asia,2021,5.0,16.0,2021,5.0,17.0,,,1320.0,,,TAUKTAE,TAUKTAE_2021_05
PHL,Philippines,South-eastern Asia,Asia,2021,6.0,1.0,2021,6.0,3.0,11.0,,21000.0,11000.0,12734.0,CHOI WAN,
TWN,Taiwan (Province of China),Eastern Asia,Asia,2021,6.0,4.0,2021,6.0,4.0,,,,,,CHOI WAN,
DOM,Dominican Republic,Latin America and the Caribbean,Americas,2021,8.0,12.0,2021,8.0,13.0,,,4025.0,,,FRED,FRED_2021_08
HTI,Haiti,Latin America and the Caribbean,Americas,2021,8.0,12.0,2021,8.0,13.0,,,,,,FRED,FRED_2021_08
VNM,Viet Nam,South-eastern Asia,Asia,2021,9.0,12.0,2021,9.0,12.0,2.0,,310.0,,,CONSON,CONSON_2021_09
HKG,"China, Hong Kong Special Administrative Region",Eastern Asia,Asia,2021,10.0,8.0,2021,10.0,10.0,1.0,14.0,154.0,,,LIONROCK,LIONROCK_2021_10
MUS,Mauritius,Sub-Saharan Africa,Africa,2022,2.0,2.0,2022,2.0,2.0,1.0,,139.0,,,BATSIRAI,BATSIRAI_2022_02
REU,Réunion,Sub-Saharan Africa,Africa,2022,2.0,5.0,2022,2.0,6.0,,13.0,13.0,,,BATSIRAI,BATSIRAI_2022_02
NIC,Nicaragua,Latin America and the Caribbean,Americas,2022,10.0,9.0,2022,10.0,9.0,1.0,,47100.0,180000.0,192937.0,JULIA,JULIA_2022_10
USA,United States of America,Northern America,Americas,2022,11.0,10.0,2022,11.0,11.0,5.0,,1500.0,1000000.0,1071873.0,NICOLE,NICOLE_2022_11
NZL,New Zealand,Australia and New Zealand,Oceania,2023,2.0,11.0,2023,2.0,17.0,11.0,,10500.0,2800000.0,2882586.0,GABRIELLE,GABRIELLE_2023_02
MOZ,Mozambique,Sub-Saharan Africa,Africa,2023,2.0,24.0,2023,3.0,11.0,183.0,698.0,1231389.0,,,FREDDY,FREDDY_2023_02
MUS,Mauritius,Sub-Saharan Africa,Africa,2023,2.0,21.0,2023,2.0,22.0,1.0,,2500.0,,,FREDDY,FREDDY_2023_02
REU,Réunion,Sub-Saharan Africa,Africa,2023,2.0,21.0,2023,2.0,21.0,,,25000.0,,,FREDDY,FREDDY_2023_02
ZWE,Zimbabwe,Sub-Saharan Africa,Africa,2023,2.0,24.0,2023,3.0,8.0,2.0,,,,,FREDDY,FREDDY_2023_02
PER,Peru,Latin America and the Caribbean,Americas,2023,3.0,8.0,2023,3.0,11.0,8.0,,45000.0,705000.0,725794.0,STORM YAKU,
PHL,Philippines,South-eastern Asia,Asia,2023,4.0,17.0,2023,4.0,21.0,,,136149.0,222.0,229.0,TROPICAL DEPRESSION AMANG,
BGD,Bangladesh,Southern Asia,Asia,2023,5.0,13.0,2023,5.0,14.0,3.0,12.0,750012.0,1000.0,1029.0,MOCHA,MOCHA_2023_05
IND,India,Southern Asia,Asia,2023,5.0,14.0,2023,5.0,14.0,,,1000.0,,,MOCHA,MOCHA_2023_05
GUM,Guam,Micronesia,Oceania,2023,5.0,24.0,2023,5.0,25.0,2.0,,100000.0,4300000.0,4426829.0,MAWAR,MAWAR_2023_05
PHL,Philippines,South-eastern Asia,Asia,2023,5.0,24.0,2023,6.0,3.0,1.0,1.0,30501.0,,,MAWAR,MAWAR_2023_05
TWN,Taiwan (Province of China),Eastern Asia,Asia,2023,5.0,29.0,2023,5.0,31.0,1.0,,,,,MAWAR,MAWAR_2023_05
PAK,Pakistan,Southern Asia,Asia,2023,6.0,15.0,2023,6.0,15.0,1.0,,,,,BIPARJOY,BIPARJOY_2023_06
BRB,Barbados,Latin America and the Caribbean,Americas,2023,6.0,22.0,2023,6.0,23.0,,,179.0,,,BRET,BRET_2023_06
VCT,Saint Vincent and the Grenadines,Latin America and the Caribbean,Americas,2023,6.0,22.0,2023,6.0,23.0,,,150.0,,,BRET,BRET_2023_06
PHL,Philippines,South-eastern Asia,Asia,2023,7.0,12.0,2023,7.0,14.0,2.0,,450.0,,,TALIM,TALIM_2023_07
VNM,Viet Nam,South-eastern Asia,Asia,2023,7.0,14.0,2023,7.0,17.0,1.0,3.0,3.0,,,TALIM,TALIM_2023_07
CHN,China,Eastern Asia,Asia,2023,7.0,27.0,2023,8.0,2.0,56.0,39.0,880039.0,25000000.0,25737378.0,DOKSURI,DOKSURI_2023_07
PHL,Philippines,South-eastern Asia,Asia,2023,7.0,21.0,2023,7.0,27.0,39.0,171.0,5385237.0,284256.0,292640.0,DOKSURI,DOKSURI_2023_07
TWN,Taiwan (Province of China),Eastern Asia,Asia,2023,7.0,28.0,2023,7.0,28.0,1.0,68.0,68.0,10000.0,10295.0,DOKSURI,DOKSURI_2023_07
KOR,Republic of Korea,Eastern Asia,Asia,2023,8.0,10.0,2023,8.0,10.0,2.0,,,,,KHANOUN,
RUS,Russian Federation,Eastern Europe,Europe,2023,8.0,11.0,2023,8.0,16.0,3.0,,13200.0,,,KHANOUN,
DOM,Dominican Republic,Latin America and the Caribbean,Americas,2023,8.0,20.0,2023,8.0,23.0,3.0,,289083.0,,,FRANKLIN,FRANKLIN_2023_08
CUB,Cuba,Latin America and the Caribbean,Americas,2023,8.0,28.0,2023,8.0,29.0,,,,,,IDALIA,IDALIA_2023_08
USA,United States of America,Northern America,Americas,2023,8.0,28.0,2023,8.0,29.0,5.0,,,3500000.0,3603233.0,IDALIA,IDALIA_2023_08
CHN,China,Eastern Asia,Asia,2023,9.0,3.0,2023,9.0,4.0,1.0,2.0,2.0,690000.0,710352.0,SAOLA,SAOLA_2023_09
HKG,"China, Hong Kong Special Administrative Region",Eastern Asia,Asia,2023,9.0,1.0,2023,9.0,2.0,,86.0,86.0,,,SAOLA,SAOLA_2023_09
PHL,Philippines,South-eastern Asia,Asia,2023,8.0,22.0,2023,8.0,25.0,4.0,3.0,900003.0,33000.0,33973.0,SAOLA,SAOLA_2023_08
ARG,Argentina,Latin America and the Caribbean,Americas,2023,9.0,1.0,2023,9.0,14.0,,,6000.0,,,,
BRA,Brazil,Latin America and the Caribbean,Americas,2023,9.0,1.0,2023,9.0,4.0,46.0,924.0,341924.0,705000.0,725794.0,,
JPN,Japan,Eastern Asia,Asia,2023,9.0,8.0,2023,9.0,9.0,3.0,,3600.0,,,YUN YEUNG,
CHN,China,Eastern Asia,Asia,2023,10.0,6.0,2023,10.0,9.0,,,,,,KOINU,KOINU_2023_10
HKG,"China, Hong Kong Special Administrative Region",Eastern Asia,Asia,2023,10.0,6.0,2023,10.0,9.0,,,,,,KOINU,KOINU_2023_10
PHL,Philippines,South-eastern Asia,Asia,2023,10.0,4.0,2023,10.0,5.0,,,275.0,,,KOINU,KOINU_2023_10
TWN,Taiwan (Province of China),Eastern Asia,Asia,2023,10.0,5.0,2023,10.0,5.0,1.0,190.0,190.0,,,KOINU,KOINU_2023_10
MEX,Mexico,Latin America and the Caribbean,Americas,2023,10.0,22.0,2023,10.0,25.0,84.0,,988000.0,12000000.0,12353941.0,OTIS,OTIS_2023_10
SLB,Solomon Islands,Melanesia,Oceania,2023,10.0,24.0,2023,10.0,25.0,,,22319.0,,,LOLA,LOLA_2023_10
VUT,Vanuatu,Melanesia,Oceania,2023,10.0,24.0,2023,10.0,25.0,,,91000.0,,,LOLA,LOLA_2023_10
YEM,Yemen,Western Asia,Asia,2023,10.0,23.0,2023,10.0,24.0,7.0,150.0,150.0,,,TEJ,TEJ_2023_10
BGD,Bangladesh,Southern Asia,Asia,2023,10.0,24.0,2023,10.0,25.0,3.0,,1500000.0,250000.0,257374.0,HAMOON,HAMOON_2023_10
HND,Honduras,Latin America and the Caribbean,Americas,2023,10.0,29.0,2023,11.0,1.0,1.0,,,,,PILAR,PILAR_2023_10
SLV,El Salvador,Latin America and the Caribbean,Americas,2023,10.0,30.0,2023,11.0,2.0,3.0,,500.0,,,PILAR,PILAR_2023_10
IND,India,Southern Asia,Asia,2023,12.0,5.0,2023,12.0,6.0,20.0,,4390000.0,125000.0,128687.0,MICHAUNG,MICHAUNG_2023_12
FJI,Fiji,Melanesia,Oceania,2023,11.0,14.0,2023,11.0,15.0,,,230000.0,,,MAL,MAL_2023_11
AUS,Australia,Australia and New Zealand,Oceania,2023,12.0,13.0,2023,12.0,15.0,,,300.0,,,JASPER,JASPER_2023_12
PHL,Philippines,South-eastern Asia,Asia,2023,12.0,18.0,2023,12.0,19.0,1.0,1.0,425867.0,42.0,43.0,JELAWAT,JELAWAT_2023_12
MDG,Madagascar,Sub-Saharan Africa,Africa,2024,1.0,1.0,2024,1.0,2.0,10.0,,25837.0,,,ALVARO,ALVARO_2024_01
MUS,Mauritius,Sub-Saharan Africa,Africa,2024,1.0,15.0,2024,1.0,16.0,2.0,,100000.0,,,BELAL,
REU,Réunion,Sub-Saharan Africa,Africa,2024,1.0,15.0,2024,1.0,15.0,4.0,,700.0,,,BELAL,
MOZ,Mozambique,Sub-Saharan Africa,Africa,2024,3.0,12.0,2024,3.0,12.0,2.0,85.0,93325.0,,,TROP CAL STORM FILIPO,FILIPO_2024_03
MDG,Madagascar,Sub-Saharan Africa,Africa,2024,3.0,26.0,2024,3.0,29.0,22.0,4.0,89469.0,50000.0,50000.0,GAMANE,GAMANE_2024_03
BGD,Bangladesh,Southern Asia,Asia,2024,5.0,26.0,2024,5.0,30.0,16.0,13.0,4590013.0,90700.0,90700.0,REMAL,REMAL_2024_05
IND,India,Southern Asia,Asia,2024,5.0,26.0,2024,5.0,30.0,51.0,500.0,2109643.0,,,REMAL,REMAL_2024_05
PHL,Philippines,South-eastern Asia,Asia,2024,5.0,24.0,2024,5.0,27.0,6.0,8.0,52008.0,20000.0,20000.0,EWINIAR,EWINIAR_2024_05
GTM,Guatemala,Latin America and the Caribbean,Americas,2024,6.0,21.0,2024,6.0,22.0,10.0,,14400.0,,,ALBERTO,ALBERTO_2024_06
HND,Honduras,Latin America and the Caribbean,Americas,2024,6.0,17.0,2024,6.0,22.0,1.0,,1500.0,,,ALBERTO,ALBERTO_2024_06
MEX,Mexico,Latin America and the Caribbean,Americas,2024,6.0,20.0,2024,6.0,22.0,4.0,,,140000.0,140000.0,ALBERTO,ALBERTO_2024_06
BRB,Barbados,Latin America and the Caribbean,Americas,2024,7.0,1.0,2024,7.0,2.0,,,2500.0,,,BERYL,BERYL_2024_07
CAN,Canada,Northern America,Americas,2024,7.0,12.0,2024,7.0,12.0,1.0,,,,,BERYL,BERYL_2024_07
GRD,Grenada,Latin America and the Caribbean,Americas,2024,7.0,1.0,2024,7.0,4.0,8.0,27.0,12027.0,218000.0,218000.0,BERYL,BERYL_2024_07
USA,United States of America,Northern America,Americas,2024,7.0,8.0,2024,7.0,9.0,46.0,,207.0,7200000.0,7200000.0,BERYL,BERYL_2024_07
VCT,Saint Vincent and the Grenadines,Latin America and the Caribbean,Americas,2024,7.0,1.0,2024,7.0,4.0,8.0,28.0,40028.0,230600.0,230600.0,BERYL,BERYL_2024_07
VEN,Venezuela (Bolivarian Republic of),Latin America and the Caribbean,Americas,2024,7.0,1.0,2024,7.0,4.0,9.0,,29000.0,,,BERYL,BERYL_2024_07
MEX,Mexico,Latin America and the Caribbean,Americas,2024,6.0,30.0,2024,6.0,30.0,6.0,,20000.0,,,TROPICA STORM CHRIS,CHRIS_2024_06
CHN,China,Eastern Asia,Asia,2024,7.0,24.0,2024,7.0,25.0,129.0,,,4120000.0,4120000.0,GAEMI AND BUTCHOY,GAEMI_2024_07
PHL,Philippines,South-eastern Asia,Asia,2024,7.0,22.0,2024,7.0,23.0,53.0,16.0,6498934.0,211000.0,211000.0,GAEMI AND BUTCHOY,GAEMI_2024_07
TWN,Taiwan (Province of China),Eastern Asia,Asia,2024,7.0,24.0,2024,7.0,25.0,12.0,902.0,902.0,245000.0,245000.0,GAEMI AND BUTCHOY,GAEMI_2024_07
CAN,Canada,Northern America,Americas,2024,8.0,8.0,2024,8.0,10.0,1.0,,,3000000.0,3000000.0,DEBBY,DEBBY_2024_08
USA,United States of America,Northern America,Americas,2024,8.0,5.0,2024,8.0,6.0,17.0,,,2500000.0,2500000.0,DEBBY,DEBBY_2024_08
JPN,Japan,Eastern Asia,Asia,2024,8.0,30.0,2024,9.0,1.0,9.0,127.0,6727.0,500000.0,500000.0,SHANSHAN,SHANSHAN_2024_08
CHN,China,Eastern Asia,Asia,2024,9.0,6.0,2024,9.0,7.0,4.0,95.0,95.0,,,YAGI,YAGI_2024_09
LAO,Lao People's Democratic Republic,South-eastern Asia,Asia,2024,9.0,1.0,2024,9.0,8.0,5.0,,51440.0,300000.0,300000.0,YAGI,YAGI_2024_09
PHL,Philippines,South-eastern Asia,Asia,2024,9.0,1.0,2024,9.0,4.0,33.0,22.0,3000022.0,33000.0,33000.0,YAGI,YAGI_2024_09
THA,Thailand,South-eastern Asia,Asia,2024,9.0,,2024,9.0,,45.0,100.0,100.0,904000.0,904000.0,YAGI,YAGI_2024_09
VNM,Viet Nam,South-eastern Asia,Asia,2024,9.0,6.0,2024,9.0,7.0,345.0,1978.0,3601978.0,2000000.0,2000000.0,YAGI,YAGI_2024_09
CHN,China,Eastern Asia,Asia,2024,9.0,16.0,2024,9.0,16.0,2.0,,,,,BEBINCA,BEBINCA_2024_09
PHL,Philippines,South-eastern Asia,Asia,2024,9.0,16.0,2024,9.0,16.0,12.0,11.0,203011.0,,,BEBINCA,BEBINCA_2024_09
USA,United States of America,Northern America,Americas,2024,9.0,11.0,2024,9.0,12.0,,,,1300000.0,1300000.0,FRANCINE,FRANCINE_2024_09
CHN,China,Eastern Asia,Asia,2024,9.0,20.0,2024,9.0,20.0,,,,,,PULASAN,PULASAN_2024_09
JPN,Japan,Eastern Asia,Asia,2024,9.0,21.0,2024,9.0,22.0,9.0,12.0,612.0,,,PULASAN,PULASAN_2024_09
KOR,Republic of Korea,Eastern Asia,Asia,2024,9.0,20.0,2024,9.0,21.0,1.0,,,,,PULASAN,PULASAN_2024_09
MEX,Mexico,Latin America and the Caribbean,Americas,2024,9.0,24.0,2024,9.0,27.0,24.0,,3150.0,2450000.0,2450000.0,JOHN,JOHN_2024_09
CUB,Cuba,Latin America and the Caribbean,Americas,2024,9.0,27.0,2024,9.0,28.0,,,,,,HELENE,HELENE_2024_09
MEX,Mexico,Latin America and the Caribbean,Americas,2024,9.0,27.0,2024,9.0,28.0,,,,,,HELENE,HELENE_2024_09
PHL,Philippines,South-eastern Asia,Asia,2024,9.0,15.0,2024,9.0,19.0,38.0,13.0,95013.0,,,TROPICAL DEPRESSION SOULIK,SOULIK_2024_09
VNM,Viet Nam,South-eastern Asia,Asia,2024,9.0,15.0,2024,9.0,19.0,3.0,,1850.0,,,TROPICAL DEPRESSION SOULIK,SOULIK_2024_09
PHL,Philippines,South-eastern Asia,Asia,2024,9.0,29.0,2024,9.0,30.0,4.0,8.0,219008.0,11000.0,11000.0,KRATHON,KRATHON_2024_09
TWN,Taiwan (Province of China),Eastern Asia,Asia,2024,10.0,2.0,2024,10.0,3.0,3.0,500.0,500.0,,,KRATHON,KRATHON_2024_10
MEX,Mexico,Latin America and the Caribbean,Americas,2024,10.0,9.0,2024,10.0,10.0,9.0,,,,,MILTON,MILTON_2024_10
CHN,China,Eastern Asia,Asia,2024,10.0,27.0,2024,10.0,30.0,8.0,,,32200.0,32200.0,TRAMI,TRAMI_2024_10
VNM,Viet Nam,South-eastern Asia,Asia,2024,10.0,25.0,2024,10.0,30.0,6.0,5.0,143429.0,20600.0,20600.0,TRAMI,TRAMI_2024_10
BGD,Bangladesh,Southern Asia,Asia,2024,10.0,24.0,2024,10.0,25.0,2.0,,,,,DANA,DANA_2024_10
IND,India,Southern Asia,Asia,2024,10.0,24.0,2024,10.0,25.0,9.0,12.0,3810012.0,73300.0,73300.0,DANA,DANA_2024_10
CUB,Cuba,Latin America and the Caribbean,Americas,2024,10.0,20.0,2024,10.0,21.0,10.0,,320000.0,50000.0,50000.0,OSCAR,OSCAR_2024_10
MEX,Mexico,Latin America and the Caribbean,Americas,2024,10.0,15.0,2024,10.0,19.0,3.0,,3900.0,,,NADINE,NADINE_2024_10
PHL,Philippines,South-eastern Asia,Asia,2024,10.0,26.0,2024,11.0,1.0,,,,,,KONG REY,
TWN,Taiwan (Province of China),Eastern Asia,Asia,2024,10.0,31.0,2024,10.0,31.0,3.0,690.0,690.0,41000.0,41000.0,KONG REY,
COL,Colombia,Latin America and the Caribbean,Americas,2024,11.0,6.0,2024,11.0,10.0,1.0,,,150000.0,150000.0,RAFAEL,RAFAEL_2024_11
CRI,Costa Rica,Latin America and the Caribbean,Americas,2024,11.0,6.0,2024,11.0,10.0,,,,980.0,980.0,RAFAEL,RAFAEL_2024_11
CUB,Cuba,Latin America and the Caribbean,Americas,2024,11.0,6.0,2024,11.0,7.0,,,4000000.0,1080000.0,1080000.0,RAFAEL,RAFAEL_2024_11
JAM,Jamaica,Latin America and the Caribbean,Americas,2024,11.0,6.0,2024,11.0,10.0,2.0,,,8000.0,8000.0,RAFAEL,RAFAEL_2024_11
PHL,Philippines,South-eastern Asia,Asia,2024,11.0,16.0,2024,11.0,17.0,15.0,14.0,3967014.0,100000.0,100000.0,MAN YI,
BLZ,Belize,Latin America and the Caribbean,Americas,2024,11.0,15.0,2024,11.0,18.0,,,162.0,,,SARA,SARA_2024_11
CRI,Costa Rica,Latin America and the Caribbean,Americas,2024,11.0,15.0,2024,11.0,16.0,,,3418.0,,,SARA,SARA_2024_11
DOM,Dominican Republic,Latin America and the Caribbean,Americas,2024,11.0,17.0,2024,11.0,18.0,2.0,,15000.0,,,SARA,SARA_2024_11
GTM,Guatemala,Latin America and the Caribbean,Americas,2024,11.0,15.0,2024,11.0,17.0,,,50240.0,,,SARA,SARA_2024_11
HND,Honduras,Latin America and the Caribbean,Americas,2024,11.0,15.0,2024,11.0,17.0,2.0,,127716.0,,,SARA,SARA_2024_11
HTI,Haiti,Latin America and the Caribbean,Americas,2024,11.0,17.0,2024,11.0,18.0,1.0,,,,,SARA,SARA_2024_11
NIC,Nicaragua,Latin America and the Caribbean,Americas,2024,11.0,17.0,2024,11.0,18.0,2.0,,,,,SARA,SARA_2024_11
SLV,El Salvador,Latin America and the Caribbean,Americas,2024,11.0,15.0,2024,11.0,16.0,,,480.0,,,SARA,SARA_2024_11
IND,India,Southern Asia,Asia,2024,12.0,1.0,2024,12.0,1.0,20.0,,,,,STORM FENGAL,FENGAL_2024_12
LKA,Sri Lanka,Southern Asia,Asia,2024,11.0,25.0,2024,11.0,28.0,17.0,19.0,441392.0,,,STORM FENGAL,FENGAL_2024_11
COM,Comoros,Sub-Saharan Africa,Africa,2024,12.0,13.0,2024,12.0,17.0,,5.0,64155.0,,,CHIDO,CHIDO_2024_12
MOZ,Mozambique,Sub-Saharan Africa,Africa,2024,12.0,13.0,2024,12.0,16.0,120.0,868.0,454839.0,,,CHIDO,CHIDO_2024_12
MYT,Mayotte,Sub-Saharan Africa,Africa,2024,12.0,13.0,2024,12.0,16.0,35.0,1373.0,231373.0,752000.0,752000.0,CHIDO,CHIDO_2024_12
TZA,United Republic of Tanzania,Sub-Saharan Africa,Africa,2024,5.0,3.0,2024,5.0,5.0,5.0,,7775.0,185000.0,185000.0,HIDAYA,HIDAYA_2024_05
MDG,Madagascar,Sub-Saharan Africa,Africa,2025,1.0,11.0,2025,1.0,12.0,3.0,,7028.0,,,DIKELEDI,DIKELEDI_2025_01
MOZ,Mozambique,Sub-Saharan Africa,Africa,2025,1.0,13.0,2025,1.0,14.0,6.0,4.0,283338.0,,,DIKELEDI,DIKELEDI_2025_01
MDG,Madagascar,Sub-Saharan Africa,Africa,2025,2.0,4.0,2025,2.0,5.0,,,365.0,,,FAIDA,FAIDA_2025_02
MDG,Madagascar,Sub-Saharan Africa,Africa,2025,2.0,27.0,2025,3.0,2.0,4.0,69.0,50254.0,10000.0,,HONDE,
MDG,Madagascar,Sub-Saharan Africa,Africa,2025,3.0,8.0,2025,3.0,15.0,1.0,1.0,15001.0,,,JUDE,JUDE_2025_03
PHL,Philippines,South-eastern Asia,Asia,2025,6.0,9.0,2025,6.0,10.0,3.0,1.0,17517.0,,,WUTIP,WUTIP_2025_06
VNM,Viet Nam,South-eastern Asia,Asia,2025,6.0,14.0,2025,6.0,15.0,9.0,,17500.0,,,WUTIP,WUTIP_2025_06
TWN,Taiwan (Province of China),Eastern Asia,Asia,2025,7.0,6.0,2025,7.0,7.0,2.0,330.0,330.0,82000.0,,DANAS,DANAS_2025_07
GTM,Guatemala,Latin America and the Caribbean,Americas,2025,6.0,17.0,2025,6.0,20.0,16.0,26.0,4726.0,,,ERIK,
HND,Honduras,Latin America and the Caribbean,Americas,2025,6.0,17.0,2025,6.0,20.0,1.0,,25000.0,,,ERIK,
CHN,China,Eastern Asia,Asia,2025,8.0,12.0,2025,8.0,13.0,,,,,,PODUL,PODUL_2025_08
TWN,Taiwan (Province of China),Eastern Asia,Asia,2025,8.0,13.0,2025,8.0,14.0,1.0,100.0,100.0,,,PODUL,PODUL_2025_08
CHN,China,Eastern Asia,Asia,2025,8.0,25.0,2025,8.0,26.0,,,100000.0,,,KAJIKI,KAJIKI_2025_08
MMR,Myanmar,South-eastern Asia,Asia,2025,8.0,25.0,2025,8.0,27.0,,,430.0,,,KAJIKI,KAJIKI_2025_08
THA,Thailand,South-eastern Asia,Asia,2025,8.0,25.0,2025,8.0,26.0,12.0,15.0,6315.0,,,KAJIKI,KAJIKI_2025_08
CHN,China,Eastern Asia,Asia,2025,9.0,22.0,2025,9.0,22.0,,,,,,RAGASA,RAGASA_2025_09
PHL,Philippines,South-eastern Asia,Asia,2025,9.0,22.0,2025,9.0,22.0,11.0,,690000.0,300000.0,,RAGASA,RAGASA_2025_09
THA,Thailand,South-eastern Asia,Asia,2025,9.0,22.0,2025,9.0,26.0,4.0,,247500.0,,,RAGASA,RAGASA_2025_09
TWN,Taiwan (Province of China),Eastern Asia,Asia,2025,9.0,22.0,2025,9.0,22.0,36.0,54.0,54.0,,,RAGASA,RAGASA_2025_09
BHS,Bahamas,Latin America and the Caribbean,Americas,2025,9.0,27.0,2025,10.0,2.0,,,600.0,,,IMELDA,IMELDA_2025_09
CUB,Cuba,Latin America and the Caribbean,Americas,2025,9.0,26.0,2025,9.0,27.0,2.0,,,,,IMELDA,IMELDA_2025_09
DOM,Dominican Republic,Latin America and the Caribbean,Americas,2025,9.0,27.0,2025,9.0,28.0,1.0,,3000.0,,,IMELDA,IMELDA_2025_09
PRI,Puerto Rico,Latin America and the Caribbean,Americas,2025,9.0,27.0,2025,9.0,28.0,1.0,,,,,IMELDA,IMELDA_2025_09
PHL,Philippines,South-eastern Asia,Asia,2025,9.0,29.0,2025,10.0,3.0,1.0,,314000.0,,,MATMO,MATMO_2025_09
VNM,Viet Nam,South-eastern Asia,Asia,2025,10.0,6.0,2025,10.0,7.0,13.0,,65000.0,1900.0,,MATMO,MATMO_2025_10
PHL,Philippines,South-eastern Asia,Asia,2025,10.0,18.0,2025,10.0,19.0,9.0,1.0,330001.0,,,FENGSHEN,FENGSHEN_2025_10
VNM,Viet Nam,South-eastern Asia,Asia,2025,10.0,23.0,2025,10.0,24.0,1.0,,696.0,,,FENGSHEN,FENGSHEN_2025_10
BHS,Bahamas,Latin America and the Caribbean,Americas,2025,10.0,27.0,2025,10.0,28.0,,,2000.0,,,MELISSA,MELISSA_2025_10
BMU,Bermuda,Northern America,Americas,2025,10.0,29.0,2025,10.0,31.0,,,,,,MELISSA,MELISSA_2025_10
DOM,Dominican Republic,Latin America and the Caribbean,Americas,2025,10.0,26.0,2025,10.0,26.0,5.0,,1274237.0,,,MELISSA,MELISSA_2025_10
HTI,Haiti,Latin America and the Caribbean,Americas,2025,10.0,26.0,2025,10.0,26.0,56.0,21.0,2300021.0,,,MELISSA,MELISSA_2025_10
PAN,Panama,Latin America and the Caribbean,Americas,2025,10.0,27.0,2025,10.0,28.0,3.0,,800.0,,,MELISSA,MELISSA_2025_10
VNM,Viet Nam,South-eastern Asia,Asia,2025,11.0,6.0,2025,11.0,7.0,8.0,7.0,11407.0,,,KALMAEGI,KALMAEGI_2025_11
IDN,Indonesia,South-eastern Asia,Asia,2025,11.0,24.0,2025,11.0,27.0,1109.0,5037.0,3205037.0,4000000.0,,SENYAR,SENYAR_2025_11
IND,India,Southern Asia,Asia,2025,11.0,27.0,2025,11.0,29.0,3.0,,,40000.0,,DITWAH,DITWAH_2025_11
CUB,Cuba,Latin America and the Caribbean,Americas,2018,5.0,29.0,2018,6.0,2.0,9.0,,40000.0,,,ALBERTO,ALBERTO_2018_05
CHN,China,Eastern Asia,Asia,2018,7.0,10.0,2018,7.0,11.0,,,45000.0,490000.0,612121.0,MARIA,MARIA_2018_07
JPN,Japan,Eastern Asia,Asia,2018,9.0,4.0,2018,9.0,5.0,17.0,600.0,3900.0,12500000.0,15615319.0,JEBI,JEBI_2018_09
TZA,United Republic of Tanzania,Sub-Saharan Africa,Africa,2019,4.0,26.0,2019,4.0,26.0,,,2000000.0,,,KENNETH,KENNETH_2019_04
JPN,Japan,Eastern Asia,Asia,2019,10.0,12.0,2019,10.0,17.0,99.0,470.0,390470.0,17000000.0,20858817.0,TROPICAL CYLONE HAGIBIS,HAGIBIS_2019_10
TWN,Taiwan (Province of China),Eastern Asia,Asia,2019,8.0,10.0,2019,8.0,10.0,2.0,,,,,LEKIMA,LEKIMA_2019_08
KOR,Republic of Korea,Eastern Asia,Asia,2019,9.0,24.0,2019,9.0,24.0,2.0,,83370.0,,,TAPAH,TAPAH_2019_09
MEX,Mexico,Latin America and the Caribbean,Americas,2019,9.0,30.0,2019,9.0,30.0,2.0,,1000.0,,,NARDA,NARDA_2019_09
VNM,Viet Nam,South-eastern Asia,Asia,2019,11.0,3.0,2019,11.0,3.0,1.0,14.0,20014.0,,,MATMO,MATMO_2019_11
BGD,Bangladesh,Southern Asia,Asia,2019,11.0,9.0,2019,11.0,10.0,40.0,71.0,251506.0,5785.0,7098.0,BULBUL,
COM,Comoros,Sub-Saharan Africa,Africa,2019,12.0,5.0,2019,12.0,8.0,,,,,,BELNA,BELNA_2019_12
PHL,Philippines,South-eastern Asia,Asia,2019,12.0,24.0,2019,12.0,28.0,63.0,369.0,3297246.0,15722.0,19291.0,PHANFONE,PHANFONE_2019_12
FJI,Fiji,Melanesia,Oceania,2020,4.0,8.0,2020,4.0,9.0,1.0,,180000.0,13000.0,15756.0,HAROLD,HAROLD_2020_04
AUS,Australia,Australia and New Zealand,Oceania,2000,4.0,3.0,2000,4.0,3.0,,,400.0,60000.0,109299.0,TESSI,TESSI_2000_04
IND,India,Southern Asia,Asia,2020,5.0,20.0,2020,5.0,20.0,90.0,,18000000.0,13500000.0,16362509.0,AMPHAN,AMPHAN_2020_05
GTM,Guatemala,Latin America and the Caribbean,Americas,2020,5.0,30.0,2020,5.0,31.0,2.0,,306886.0,,,AMANDA,AMANDA_2020_05
MEX,Mexico,Latin America and the Caribbean,Americas,2020,6.0,3.0,2020,6.0,3.0,,,606.0,,,CRISTOBAL,CRISTOBAL_2020_06
TWN,Taiwan (Province of China),Eastern Asia,Asia,2020,8.0,3.0,2020,8.0,4.0,1.0,1.0,1.0,,,HAGUPIT,HAGUPIT_2020_08
DOM,Dominican Republic,Latin America and the Caribbean,Americas,2020,7.0,31.0,2020,8.0,2.0,2.0,,5595.0,165000.0,199986.0,ISAIAS,ISAIAS_2020_07
KOR,Republic of Korea,Eastern Asia,Asia,2020,9.0,3.0,2020,9.0,4.0,1.0,,2400.0,,,MAISAK,
PAN,Panama,Latin America and the Caribbean,Americas,2020,11.0,17.0,2020,11.0,18.0,4.0,,,,,IOTA,IOTA_2020_11
VNM,Viet Nam,South-eastern Asia,Asia,2020,10.0,6.0,2020,11.0,3.0,243.0,,1500000.0,850000.0,1030232.0,LINFA,LINFA_2020_10
CHN,China,Eastern Asia,Asia,2020,10.0,13.0,2020,10.0,14.0,6.0,,,14000.0,16969.0,NANGKA,NANGKA_2020_10
USA,United States of America,Northern America,Americas,2020,9.0,11.0,2020,9.0,18.0,8.0,,,6300000.0,7635838.0,SALLY,SALLY_2020_09
GTM,Guatemala,Latin America and the Caribbean,Americas,2020,11.0,3.0,2020,11.0,4.0,160.0,30.0,2415888.0,386000.0,467847.0,ETA,ETA_2020_11
PAN,Panama,Latin America and the Caribbean,Americas,2020,11.0,3.0,2020,11.0,4.0,79.0,,5000.0,11000.0,13332.0,ETA,ETA_2020_11
SOM,Somalia,Sub-Saharan Africa,Africa,2020,11.0,22.0,2020,11.0,23.0,9.0,,120000.0,,,GATI,GATI_2020_11
ZAF,South Africa,Sub-Saharan Africa,Africa,2021,1.0,24.0,2021,1.0,24.0,4.0,,3200.0,,,ELOISE,ELOISE_2021_01
PHL,Philippines,South-eastern Asia,Asia,2021,4.0,22.0,2021,4.0,22.0,9.0,,15000.0,20000.0,23153.0,SURIGAE,
IND,India,Southern Asia,Asia,2021,5.0,14.0,2021,5.0,19.0,198.0,153.0,700153.0,1400000.0,1620714.0,TAUKTAE,TAUKTAE_2021_05
IND,India,Southern Asia,Asia,2021,5.0,25.0,2021,5.0,29.0,19.0,,1625000.0,3000000.0,3472960.0,YAAS,YAAS_2021_05
VNM,Viet Nam,South-eastern Asia,Asia,2021,6.0,12.0,2021,6.0,13.0,1.0,,750.0,10000.0,11577.0,KOGUMA,KOGUMA_2021_06
MEX,Mexico,Latin America and the Caribbean,Americas,2021,8.0,21.0,2021,8.0,23.0,13.0,,,500000.0,578827.0,GRACE,GRACE_2021_08
USA,United States of America,Northern America,Americas,2021,8.0,28.0,2021,9.0,2.0,96.0,,14000.0,65000000.0,75247457.0,IDA,IDA_2021_08
KOR,Republic of Korea,Eastern Asia,Asia,2021,8.0,23.0,2021,8.0,24.0,,,600.0,13000.0,15049.0,TROPICAL DEPRESSION OMAIS,OMAIS_2021_08
PHL,Philippines,South-eastern Asia,Asia,2021,9.0,6.0,2021,9.0,8.0,17.0,24.0,313397.0,,,CONSON,CONSON_2021_09
SPI,Canary Islands,Northern Africa,Africa,2005,11.0,27.0,2005,11.0,29.0,19.0,,,375000.0,602347.0,,
MDG,Madagascar,Sub-Saharan Africa,Africa,2022,2.0,23.0,2022,2.0,24.0,15.0,,169000.0,16000.0,17150.0,EMNATI,EMNATI_2022_02
MOZ,Mozambique,Sub-Saharan Africa,Africa,2022,3.0,11.0,2022,3.0,14.0,63.0,108.0,736123.0,,,GOMBE,GOMBE_2022_03
LKA,Sri Lanka,Southern Asia,Asia,2022,12.0,6.0,2022,12.0,8.0,2.0,,6500.0,,,MANDOUS,MANDOUS_2022_12
MEX,Mexico,Latin America and the Caribbean,Americas,2022,5.0,30.0,2022,5.0,31.0,31.0,,,51000.0,54666.0,AGATHA,AGATHA_2022_05
CHN,China,Eastern Asia,Asia,2022,7.0,1.0,2022,7.0,4.0,24.0,,,463000.0,496277.0,CHABA,CHABA_2022_07
SLV,El Salvador,Latin America and the Caribbean,Americas,2022,10.0,10.0,2022,10.0,11.0,10.0,,9273.0,17000.0,18222.0,JULIA,JULIA_2022_10
MEX,Mexico,Latin America and the Caribbean,Americas,2022,10.0,15.0,2022,10.0,16.0,3.0,,1000.0,,,KARL,KARL_2022_10
PHL,Philippines,South-eastern Asia,Asia,2022,10.0,15.0,2022,10.0,16.0,,2.0,103602.0,,,NESAT,NESAT_2022_10
MEX,Mexico,Latin America and the Caribbean,Americas,2022,10.0,23.0,2022,10.0,23.0,4.0,,15000.0,,,ROSLYN,ROSLYN_2022_10
VUT,Vanuatu,Melanesia,Oceania,2023,3.0,2.0,2023,3.0,4.0,,,251356.0,,,KEVIN,KEVIN_2023_03
AUS,Australia,Australia and New Zealand,Oceania,2000,2.0,27.0,2000,3.0,13.0,1.0,,200.0,90000.0,163949.0,STEVE,STEVE_2000_02
PHL,Philippines,South-eastern Asia,Asia,2000,5.0,18.0,2000,5.0,18.0,12.0,4.0,235889.0,1201.0,2188.0,BIRING,
MOZ,Mozambique,Sub-Saharan Africa,Africa,2000,4.0,2.0,2000,4.0,2.0,1.0,4.0,304.0,,,HUDAH,HUDAH_2000_04
TWN,Taiwan (Province of China),Eastern Asia,Asia,2000,8.0,22.0,2000,8.0,23.0,14.0,100.0,2100.0,135000.0,245923.0,BILIS,BILIS_2000_08
JPN,Japan,Eastern Asia,Asia,2000,7.0,8.0,2000,7.0,9.0,4.0,,900.0,300000.0,546496.0,KIROGI,KIROGI_2000_07
VNM,Viet Nam,South-eastern Asia,Asia,2000,8.0,20.0,2000,8.0,20.0,15.0,4.0,4.0,5000.0,9108.0,KAEMI,KAEMI_2000_08
PRK,Democratic People's Republic of Korea,Eastern Asia,Asia,2000,8.0,31.0,2000,9.0,4.0,46.0,180.0,627180.0,6000000.0,10929927.0,PRAPIROON 12,PRAPIROON_2000_08
LKA,Sri Lanka,Southern Asia,Asia,2000,12.0,24.0,2000,12.0,28.0,5.0,,375000.0,,,04B,
AUS,Australia,Australia and New Zealand,Oceania,2000,12.0,7.0,2000,12.0,7.0,,,750.0,,,SAM,SAM_2000_12
VUT,Vanuatu,Melanesia,Oceania,2001,2.0,28.0,2001,2.0,28.0,1.0,,,,,PAULA,PAULA_2001_02
VUT,Vanuatu,Melanesia,Oceania,2001,4.0,7.0,2001,4.0,7.0,1.0,,800.0,,,SOSE,SOSE_2001_04
BGD,Bangladesh,Southern Asia,Asia,2001,4.0,1.0,2001,4.0,1.0,193.0,2000.0,2500.0,,,,
CHN,China,Eastern Asia,Asia,2001,7.0,1.0,2001,7.0,1.0,33.0,8298.0,14998298.0,2743000.0,4859462.0,DURIAN AND UTOR,DURIAN_2001_07
JPN,Japan,Eastern Asia,Asia,2001,8.0,21.0,2001,8.0,23.0,9.0,40.0,7040.0,800000.0,1417269.0,PABUK,PABUK_2001_08
GTM,Guatemala,Latin America and the Caribbean,Americas,2001,10.0,8.0,2001,10.0,11.0,8.0,11.0,6446.0,100.0,177.0,IRIS,IRIS_2001_10
TWN,Taiwan (Province of China),Eastern Asia,Asia,2001,9.0,16.0,2001,9.0,20.0,80.0,200.0,650200.0,800000.0,1417269.0,NARI,NARI_2001_09
IND,India,Southern Asia,Asia,2001,10.0,,2001,10.0,,78.0,,27000.0,,,,
NIC,Nicaragua,Latin America and the Caribbean,Americas,2001,11.0,1.0,2001,11.0,4.0,16.0,,24866.0,1000.0,1772.0,MICHELLE,MICHELLE_2001_11
PHL,Philippines,South-eastern Asia,Asia,2001,11.0,8.0,2001,11.0,8.0,290.0,147.0,1060147.0,22700.0,40215.0,LINGLING,LINGLING_2001_11
JAM,Jamaica,Latin America and the Caribbean,Americas,2001,11.0,6.0,2001,11.0,6.0,1.0,,200.0,55487.0,98300.0,MICHELLE,MICHELLE_2001_11
TON,Tonga,Polynesia,Oceania,2001,12.0,31.0,2001,12.0,31.0,,,16500.0,51300.0,90882.0,WAKA,
MEX,Mexico,Latin America and the Caribbean,Americas,2001,8.0,21.0,2001,8.0,21.0,,,2500.0,,,CHANTAL,CHANTAL_2001_08
FSM,Micronesia (Federated States of),Micronesia,Oceania,2002,7.0,1.0,2002,7.0,1.0,47.0,148.0,1448.0,500.0,872.0,CHATAAN,CHATAAN_2002_07
JPN,Japan,Eastern Asia,Asia,2002,7.0,5.0,2002,7.0,5.0,5.0,18.0,100018.0,5000.0,8720.0,CHATAAN,CHATAAN_2002_07
KOR,Republic of Korea,Eastern Asia,Asia,2002,8.0,31.0,2002,9.0,6.0,184.0,,88625.0,4200000.0,7324495.0,RUSA,RUSA_2002_08
PRK,Democratic People's Republic of Korea,Eastern Asia,Asia,2002,8.0,31.0,2002,9.0,6.0,3.0,,7401.0,500.0,872.0,RUSA,RUSA_2002_08
CHN,China,Eastern Asia,Asia,2002,9.0,13.0,2002,9.0,13.0,25.0,,180000.0,,,HAGUPIT,HAGUPIT_2002_09
JAM,Jamaica,Latin America and the Caribbean,Americas,2002,9.0,30.0,2002,9.0,30.0,4.0,,1500.0,30.0,52.0,LILI,LILI_2002_09
SLB,Solomon Islands,Melanesia,Oceania,2002,12.0,28.0,2002,12.0,29.0,,10.0,1110.0,,,ZOE,
MNP,Northern Mariana Islands,Micronesia,Oceania,2002,12.0,8.0,2002,12.0,8.0,,,300.0,,,PONGSONA,
PHL,Philippines,South-eastern Asia,Asia,2003,6.0,15.0,2003,6.0,18.0,13.0,3.0,127130.0,2455.0,4186.0,SOUDELOR,SOUDELOR_2003_06
RUS,Russian Federation,Eastern Europe,Europe,2003,8.0,8.0,2003,8.0,11.0,,,,,,ETAU,ETAU_2003_08
TWN,Taiwan (Province of China),Eastern Asia,Asia,2003,9.0,2.0,2003,9.0,2.0,3.0,,,,,DUJUAN,DUJUAN_2003_09
VNM,Viet Nam,South-eastern Asia,Asia,2003,7.0,23.0,2003,7.0,23.0,,18.0,5018.0,,,KONI,KONI_2003_07
CHN,China,Eastern Asia,Asia,2003,9.0,1.0,2003,9.0,3.0,38.0,1000.0,69925.0,241000.0,410957.0,DUJUAN,DUJUAN_2003_09
USA,United States of America,Northern America,Americas,2003,9.0,18.0,2003,9.0,22.0,16.0,,225000.0,3370000.0,5746582.0,ISABEL,ISABEL_2003_09
OMN,Oman,Western Asia,Asia,2018,10.0,14.0,2018,10.0,14.0,,,,,,LUBAN,LUBAN_2018_10
PRI,Puerto Rico,Latin America and the Caribbean,Americas,2003,12.0,9.0,2003,12.0,9.0,,,100.0,,,ODETTE,ODETTE_2003_12
ASM,American Samoa,Polynesia,Oceania,2004,1.0,5.0,2004,1.0,5.0,,60.0,23060.0,150000.0,249113.0,HETA,
PHL,Philippines,South-eastern Asia,Asia,2003,7.0,15.0,2003,7.0,19.0,8.0,1.0,116602.0,1499.0,2556.0,GILAS,
WSM,Samoa,Polynesia,Oceania,2004,1.0,5.0,2004,1.0,5.0,1.0,,,,,HETA,
BRA,Brazil,Latin America and the Caribbean,Americas,2004,3.0,27.0,2004,3.0,29.0,4.0,60.0,150060.0,350000.0,581264.0,CATARINA,
TWN,Taiwan (Province of China),Eastern Asia,Asia,2004,6.0,29.0,2004,7.0,4.0,28.0,6.0,1171.0,400000.0,664302.0,MINDULLE,MINDULLE_2004_06
CHN,China,Eastern Asia,Asia,2004,8.0,6.0,2004,8.0,12.0,188.0,4000.0,9062000.0,2190000.0,3637053.0,RANANIM,RANANIM_2004_08
CUB,Cuba,Latin America and the Caribbean,Americas,2004,8.0,14.0,2004,8.0,14.0,4.0,5.0,244005.0,1000000.0,1660755.0,CHARLEY,CHARLEY_2004_08
CYM,Cayman Islands,Latin America and the Caribbean,Americas,2004,8.0,13.0,2004,8.0,13.0,,,,5000.0,8304.0,CHARLEY,CHARLEY_2004_08
USA,United States of America,Northern America,Americas,2004,8.0,13.0,2004,8.0,13.0,10.0,,30000.0,16000000.0,26572079.0,CHARLEY,CHARLEY_2004_08
JPN,Japan,Eastern Asia,Asia,2004,8.0,17.0,2004,8.0,20.0,11.0,,8502.0,500000.0,830377.0,MEGI,MEGI_2004_08
DOM,Dominican Republic,Latin America and the Caribbean,Americas,2004,9.0,2.0,2004,9.0,2.0,,,250.0,,,FRANCES,FRANCES_2004_09
TCA,Turks and Caicos Islands,Latin America and the Caribbean,Americas,2004,9.0,1.0,2004,9.0,1.0,,,200.0,,,FRANCES,FRANCES_2004_09
KOR,Republic of Korea,Eastern Asia,Asia,2004,9.0,6.0,2004,9.0,9.0,,,,250000.0,415189.0,SONGDA,SONGDA_2004_09
DOM,Dominican Republic,Latin America and the Caribbean,Americas,2004,9.0,9.0,2004,9.0,9.0,4.0,,,1000.0,1661.0,IVAN,IVAN_2004_09
VCT,Saint Vincent and the Grenadines,Latin America and the Caribbean,Americas,2004,9.0,8.0,2004,9.0,8.0,,4.0,1004.0,40000.0,66430.0,IVAN,IVAN_2004_09
DOM,Dominican Republic,Latin America and the Caribbean,Americas,2004,9.0,16.0,2004,9.0,17.0,11.0,9.0,14009.0,296000.0,491583.0,JEANNE,JEANNE_2004_09
JPN,Japan,Eastern Asia,Asia,2004,9.0,23.0,2004,9.0,25.0,25.0,89.0,10089.0,740000.0,1228959.0,MEARI,MEARI_2004_09
JPN,Japan,Eastern Asia,Asia,2004,10.0,15.0,2004,10.0,19.0,89.0,342.0,84792.0,2300000.0,3819736.0,TOKAGE,TOKAGE_2004_10
PHL,Philippines,South-eastern Asia,Asia,2004,11.0,14.0,2004,11.0,21.0,104.0,240.0,838674.0,6000.0,9965.0,MUIFA,MUIFA_2004_11
WSM,Samoa,Polynesia,Oceania,2005,2.0,16.0,2005,2.0,16.0,9.0,,,,,OLAF,OLAF_2005_02
CUB,Cuba,Latin America and the Caribbean,Americas,2005,7.0,8.0,2005,7.0,9.0,16.0,,2500000.0,1400000.0,2248762.0,DENNIS,DENNIS_2005_07
USA,United States of America,Northern America,Americas,2005,7.0,10.0,2005,7.0,10.0,5.0,,,2230000.0,3581957.0,DENNIS,DENNIS_2005_07
TWN,Taiwan (Province of China),Eastern Asia,Asia,2005,9.0,1.0,2005,9.0,1.0,3.0,59.0,59.0,38000.0,61038.0,TALIM,TALIM_2005_09
JPN,Japan,Eastern Asia,Asia,2005,9.0,2.0,2005,9.0,4.0,32.0,140.0,270140.0,1000000.0,1606259.0,NABI,NABI_2005_09
KOR,Republic of Korea,Eastern Asia,Asia,2005,9.0,8.0,2005,9.0,8.0,5.0,,1100.0,5000.0,8031.0,NABI,NABI_2005_09
NIC,Nicaragua,Latin America and the Caribbean,Americas,2005,10.0,30.0,2005,10.0,30.0,4.0,,5763.0,,,BETA,BETA_2005_10
CHN,China,Eastern Asia,Asia,2005,10.0,2.0,2005,10.0,2.0,95.0,,2460000.0,150000.0,240939.0,LONGWANG,LONGWANG_2005_10
HTI,Haiti,Latin America and the Caribbean,Americas,2005,10.0,,2005,10.0,,1.0,,10000.0,,,STAN,STAN_2005_10
MEX,Mexico,Latin America and the Caribbean,Americas,2005,10.0,1.0,2005,10.0,13.0,36.0,,1954571.0,2500000.0,4015646.0,STAN,STAN_2005_10
BLZ,Belize,Latin America and the Caribbean,Americas,2005,10.0,21.0,2005,10.0,21.0,,,,,,WILMA,WILMA_2005_10
HTI,Haiti,Latin America and the Caribbean,Americas,2005,10.0,19.0,2005,10.0,24.0,12.0,,,500.0,803.0,WILMA,WILMA_2005_10
MEX,Mexico,Latin America and the Caribbean,Americas,2005,10.0,19.0,2005,10.0,24.0,7.0,,1000000.0,5000000.0,8031293.0,WILMA,WILMA_2005_10
MAR,Morocco,Northern Africa,Africa,2005,11.0,28.0,2005,11.0,28.0,1.0,,,50.0,80.0,,
FJI,Fiji,Melanesia,Oceania,2006,1.0,29.0,2006,2.0,6.0,,,168.0,,,JIM,JIM_2006_01
AUS,Australia,Australia and New Zealand,Oceania,2006,3.0,30.0,2006,4.0,5.0,,,500.0,,,GLENDA,GLENDA_2006_03
PHL,Philippines,South-eastern Asia,Asia,2006,7.0,24.0,2006,7.0,28.0,4.0,,200355.0,471.0,733.0,KAEMI,KAEMI_2006_07
CHN,China,Eastern Asia,Asia,2006,8.0,6.0,2006,8.0,11.0,441.0,1350.0,5923350.0,2510000.0,3905713.0,SAOMAI,SAOMAI_2006_08
MEX,Mexico,Latin America and the Caribbean,Americas,2006,9.0,2.0,2006,9.0,4.0,7.0,,10000.0,,,JOHN,JOHN_2006_09
BGD,Bangladesh,Southern Asia,Asia,2006,9.0,18.0,2006,10.0,5.0,115.0,,9135.0,,,,
IND,India,Southern Asia,Asia,2006,9.0,18.0,2006,10.0,5.0,114.0,300.0,150300.0,,,,
PHL,Philippines,South-eastern Asia,Asia,2006,11.0,30.0,2006,12.0,8.0,1399.0,2143.0,2562517.0,66400.0,103322.0,DURIAN,DURIAN_2006_11
PHL,Philippines,South-eastern Asia,Asia,2006,12.0,11.0,2006,12.0,11.0,42.0,42.0,327542.0,,,UTOR,UTOR_2006_12
OMN,Oman,Western Asia,Asia,2007,6.0,6.0,2007,6.0,10.0,76.0,,20000.0,3900000.0,5900321.0,GONU,GONU_2007_06
MUS,Mauritius,Sub-Saharan Africa,Africa,2007,2.0,25.0,2007,2.0,25.0,2.0,,,,,GAM DE,
JPN,Japan,Eastern Asia,Asia,2007,7.0,13.0,2007,7.0,16.0,5.0,12.0,40012.0,60000.0,90774.0,MAN YI,
PHL,Philippines,South-eastern Asia,Asia,2007,8.0,8.0,2007,8.0,13.0,7.0,7.0,921462.0,492.0,744.0,CHEDENG AND DODONG,
BLZ,Belize,Latin America and the Caribbean,Americas,2007,8.0,21.0,2007,8.0,21.0,,,20000.0,14847.0,22462.0,DEAN,DEAN_2007_08
DMA,Dominica,Latin America and the Caribbean,Americas,2007,8.0,21.0,2007,8.0,24.0,2.0,30.0,7530.0,20000.0,30258.0,DEAN,DEAN_2007_08
MEX,Mexico,Latin America and the Caribbean,Americas,2007,8.0,21.0,2007,8.0,24.0,9.0,,140000.0,600000.0,907742.0,DEAN,DEAN_2007_08
PHL,Philippines,South-eastern Asia,Asia,2007,9.0,17.0,2007,9.0,25.0,2.0,,30000.0,,,WIPHA GORING,WIPHA_2007_09
PHL,Philippines,South-eastern Asia,Asia,2007,9.0,29.0,2007,10.0,12.0,8.0,,2000.0,,,LEKIMA,LEKIMA_2007_09
JPN,Japan,Eastern Asia,Asia,2016,9.0,4.0,2016,9.0,4.0,22.0,,,,,LIONROCK,LIONROCK_2016_09
JPN,Japan,Eastern Asia,Asia,2007,8.0,28.0,2007,9.0,8.0,4.0,82.0,982.0,1000000.0,1512903.0,FITOW,FITOW_2007_08
SLV,El Salvador,Latin America and the Caribbean,Americas,2010,6.0,27.0,2010,6.0,27.0,6.0,,500.0,,,ALEX,ALEX_2010_06
JAM,Jamaica,Latin America and the Caribbean,Americas,2007,10.0,28.0,2007,11.0,2.0,1.0,,,,,NOEL,NOEL_2007_10
CHN,China,Eastern Asia,Asia,2007,10.0,2.0,2007,10.0,8.0,,,,1077788.0,1630588.0,KROSA,KROSA_2007_10
BGD,Bangladesh,Southern Asia,Asia,2007,11.0,15.0,2007,11.0,19.0,4234.0,55282.0,8978541.0,2300000.0,3479676.0,SIDR,SIDR_2007_11
IND,India,Southern Asia,Asia,2007,11.0,15.0,2007,11.0,15.0,,,,,,SIDR,SIDR_2007_11
PHL,Philippines,South-eastern Asia,Asia,2007,11.0,18.0,2007,11.0,23.0,20.0,11.0,35333.0,1000.0,1513.0,HAGIBIS,HAGIBIS_2007_11
MDG,Madagascar,Sub-Saharan Africa,Africa,2008,1.0,27.0,2008,1.0,27.0,12.0,,8613.0,,,FAME,FAME_2008_01
CHN,China,Eastern Asia,Asia,2008,4.0,19.0,2008,4.0,19.0,25.0,,274000.0,49000.0,71391.0,NEOGURI,NEOGURI_2008_04
PHL,Philippines,South-eastern Asia,Asia,2008,5.0,18.0,2008,5.0,18.0,64.0,33.0,1496668.0,99174.0,144493.0,HALONG,HALONG_2008_05
USA,United States of America,Northern America,Americas,2008,8.0,20.0,2008,8.0,28.0,12.0,,400.0,180000.0,262254.0,FAY,FAY_2008_08
BHS,Bahamas,Latin America and the Caribbean,Americas,2008,8.0,26.0,2008,8.0,26.0,,,,,,GUSTAV,GUSTAV_2008_08
CUB,Cuba,Latin America and the Caribbean,Americas,2008,8.0,29.0,2008,9.0,1.0,,19.0,450019.0,2072000.0,3018838.0,GUSTAV,GUSTAV_2008_08
CHN,China,Eastern Asia,Asia,2008,8.0,22.0,2008,8.0,23.0,4.0,,900000.0,58000.0,84504.0,NURI,NURI_2008_08
PHL,Philippines,South-eastern Asia,Asia,2008,8.0,22.0,2008,8.0,22.0,38.0,13.0,429463.0,33870.0,49348.0,NURI,NURI_2008_08
HTI,Haiti,Latin America and the Caribbean,Americas,2008,9.0,6.0,2008,9.0,8.0,74.0,50.0,125050.0,,,IKE,IKE_2008_09
CUB,Cuba,Latin America and the Caribbean,Americas,2008,11.0,8.0,2008,11.0,8.0,,,49445.0,,,PALOMA,PALOMA_2008_11
PHL,Philippines,South-eastern Asia,Asia,2008,11.0,6.0,2008,11.0,11.0,19.0,14.0,474.0,,,MAYSAK,MAYSAK_2008_11
VNM,Viet Nam,South-eastern Asia,Asia,2008,11.0,5.0,2008,11.0,5.0,11.0,,,,,MAYSAK,MAYSAK_2008_11
BGD,Bangladesh,Southern Asia,Asia,2008,3.0,22.0,2008,3.0,22.0,12.0,200.0,200.0,,,,
CHN,China,Eastern Asia,Asia,2010,7.0,16.0,2010,7.0,16.0,2.0,,,500.0,719.0,CONSON,CONSON_2010_07
PHL,Philippines,South-eastern Asia,Asia,2010,7.0,12.0,2010,7.0,15.0,146.0,91.0,585474.0,8675.0,12480.0,CONSON,CONSON_2010_07
MDG,Madagascar,Sub-Saharan Africa,Africa,2009,3.0,17.0,2009,3.0,27.0,,,3376.0,,,IZILDA,IZILDA_2009_03
PHL,Philippines,South-eastern Asia,Asia,2009,8.0,4.0,2009,8.0,8.0,26.0,18.0,94229.0,25000.0,36554.0,MORAKOT,MORAKOT_2009_08
TWN,Taiwan (Province of China),Eastern Asia,Asia,2009,8.0,7.0,2009,8.0,8.0,630.0,46.0,2307523.0,250000.0,365542.0,MORAKOT,MORAKOT_2009_08
PHL,Philippines,South-eastern Asia,Asia,2009,9.0,8.0,2009,9.0,9.0,15.0,,388373.0,6303.0,9216.0,TROPICAL DEPRESSION MARING,
PHL,Philippines,South-eastern Asia,Asia,2009,9.0,12.0,2009,9.0,13.0,3.0,3.0,48333.0,,,TROPICAL DEPRESSION NANDO,
CHN,China,Eastern Asia,Asia,2009,8.0,1.0,2009,8.0,5.0,9.0,,,7000.0,10235.0,TROPICAL CYLONE GONI,GONI_2009_08
KHM,Cambodia,South-eastern Asia,Asia,2009,9.0,29.0,2009,9.0,30.0,17.0,91.0,178091.0,,,ONDOY,
VNM,Viet Nam,South-eastern Asia,Asia,2009,10.0,14.0,2009,10.0,14.0,,,,200.0,292.0,PEPENG,
FJI,Fiji,Melanesia,Oceania,2009,12.0,14.0,2009,12.0,15.0,2.0,,3845.0,13300.0,19447.0,MICK,MICK_2009_12
VNM,Viet Nam,South-eastern Asia,Asia,2009,11.0,2.0,2009,11.0,2.0,124.0,145.0,500145.0,280000.0,409407.0,MIRINAE,MIRINAE_2009_11
MDG,Madagascar,Sub-Saharan Africa,Africa,2010,3.0,10.0,2010,3.0,12.0,120.0,132.0,192132.0,,,HUBERT,HUBERT_2010_03
AUS,Australia,Australia and New Zealand,Oceania,2010,3.0,21.0,2010,3.0,21.0,1.0,,,,,ULUI,ULUI_2010_03
IND,India,Southern Asia,Asia,2010,5.0,20.0,2010,5.0,20.0,32.0,,,,,LAILA,LAILA_2010_05
ATG,Antigua and Barbuda,Latin America and the Caribbean,Americas,2010,8.0,29.0,2010,8.0,31.0,,,5000.0,12600.0,18126.0,EARL,EARL_2010_08
HND,Honduras,Latin America and the Caribbean,Americas,2010,9.0,25.0,2010,9.0,25.0,4.0,,,,,MATTHEW,MATTHEW_2010_09
SLV,El Salvador,Latin America and the Caribbean,Americas,2010,9.0,25.0,2010,9.0,25.0,1.0,,,,,MATTHEW,MATTHEW_2010_09
USA,United States of America,Northern America,Americas,2010,9.0,7.0,2010,9.0,11.0,8.0,,,240000.0,345258.0,HERMINE,HERMINE_2010_09
TWN,Taiwan (Province of China),Eastern Asia,Asia,2010,10.0,22.0,2010,10.0,22.0,32.0,,,10000.0,14386.0,MEGI,MEGI_2010_10
DOM,Dominican Republic,Latin America and the Caribbean,Americas,2010,10.0,29.0,2010,10.0,29.0,,,12000.0,,,TOMAS,TOMAS_2010_10
BHS,Bahamas,Latin America and the Caribbean,Americas,2011,8.0,23.0,2011,8.0,26.0,,,10000.0,40000.0,55782.0,IRENE,IRENE_2011_08
VUT,Vanuatu,Melanesia,Oceania,2011,1.0,30.0,2011,1.0,31.0,,,,,,YASI,YASI_2011_01
TON,Tonga,Polynesia,Oceania,2011,1.0,25.0,2011,1.0,29.0,3.0,,7600.0,3000.0,4184.0,WILMA,WILMA_2011_01
PHL,Philippines,South-eastern Asia,Asia,2011,6.0,21.0,2011,6.0,25.0,20.0,4.0,1700089.0,12869.0,17946.0,TOPICAL STORM MEARI,MEARI_2011_06
MEX,Mexico,Latin America and the Caribbean,Americas,2011,9.0,9.0,2011,9.0,9.0,10.0,,,,,NATE,NATE_2011_09
THA,Thailand,South-eastern Asia,Asia,2011,8.0,4.0,2011,8.0,6.0,18.0,,1000000.0,,,TOPICAL STORM JUANING,
PHL,Philippines,South-eastern Asia,Asia,2011,8.0,2.0,2011,8.0,2.0,11.0,5.0,8423.0,59.0,82.0,KABAYAN,
DOM,Dominican Republic,Latin America and the Caribbean,Americas,2011,8.0,4.0,2011,8.0,4.0,3.0,,7000.0,,,EMILY,EMILY_2011_08
CAN,Canada,Northern America,Americas,2011,8.0,28.0,2011,8.0,29.0,1.0,,,,,IRENE,IRENE_2011_08
JPN,Japan,Eastern Asia,Asia,2011,9.0,22.0,2011,9.0,22.0,13.0,308.0,308.0,1820000.0,2538081.0,ROKE,ROKE_2011_09
CHN,China,Eastern Asia,Asia,2011,9.0,29.0,2011,10.0,3.0,3.0,,1000000.0,219000.0,305406.0,PEDRING,
IND,India,Southern Asia,Asia,2011,12.0,29.0,2011,12.0,30.0,47.0,,250000.0,375625.0,523828.0,THANE,THANE_2011_12
USA,United States of America,Northern America,Americas,2011,9.0,4.0,2011,9.0,9.0,15.0,,600.0,750000.0,1045912.0,LEE,LEE_2011_09
PHL,Philippines,South-eastern Asia,Asia,2011,12.0,15.0,2011,12.0,18.0,1439.0,6071.0,1150300.0,38082.0,53107.0,WASHI,WASHI_2011_12
MDG,Madagascar,Sub-Saharan Africa,Africa,2012,1.0,24.0,2012,1.0,24.0,,,300.0,,,FUNSO,FUNSO_2012_01
MDG,Madagascar,Sub-Saharan Africa,Africa,2012,2.0,26.0,2012,2.0,26.0,77.0,15.0,85015.0,,,TROPICAL DEPRESSION IRINA,IRINA_2012_02
IND,India,Southern Asia,Asia,2012,11.0,4.0,2012,11.0,8.0,40.0,,70000.0,,,NILAM,NILAM_2012_11
TWN,Taiwan (Province of China),Eastern Asia,Asia,2012,8.0,2.0,2012,8.0,2.0,6.0,,,27000.0,36889.0,GENER,
MEX,Mexico,Latin America and the Caribbean,Americas,2012,8.0,10.0,2012,8.0,10.0,12.0,,,300000.0,409883.0,ERNESTO,ERNESTO_2012_08
PHL,Philippines,South-eastern Asia,Asia,2012,8.0,20.0,2012,8.0,21.0,11.0,1.0,5607.0,99.0,135.0,IGME,
MEX,Mexico,Latin America and the Caribbean,Americas,2012,6.0,15.0,2012,6.0,15.0,7.0,,87000.0,555000.0,758284.0,CARLOTTA,CARLOTTA_2012_06
CHN,China,Eastern Asia,Asia,2012,10.0,28.0,2012,10.0,28.0,1.0,,126000.0,197000.0,269157.0,SON TINH,
PHL,Philippines,South-eastern Asia,Asia,2012,10.0,25.0,2012,10.0,25.0,36.0,19.0,108040.0,1339.0,1829.0,SON TINH,
MEX,Mexico,Latin America and the Caribbean,Americas,2014,5.0,30.0,2014,6.0,6.0,,,,,,BORIS,BORIS_2014_05
JAM,Jamaica,Latin America and the Caribbean,Americas,2012,10.0,24.0,2012,10.0,24.0,1.0,,215850.0,16542.0,22601.0,SANDY,SANDY_2012_10
JPN,Japan,Eastern Asia,Asia,2012,9.0,29.0,2012,9.0,30.0,2.0,180.0,18225.0,27400.0,37436.0,JELAWAT,JELAWAT_2012_09
PHL,Philippines,South-eastern Asia,Asia,2012,12.0,4.0,2012,12.0,4.0,1901.0,2666.0,6246664.0,898352.0,1227398.0,BOPHA,BOPHA_2012_12
FJI,Fiji,Melanesia,Oceania,2012,12.0,16.0,2012,12.0,18.0,2.0,,8400.0,8400.0,11477.0,EVAN,EVAN_2012_12
TWN,Taiwan (Province of China),Eastern Asia,Asia,2012,8.0,24.0,2012,8.0,24.0,8.0,,,8300.0,11340.0,TEMBIN,TEMBIN_2012_08
MEX,Mexico,Latin America and the Caribbean,Americas,2014,9.0,4.0,2014,9.0,8.0,1.0,,1500.0,500.0,663.0,DOLLY,DOLLY_2014_09
TWN,Taiwan (Province of China),Eastern Asia,Asia,2013,7.0,14.0,2013,7.0,14.0,3.0,54.0,54.0,43500.0,58575.0,SOULIK,SOULIK_2013_07
MNP,Northern Mariana Islands,Micronesia,Oceania,2015,8.0,1.0,2015,8.0,2.0,,10.0,360.0,,,SOUDELOR,SOUDELOR_2015_08
CHN,China,Eastern Asia,Asia,2013,8.0,22.0,2013,8.0,22.0,,,189800.0,376000.0,506304.0,TRAMI,TRAMI_2013_08
MEX,Mexico,Latin America and the Caribbean,Americas,2013,8.0,25.0,2013,8.0,26.0,14.0,,5000.0,2000.0,2693.0,FERNAND,FERNAND_2013_08
CHN,China,Eastern Asia,Asia,2013,8.0,2.0,2013,8.0,3.0,,,5000.0,20000.0,26931.0,JEBI,JEBI_2013_08
MEX,Mexico,Latin America and the Caribbean,Americas,2013,9.0,13.0,2013,9.0,20.0,169.0,,105000.0,4200000.0,5655520.0,MANUEL,MANUEL_2013_09
CHN,China,Eastern Asia,Asia,2013,9.0,22.0,2013,9.0,22.0,20.0,,506000.0,,,USAGI,USAGI_2013_09
JPN,Japan,Eastern Asia,Asia,2013,9.0,4.0,2013,9.0,4.0,1.0,19.0,4336.0,2000.0,2693.0,TORAJI,TORAJI_2013_09
VNM,Viet Nam,South-eastern Asia,Asia,2013,9.0,30.0,2013,10.0,15.0,31.0,330.0,1835585.0,663230.0,893074.0,WUTIP,WUTIP_2013_09
CHN,China,Eastern Asia,Asia,2013,10.0,7.0,2013,10.0,8.0,8.0,,475000.0,6700000.0,9021901.0,FITOW,FITOW_2013_10
JPN,Japan,Eastern Asia,Asia,2013,10.0,7.0,2013,10.0,7.0,,,4392.0,,,FITOW,FITOW_2013_10
CHN,China,Eastern Asia,Asia,2013,11.0,11.0,2013,11.0,11.0,5.0,,51800.0,,,HAIYAN,HAIYAN_2013_11
CHN,China,Eastern Asia,Asia,2014,6.0,14.0,2014,6.0,16.0,,,5000.0,131000.0,173582.0,HAGIBIS,HAGIBIS_2014_06
PHL,Philippines,South-eastern Asia,Asia,2014,7.0,22.0,2014,7.0,23.0,2.0,,683.0,,,HENRY,
TWN,Taiwan (Province of China),Eastern Asia,Asia,2014,9.0,18.0,2014,9.0,24.0,,,,400000.0,530023.0,TROPICAL STROM FUNG WONG,
IND,India,Southern Asia,Asia,2014,10.0,12.0,2014,10.0,12.0,53.0,,920000.0,7000000.0,9275398.0,HUDHUD,HUDHUD_2014_10
VNM,Viet Nam,South-eastern Asia,Asia,2015,6.0,24.0,2015,6.0,29.0,7.0,,115.0,,,KUJIRA,KUJIRA_2015_06
JPN,Japan,Eastern Asia,Asia,2015,8.0,25.0,2015,8.0,25.0,,70.0,70.0,,,GONI,GONI_2015_08
PHL,Philippines,South-eastern Asia,Asia,2015,8.0,22.0,2015,8.0,22.0,40.0,24.0,318383.0,30299.0,40100.0,GONI,GONI_2015_08
MDG,Madagascar,Sub-Saharan Africa,Africa,2015,1.0,16.0,2015,1.0,17.0,89.0,37.0,174007.0,36000.0,47646.0,CHEDZA,CHEDZA_2015_01
AUS,Australia,Australia and New Zealand,Oceania,2015,2.0,20.0,2015,2.0,20.0,,,438.0,78000.0,103232.0,LAM,LAM_2015_02
PNG,Papua New Guinea,Melanesia,Oceania,2015,3.0,13.0,2015,3.0,13.0,,,9199.0,,,PAM,PAM_2015_03
SLB,Solomon Islands,Melanesia,Oceania,2015,3.0,6.0,2015,3.0,6.0,,,44096.0,,,PAM,PAM_2015_03
CHN,China,Eastern Asia,Asia,2015,4.0,4.0,2015,4.0,15.0,6.0,,12000.0,209000.0,276609.0,MAYSAK,MAYSAK_2015_04
CHN,China,Eastern Asia,Asia,2015,6.0,22.0,2015,6.0,22.0,,,193000.0,11000.0,14558.0,KUJIRA,KUJIRA_2015_06
PHL,Philippines,South-eastern Asia,Asia,2015,7.0,4.0,2015,7.0,5.0,,,55567.0,2218.0,2935.0,LINFA,LINFA_2015_07
HTI,Haiti,Latin America and the Caribbean,Americas,2015,8.0,29.0,2015,8.0,30.0,5.0,3.0,1969.0,,,ERIKA,ERIKA_2015_08
MEX,Mexico,Latin America and the Caribbean,Americas,2015,10.0,22.0,2015,10.0,28.0,14.0,,15000.0,823000.0,1089230.0,PATRICIA,PATRICIA_2015_10
JPN,Japan,Eastern Asia,Asia,2015,9.0,8.0,2015,9.0,10.0,8.0,46.0,60046.0,,,ETAU,ETAU_2015_09
JPN,Japan,Eastern Asia,Asia,2015,9.0,28.0,2015,9.0,28.0,,,,,,DUJUAN,DUJUAN_2015_09
USA,United States of America,Northern America,Americas,2016,9.0,1.0,2016,9.0,6.0,3.0,,14070.0,600000.0,784199.0,HERMINE,HERMINE_2016_09
BGD,Bangladesh,Southern Asia,Asia,2016,5.0,21.0,2016,5.0,21.0,28.0,,1203555.0,600000.0,784199.0,ROANU,ROANU_2016_05
CHN,China,Eastern Asia,Asia,2016,10.0,19.0,2016,10.0,21.0,,,12000.0,,,LAWIN,
PHL,Philippines,South-eastern Asia,Asia,2016,9.0,28.0,2016,9.0,28.0,,,1559.0,,,HELEN,HELEN_2016_09
VNM,Viet Nam,South-eastern Asia,Asia,2016,7.0,28.0,2016,7.0,28.0,1.0,5.0,191750.0,191000.0,249637.0,STORM MIRINAE,MIRINAE_2016_07
HND,Honduras,Latin America and the Caribbean,Americas,2016,8.0,6.0,2016,8.0,6.0,1.0,,151.0,,,EARL,EARL_2016_08
MEX,Mexico,Latin America and the Caribbean,Americas,2016,8.0,6.0,2016,8.0,7.0,54.0,,11000.0,,,EARL,EARL_2016_08
TWN,Taiwan (Province of China),Eastern Asia,Asia,2016,9.0,14.0,2016,9.0,14.0,,,,70000.0,91490.0,FERDIE,
TWN,Taiwan (Province of China),Eastern Asia,Asia,2016,9.0,27.0,2016,9.0,27.0,7.0,160.0,160.0,110000.0,143770.0,MEGI,MEGI_2016_09
HTI,Haiti,Latin America and the Caribbean,Americas,2016,9.0,28.0,2016,10.0,7.0,546.0,439.0,2100439.0,2000000.0,2613996.0,MATTHEW,MATTHEW_2016_09
LCA,Saint Lucia,Latin America and the Caribbean,Americas,2016,9.0,28.0,2016,9.0,28.0,,,25000.0,,,MATTHEW,MATTHEW_2016_09
JPN,Japan,Eastern Asia,Asia,2016,8.0,22.0,2016,8.0,22.0,2.0,70.0,3703.0,100000.0,130700.0,MINDULLE,MINDULLE_2016_08
VGB,British Virgin Islands,Latin America and the Caribbean,Americas,2017,9.0,8.0,2017,9.0,9.0,9.0,,,3000000.0,3839214.0,IRMA,IRMA_2017_09
PHL,Philippines,South-eastern Asia,Asia,2020,12.0,18.0,2020,12.0,21.0,9.0,2.0,36032.0,2293.0,2779.0,TROPICAL DEPRESSION VICKY,
VNM,Viet Nam,South-eastern Asia,Asia,2017,7.0,17.0,2017,7.0,18.0,9.0,,21000.0,71000.0,90861.0,TALAS,TALAS_2017_07
USA,United States of America,Northern America,Americas,2017,8.0,25.0,2017,8.0,29.0,88.0,24.0,582024.0,95000000.0,121575099.0,HARVEY,HARVEY_2017_08
TCA,Turks and Caicos Islands,Latin America and the Caribbean,Americas,2017,9.0,8.0,2017,9.0,9.0,,,,500000.0,639869.0,IRMA,IRMA_2017_09
LKA,Sri Lanka,Southern Asia,Asia,2017,11.0,29.0,2017,12.0,1.0,27.0,77.0,160077.0,346000.0,442789.0,OCKHI,OCKHI_2017_11
PHL,Philippines,South-eastern Asia,Asia,2017,9.0,11.0,2017,9.0,15.0,26.0,,9110.0,5300.0,6783.0,DOKSURI,DOKSURI_2017_09
VNM,Viet Nam,South-eastern Asia,Asia,2017,9.0,15.0,2017,9.0,16.0,14.0,112.0,692012.0,484000.0,619393.0,DOKSURI,DOKSURI_2017_09
SLV,El Salvador,Latin America and the Caribbean,Americas,2017,10.0,5.0,2017,10.0,6.0,10.0,4.0,584.0,,,TROPICAL DEPRESSION16 HURRICANE NATE,NATE_2017_10
JPN,Japan,Eastern Asia,Asia,2017,10.0,22.0,2017,10.0,22.0,8.0,210.0,18810.0,1000000.0,1279738.0,LAN PAOLO,LAN_2017_10
JPN,Japan,Eastern Asia,Asia,2017,9.0,17.0,2017,9.0,19.0,2.0,56.0,21656.0,500000.0,639869.0,TALIM,TALIM_2017_09
NCL,New Caledonia,Melanesia,Oceania,2021,3.0,5.0,2021,3.0,7.0,,,,,,TROPIAL CYLONE NIRAN,NIRAN_2021_03
MUS,Mauritius,Sub-Saharan Africa,Africa,2018,1.0,15.0,2018,1.0,21.0,,,30000.0,,,BERGUITTA,
BHS,Bahamas,Latin America and the Caribbean,Americas,2019,9.0,1.0,2019,9.0,4.0,356.0,,14940.0,3400000.0,4171763.0,DORIAN,DORIAN_2019_09
JPN,Japan,Eastern Asia,Asia,2019,10.0,8.0,2019,10.0,8.0,3.0,150.0,120150.0,9100000.0,11165602.0,FAXAI,FAXAI_2019_10
JPN,Japan,Eastern Asia,Asia,2019,9.0,5.0,2019,9.0,8.0,,,,10000.0,12270.0,LINGLING,LINGLING_2019_09
PHL,Philippines,South-eastern Asia,Asia,2019,11.0,10.0,2019,11.0,10.0,19.0,3.0,673.0,36000.0,44172.0,NAKRI,NAKRI_2019_11
SOM,Somalia,Sub-Saharan Africa,Africa,2019,12.0,7.0,2019,12.0,10.0,6.0,,30000.0,,,PAWAN,PAWAN_2019_12
CUB,Cuba,Latin America and the Caribbean,Americas,2020,7.0,31.0,2020,8.0,2.0,,,500.0,,,ISAIAS,ISAIAS_2020_07
USA,United States of America,Northern America,Americas,2020,6.0,7.0,2020,6.0,7.0,1.0,,,325000.0,393912.0,CRISTOBAL,CRISTOBAL_2020_06
JPN,Japan,Eastern Asia,Asia,2020,9.0,2.0,2020,9.0,2.0,,8.0,8.0,,,MAISAK,
THA,Thailand,South-eastern Asia,Asia,2020,8.0,1.0,2020,8.0,3.0,4.0,,,,,SINLAKU,SINLAKU_2020_08
CHN,China,Eastern Asia,Asia,2020,8.0,5.0,2020,8.0,5.0,,,15100.0,,,HAGUPIT,HAGUPIT_2020_08
CHN,China,Eastern Asia,Asia,2020,8.0,10.0,2020,8.0,11.0,,,12235.0,161000.0,195138.0,MEKKHALA,MEKKHALA_2020_08
DOM,Dominican Republic,Latin America and the Caribbean,Americas,2020,8.0,26.0,2020,8.0,27.0,4.0,,10000.0,,,LAURA,LAURA_2020_08
JPN,Japan,Eastern Asia,Asia,2020,9.0,7.0,2020,9.0,7.0,2.0,52.0,52.0,,,HAISHEN,HAISHEN_2020_09
KOR,Republic of Korea,Eastern Asia,Asia,2020,9.0,6.0,2020,9.0,8.0,2.0,,,1200000.0,1454445.0,HAISHEN,HAISHEN_2020_09
KHM,Cambodia,South-eastern Asia,Asia,2020,10.0,1.0,2020,10.0,24.0,44.0,,759360.0,100000.0,121204.0,LINFA,LINFA_2020_10
MEX,Mexico,Latin America and the Caribbean,Americas,2020,10.0,2.0,2020,10.0,6.0,6.0,,3500.0,100000.0,121204.0,GAMMA,GAMMA_2020_10
NIC,Nicaragua,Latin America and the Caribbean,Americas,2020,11.0,3.0,2020,11.0,4.0,2.0,,30000.0,178000.0,215743.0,ETA,ETA_2020_11
COL,Colombia,Latin America and the Caribbean,Americas,2020,11.0,14.0,2020,11.0,17.0,23.0,,228000.0,100000.0,121204.0,IOTA,IOTA_2020_11
HND,Honduras,Latin America and the Caribbean,Americas,2020,11.0,17.0,2020,11.0,18.0,14.0,,578000.0,,,IOTA,IOTA_2020_11
PHL,Philippines,South-eastern Asia,Asia,2020,11.0,11.0,2020,11.0,12.0,111.0,85.0,514909.0,421000.0,510268.0,TYHOON ULYSSES,
FJI,Fiji,Melanesia,Oceania,2021,1.0,30.0,2021,1.0,31.0,6.0,,82751.0,10000.0,11577.0,ANA,ANA_2021_01
MEX,Mexico,Latin America and the Caribbean,Americas,2021,6.0,18.0,2021,6.0,20.0,3.0,,600.0,50000.0,57883.0,DOLORES,DOLORES_2021_06
CHN,China,Eastern Asia,Asia,2000,8.0,23.0,2000,8.0,23.0,11.0,47.0,4522.0,69443.0,126501.0,BILIS,BILIS_2000_08
CHN,China,Eastern Asia,Asia,2000,8.0,,2000,8.0,,4.0,80.0,37770.0,10.0,18.0,PRAPIROON,PRAPIROON_2000_08
KOR,Republic of Korea,Eastern Asia,Asia,2000,9.0,16.0,2000,9.0,16.0,8.0,,411.0,71000.0,129337.0,SAOMAI,SAOMAI_2000_09
PHL,Philippines,South-eastern Asia,Asia,2000,10.0,28.0,2000,10.0,31.0,154.0,314.0,2436256.0,17000.0,30968.0,XANGSANE,XANGSANE_2000_10
TWN,Taiwan (Province of China),Eastern Asia,Asia,2000,11.0,1.0,2000,11.0,4.0,89.0,2.0,2.0,150000.0,273248.0,XANGSANE,XANGSANE_2000_11
BGD,Bangladesh,Southern Asia,Asia,2000,10.0,28.0,2000,10.0,28.0,15.0,200.0,200.0,,,,
PHL,Philippines,South-eastern Asia,Asia,2000,11.0,30.0,2000,12.0,3.0,48.0,26.0,164093.0,1000.0,1822.0,RUMBIA,RUMBIA_2000_11
BLZ,Belize,Latin America and the Caribbean,Americas,2001,10.0,8.0,2001,10.0,11.0,30.0,,20000.0,250000.0,442897.0,IRIS,IRIS_2001_10
DOM,Dominican Republic,Latin America and the Caribbean,Americas,2001,10.0,4.0,2001,10.0,9.0,3.0,,175.0,10.0,18.0,IRIS,IRIS_2001_10
COK,Cook Islands,Polynesia,Oceania,2001,12.0,2.0,2001,12.0,2.0,,,744.0,,,TRINA,
BHS,Bahamas,Latin America and the Caribbean,Americas,2001,11.0,9.0,2001,11.0,9.0,,,,300000.0,531476.0,MICHELLE,MICHELLE_2001_11
PHL,Philippines,South-eastern Asia,Asia,2001,12.0,5.0,2001,12.0,7.0,6.0,8.0,54840.0,96.0,170.0,KAJIKI,KAJIKI_2001_12
FSM,Micronesia (Federated States of),Micronesia,Oceania,2002,3.0,3.0,2002,3.0,3.0,,,175.0,,,MITAG,MITAG_2002_03
IND,India,Southern Asia,Asia,2002,4.0,3.0,2002,4.0,3.0,9.0,50.0,5050.0,416.0,725.0,,
BGD,Bangladesh,Southern Asia,Asia,2002,4.0,22.0,2002,4.0,22.0,31.0,400.0,100400.0,,,,
MDG,Madagascar,Sub-Saharan Africa,Africa,2002,5.0,9.0,2002,5.0,9.0,20.0,1200.0,526200.0,,,KESINY,KESINY_2002_05
CUB,Cuba,Latin America and the Caribbean,Americas,2002,9.0,18.0,2002,9.0,18.0,,,42500.0,23000.0,40110.0,ISIDORE,ISIDORE_2002_09
CUB,Cuba,Latin America and the Caribbean,Americas,2002,10.0,1.0,2002,10.0,1.0,3.0,,281470.0,23000.0,40110.0,LILI,LILI_2002_10
JAM,Jamaica,Latin America and the Caribbean,Americas,2002,9.0,18.0,2002,9.0,19.0,,,,1000.0,1744.0,ISIDORE,ISIDORE_2002_09
GTM,Guatemala,Latin America and the Caribbean,Americas,2002,9.0,20.0,2002,9.0,24.0,2.0,,1500.0,100.0,174.0,ISIDORE,ISIDORE_2002_09
HTI,Haiti,Latin America and the Caribbean,Americas,2002,9.0,30.0,2002,9.0,30.0,4.0,,250.0,,,LILI,LILI_2002_09
IND,India,Southern Asia,Asia,2002,11.0,13.0,2002,11.0,13.0,124.0,,,,,,
USA,United States of America,Northern America,Americas,2002,10.0,3.0,2002,10.0,3.0,,,,2000000.0,3487855.0,LILI,LILI_2002_10
ZWE,Zimbabwe,Sub-Saharan Africa,Africa,2003,3.0,7.0,2003,3.0,7.0,8.0,,,,,JAPHET,JAPHET_2003_03
NCL,New Caledonia,Melanesia,Oceania,2003,3.0,13.0,2003,3.0,13.0,2.0,100.0,1100.0,40000.0,68209.0,ERICA,ERICA_2003_03
PHL,Philippines,South-eastern Asia,Asia,2003,5.0,26.0,2003,5.0,30.0,51.0,16.0,13909.0,4000.0,6821.0,LINFA,LINFA_2003_05
HKG,"China, Hong Kong Special Administrative Region",Eastern Asia,Asia,2003,7.0,26.0,2003,7.0,26.0,,11.0,3511.0,,,IMBUDO,IMBUDO_2003_07
IND,India,Southern Asia,Asia,2003,12.0,17.0,2003,12.0,17.0,50.0,,40000.0,28000.0,47746.0,,
MEX,Mexico,Latin America and the Caribbean,Americas,2003,8.0,24.0,2003,8.0,27.0,2.0,,3000.0,,,IGNACIO,IGNACIO_2003_08
USA,United States of America,Northern America,Americas,2003,6.0,30.0,2003,6.0,30.0,4.0,4.0,4.0,50000.0,85261.0,BILL,BILL_2003_06
PHL,Philippines,South-eastern Asia,Asia,2003,8.0,4.0,2003,8.0,5.0,,,155147.0,661.0,1127.0,KABAYAN,
JAM,Jamaica,Latin America and the Caribbean,Americas,2004,9.0,11.0,2004,9.0,11.0,15.0,,350000.0,595000.0,988149.0,IVAN,IVAN_2004_09
TON,Tonga,Polynesia,Oceania,2004,1.0,6.0,2004,1.0,6.0,,,,,,HETA,
VUT,Vanuatu,Melanesia,Oceania,2004,2.0,25.0,2004,2.0,27.0,2.0,8.0,54008.0,,,IVY,IVY_2004_02
FSM,Micronesia (Federated States of),Micronesia,Oceania,2004,4.0,3.0,2004,4.0,18.0,1.0,8.0,6008.0,,,COSME,COSME_2004_04
KOR,Republic of Korea,Eastern Asia,Asia,2004,8.0,15.0,2004,8.0,17.0,8.0,,2400.0,1000.0,1661.0,MEGI,MEGI_2004_08
THA,Thailand,South-eastern Asia,Asia,2004,6.0,4.0,2004,6.0,21.0,1.0,,4000.0,,,CHANTHU,CHANTHU_2004_06
CHN,China,Eastern Asia,Asia,2004,8.0,20.0,2004,8.0,23.0,2.0,7.0,41357.0,5000.0,8304.0,AERE,AERE_2004_08
GUM,Guam,Micronesia,Oceania,2004,6.0,27.0,2004,6.0,28.0,1.0,,300.0,,,TINGTING,
JPN,Japan,Eastern Asia,Asia,2004,10.0,3.0,2004,10.0,8.0,11.0,44.0,5948.0,603000.0,1001435.0,MA ON,
TWN,Taiwan (Province of China),Eastern Asia,Asia,2004,8.0,24.0,2004,8.0,25.0,32.0,2.0,2.0,5000.0,8304.0,AERE,AERE_2004_08
PRI,Puerto Rico,Latin America and the Caribbean,Americas,2004,8.0,31.0,2004,8.0,31.0,,,,,,FRANCES,FRANCES_2004_08
USA,United States of America,Northern America,Americas,2004,9.0,5.0,2004,9.0,5.0,47.0,,5000000.0,11000000.0,18268304.0,FRANCES,FRANCES_2004_09
JPN,Japan,Eastern Asia,Asia,2004,9.0,3.0,2004,9.0,4.0,41.0,900.0,40900.0,9000000.0,14946794.0,SONGDA,SONGDA_2004_09
BHS,Bahamas,Latin America and the Caribbean,Americas,2004,8.0,25.0,2004,9.0,8.0,1.0,,,,,IVAN,IVAN_2004_08
BHS,Bahamas,Latin America and the Caribbean,Americas,2004,9.0,25.0,2004,9.0,25.0,9.0,,1000.0,550000.0,913415.0,JEANNE,JEANNE_2004_09
CUB,Cuba,Latin America and the Caribbean,Americas,2004,9.0,13.0,2004,9.0,14.0,,,3245.0,200000.0,332151.0,IVAN,IVAN_2004_09
LCA,Saint Lucia,Latin America and the Caribbean,Americas,2004,9.0,8.0,2004,9.0,8.0,,,,500.0,830.0,IVAN,IVAN_2004_09
TTO,Trinidad and Tobago,Latin America and the Caribbean,Americas,2004,9.0,9.0,2004,9.0,9.0,1.0,,560.0,1000.0,1661.0,IVAN,IVAN_2004_09
USA,United States of America,Northern America,Americas,2004,9.0,15.0,2004,9.0,16.0,52.0,,,18000000.0,29893589.0,IVAN,IVAN_2004_09
PRI,Puerto Rico,Latin America and the Caribbean,Americas,2004,9.0,14.0,2004,9.0,14.0,2.0,,3500.0,100000.0,166075.0,JEANNE,JEANNE_2004_09
PHL,Philippines,South-eastern Asia,Asia,2004,11.0,29.0,2004,11.0,30.0,1619.0,1023.0,881023.0,78200.0,129871.0,WINNIE,WINNIE_2004_11
BGD,Bangladesh,Southern Asia,Asia,2005,3.0,31.0,2005,3.0,31.0,24.0,500.0,10500.0,,,,
TWN,Taiwan (Province of China),Eastern Asia,Asia,2005,7.0,18.0,2005,7.0,18.0,12.0,34.0,1534.0,100000.0,160626.0,HAITANG,HAITANG_2005_07
TTO,Trinidad and Tobago,Latin America and the Caribbean,Americas,2005,7.0,14.0,2005,7.0,14.0,,,,,,EMILY,EMILY_2005_07
CHN,China,Eastern Asia,Asia,2005,7.0,30.0,2005,8.0,4.0,10.0,,1240000.0,850000.0,1365320.0,MATSA,MATSA_2005_07
TWN,Taiwan (Province of China),Eastern Asia,Asia,2005,7.0,30.0,2005,8.0,8.0,,,,1000.0,1606.0,MATSA,MATSA_2005_07
PHL,Philippines,South-eastern Asia,Asia,2005,9.0,15.0,2005,9.0,22.0,16.0,,20000.0,2000.0,3213.0,DAMREY,DAMREY_2005_09
VNM,Viet Nam,South-eastern Asia,Asia,2014,11.0,30.0,2014,11.0,30.0,,,750.0,,,SINLAKU,SINLAKU_2014_11
THA,Thailand,South-eastern Asia,Asia,2005,9.0,26.0,2005,9.0,30.0,10.0,,2000.0,20000.0,32125.0,DAMREY,DAMREY_2005_09
GTM,Guatemala,Latin America and the Caribbean,Americas,2005,10.0,1.0,2005,10.0,13.0,1513.0,386.0,475314.0,988300.0,1587465.0,STAN,STAN_2005_10
HND,Honduras,Latin America and the Caribbean,Americas,2005,9.0,28.0,2005,10.0,10.0,6.0,,2869.0,100000.0,160626.0,STAN,STAN_2005_09
USA,United States of America,Northern America,Americas,2005,10.0,24.0,2005,10.0,24.0,4.0,,30000.0,14300000.0,22969497.0,WILMA,WILMA_2005_10
HTI,Haiti,Latin America and the Caribbean,Americas,2005,10.0,22.0,2005,10.0,24.0,12.0,17.0,2192.0,,,ALPHA,ALPHA_2005_10
HND,Honduras,Latin America and the Caribbean,Americas,2005,10.0,30.0,2005,11.0,15.0,,,11000.0,,,BETA,BETA_2005_10
BLZ,Belize,Latin America and the Caribbean,Americas,2005,11.0,14.0,2005,11.0,21.0,3.0,,,,,GAMMA,GAMMA_2005_11
HND,Honduras,Latin America and the Caribbean,Americas,2005,11.0,18.0,2005,11.0,20.0,47.0,,90000.0,15500.0,24897.0,GAMMA,GAMMA_2005_11
SLV,El Salvador,Latin America and the Caribbean,Americas,2005,5.0,19.0,2005,5.0,19.0,,,,,,ADRIAN,ADRIAN_2005_05
AUS,Australia,Australia and New Zealand,Oceania,2006,1.0,9.0,2006,1.0,31.0,,,1500.0,2354.0,3663.0,CLARE,CLARE_2006_01
CHN,China,Eastern Asia,Asia,2015,7.0,11.0,2015,7.0,12.0,,,13800.0,940000.0,1244078.0,CHAN HOME,
TWN,Taiwan (Province of China),Eastern Asia,Asia,2006,7.0,24.0,2006,7.0,28.0,,,800.0,,,KAEMI,KAEMI_2006_07
HTI,Haiti,Latin America and the Caribbean,Americas,2006,8.0,25.0,2006,8.0,26.0,5.0,,15000.0,,,ERNESTO,ERNESTO_2006_08
JPN,Japan,Eastern Asia,Asia,2006,9.0,15.0,2006,9.0,20.0,10.0,448.0,12448.0,2500000.0,3890153.0,SHANSHAN,SHANSHAN_2006_09
MEX,Mexico,Latin America and the Caribbean,Americas,2006,9.0,16.0,2006,9.0,18.0,4.0,,240700.0,2700.0,4201.0,LANE,LANE_2006_09
PHL,Philippines,South-eastern Asia,Asia,2006,11.0,13.0,2006,11.0,13.0,6.0,10.0,21260.0,,,QUEENIE,
MOZ,Mozambique,Sub-Saharan Africa,Africa,2009,3.0,26.0,2009,3.0,27.0,,3.0,7103.0,3000.0,4387.0,IZILDA,IZILDA_2009_03
REU,Réunion,Sub-Saharan Africa,Africa,2007,2.0,25.0,2007,2.0,25.0,2.0,90.0,90.0,,,GAM DE,
IRN,Iran (Islamic Republic of),Southern Asia,Asia,2007,6.0,6.0,2007,6.0,10.0,12.0,9.0,185009.0,,,GONU,GONU_2007_06
BGD,Bangladesh,Southern Asia,Asia,2007,5.0,15.0,2007,5.0,15.0,41.0,,225.0,,,,
USA,United States of America,Northern America,Americas,2007,8.0,16.0,2007,8.0,19.0,26.0,,,248000.0,375200.0,ERIN,ERIN_2007_08
HTI,Haiti,Latin America and the Caribbean,Americas,2007,8.0,18.0,2007,8.0,24.0,9.0,6.0,3966.0,,,DEAN,DEAN_2007_08
MEX,Mexico,Latin America and the Caribbean,Americas,2007,9.0,4.0,2007,9.0,6.0,,,30000.0,,,FELIX,FELIX_2007_09
JPN,Japan,Eastern Asia,Asia,2007,9.0,17.0,2007,9.0,25.0,4.0,,,,,WIPHA GORING,WIPHA_2007_09
KOR,Republic of Korea,Eastern Asia,Asia,2007,9.0,16.0,2007,9.0,19.0,20.0,2.0,602.0,70000.0,105903.0,NARI,NARI_2007_09
BHS,Bahamas,Latin America and the Caribbean,Americas,2007,10.0,28.0,2007,11.0,2.0,1.0,,7000.0,,,NOEL,NOEL_2007_10
HTI,Haiti,Latin America and the Caribbean,Americas,2007,10.0,28.0,2007,11.0,2.0,90.0,133.0,108763.0,,,NOEL,NOEL_2007_10
PHL,Philippines,South-eastern Asia,Asia,2007,11.0,25.0,2007,12.0,2.0,29.0,6.0,443115.0,5000.0,7565.0,MITAG,MITAG_2007_11
AUS,Australia,Australia and New Zealand,Oceania,2007,3.0,2.0,2007,3.0,16.0,2.0,,820.0,100000.0,151290.0,GEORGE AND JACOB,GEORGE_2007_03
PRI,Puerto Rico,Latin America and the Caribbean,Americas,2007,12.0,11.0,2007,12.0,17.0,1.0,,,,,OLGA,OLGA_2007_12
PHL,Philippines,South-eastern Asia,Asia,2007,9.0,18.0,2007,9.0,18.0,1.0,,64000.0,,,GORING,
PHL,Philippines,South-eastern Asia,Asia,2022,4.0,10.0,2022,4.0,12.0,346.0,8.0,2298788.0,41556.0,44543.0,MEGI,MEGI_2022_04
LKA,Sri Lanka,Southern Asia,Asia,2008,4.0,27.0,2008,5.0,3.0,9.0,,50000.0,,,NARGIS,NARGIS_2008_04
CRI,Costa Rica,Latin America and the Caribbean,Americas,2008,5.0,28.0,2008,5.0,28.0,4.0,,55000.0,,,ALMA,ALMA_2008_05
HND,Honduras,Latin America and the Caribbean,Americas,2008,5.0,28.0,2008,5.0,28.0,,,,,,ALMA,ALMA_2008_05
USA,United States of America,Northern America,Americas,2008,7.0,23.0,2008,7.0,23.0,,,,1200000.0,1748362.0,DOLLY,DOLLY_2008_07
PHL,Philippines,South-eastern Asia,Asia,2008,8.0,4.0,2008,8.0,4.0,2.0,,4498.0,,,KAMMURI,KAMMURI_2008_08
THA,Thailand,South-eastern Asia,Asia,2008,8.0,11.0,2008,8.0,20.0,,,,,,KAMMURI,KAMMURI_2008_08
CUB,Cuba,Latin America and the Caribbean,Americas,2008,8.0,20.0,2008,8.0,20.0,,,,,,FAY,FAY_2008_08
CYM,Cayman Islands,Latin America and the Caribbean,Americas,2008,8.0,26.0,2008,8.0,26.0,,,,,,GUSTAV,GUSTAV_2008_08
DOM,Dominican Republic,Latin America and the Caribbean,Americas,2008,9.0,3.0,2008,9.0,3.0,1.0,,10745.0,,,HANNA,HANNA_2008_09
TCA,Turks and Caicos Islands,Latin America and the Caribbean,Americas,2008,9.0,1.0,2008,9.0,1.0,,,750.0,,,HANNA,HANNA_2008_09
USA,United States of America,Northern America,Americas,2008,8.0,28.0,2008,8.0,28.0,7.0,,,160000.0,233115.0,HANNA,HANNA_2008_08
BHS,Bahamas,Latin America and the Caribbean,Americas,2008,9.0,7.0,2008,9.0,7.0,,,3000.0,,,IKE,IKE_2008_09
JPN,Japan,Eastern Asia,Asia,2023,8.0,2.0,2023,8.0,2.0,2.0,41.0,41.0,,,KHANOUN,
CHN,China,Eastern Asia,Asia,2008,9.0,24.0,2008,9.0,25.0,12.0,,,824000.0,1200542.0,HAGUPIT,HAGUPIT_2008_09
HKG,"China, Hong Kong Special Administrative Region",Eastern Asia,Asia,2008,9.0,25.0,2008,9.0,25.0,,58.0,58.0,,,HAGUPIT,HAGUPIT_2008_09
VNM,Viet Nam,South-eastern Asia,Asia,2008,9.0,25.0,2008,9.0,28.0,46.0,61.0,58511.0,63000.0,91789.0,HAGUPIT,HAGUPIT_2008_09
TWN,Taiwan (Province of China),Eastern Asia,Asia,2008,9.0,16.0,2008,9.0,16.0,22.0,20.0,20.0,26400.0,38464.0,SINLAKU,SINLAKU_2008_09
VNM,Viet Nam,South-eastern Asia,Asia,2008,11.0,17.0,2008,11.0,20.0,17.0,8.0,8828.0,1000.0,1457.0,NOUL,NOUL_2008_11
CAN,Canada,Northern America,Americas,2009,8.0,23.0,2009,8.0,23.0,,3.0,3.0,,,BILL,BILL_2009_08
USA,United States of America,Northern America,Americas,2009,8.0,23.0,2009,8.0,23.0,3.0,9.0,9.0,,,BILL,BILL_2009_08
ATG,Antigua and Barbuda,Latin America and the Caribbean,Americas,2008,10.0,15.0,2008,10.0,16.0,,,25800.0,,,OMAR,OMAR_2008_10
KNA,Saint Kitts and Nevis,Latin America and the Caribbean,Americas,2008,10.0,15.0,2008,10.0,16.0,,,,,,OMAR,OMAR_2008_10
CHN,China,Eastern Asia,Asia,2009,10.0,13.0,2009,10.0,13.0,3.0,,,35000.0,51176.0,PEPENG,
AUS,Australia,Australia and New Zealand,Oceania,2009,1.0,26.0,2009,2.0,20.0,,,400.0,,,DOMINIC,DOMINIC_2009_01
BGD,Bangladesh,Southern Asia,Asia,2009,4.0,19.0,2009,4.0,20.0,7.0,84.0,19209.0,,,BIJLI,BIJLI_2009_04
PHL,Philippines,South-eastern Asia,Asia,2009,5.0,7.0,2009,5.0,10.0,77.0,53.0,401007.0,30342.0,44365.0,EMONG,
BTN,Bhutan,Southern Asia,Asia,2009,5.0,25.0,2009,5.0,26.0,12.0,,,,,AILA,AILA_2009_05
IND,India,Southern Asia,Asia,2009,5.0,25.0,2009,5.0,25.0,96.0,,5100000.0,,,AILA,AILA_2009_05
PHL,Philippines,South-eastern Asia,Asia,2009,7.0,18.0,2009,7.0,18.0,5.0,1.0,248058.0,,,ISANG,
MEX,Mexico,Latin America and the Caribbean,Americas,2009,11.0,8.0,2009,11.0,8.0,,,40000.0,,,IDA,IDA_2009_11
NIC,Nicaragua,Latin America and the Caribbean,Americas,2009,11.0,5.0,2009,11.0,5.0,,,19897.0,,,IDA,IDA_2009_11
SLV,El Salvador,Latin America and the Caribbean,Americas,2009,11.0,7.0,2009,11.0,9.0,275.0,,90000.0,939000.0,1372975.0,IDA,IDA_2009_11
PHL,Philippines,South-eastern Asia,Asia,2009,10.0,28.0,2009,10.0,28.0,39.0,20.0,802175.0,15194.0,22216.0,MIRINAE,MIRINAE_2009_10
PYF,French Polynesia,Polynesia,Oceania,2010,2.0,4.0,2010,2.0,4.0,1.0,11.0,3411.0,11000.0,15824.0,OLI,OLI_2010_02
NIC,Nicaragua,Latin America and the Caribbean,Americas,2010,9.0,24.0,2010,9.0,24.0,,,,,,MATTHEW,MATTHEW_2010_09
HKG,"China, Hong Kong Special Administrative Region",Eastern Asia,Asia,2010,7.0,21.0,2010,7.0,23.0,1.0,,15000.0,,,CHANTHU,CHANTHU_2010_07
FJI,Fiji,Melanesia,Oceania,2010,3.0,14.0,2010,3.0,16.0,2.0,,39101.0,39427.0,56719.0,TOMAS,TOMAS_2010_03
SLV,El Salvador,Latin America and the Caribbean,Americas,2010,5.0,29.0,2010,6.0,1.0,11.0,3.0,11253.0,20000.0,28771.0,AGATHA,AGATHA_2010_05
GTM,Guatemala,Latin America and the Caribbean,Americas,2010,6.0,27.0,2010,6.0,27.0,,,2180.0,,,ALEX,ALEX_2010_06
NIC,Nicaragua,Latin America and the Caribbean,Americas,2010,6.0,27.0,2010,6.0,27.0,5.0,,,,,ALEX,ALEX_2010_06
MEX,Mexico,Latin America and the Caribbean,Americas,2010,8.0,23.0,2010,8.0,24.0,6.0,,154000.0,,,FRANK,FRANK_2010_08
VNM,Viet Nam,South-eastern Asia,Asia,2010,8.0,24.0,2010,8.0,25.0,14.0,20.0,20700.0,44000.0,63297.0,MINDULLE,MINDULLE_2010_08
PRK,Democratic People's Republic of Korea,Eastern Asia,Asia,2010,9.0,2.0,2010,9.0,2.0,20.0,,40000.0,,,KOMPASU,KOMPASU_2010_09
VEN,Venezuela (Bolivarian Republic of),Latin America and the Caribbean,Americas,2010,9.0,24.0,2010,9.0,24.0,8.0,,,,,MATTHEW,MATTHEW_2010_09
MEX,Mexico,Latin America and the Caribbean,Americas,2011,7.0,20.0,2011,7.0,20.0,3.0,,200000.0,,,DORA,DORA_2011_07
MMR,Myanmar,South-eastern Asia,Asia,2010,10.0,22.0,2010,10.0,22.0,45.0,49.0,260049.0,57000.0,81999.0,GIRI,GIRI_2010_10
BRB,Barbados,Latin America and the Caribbean,Americas,2010,10.0,29.0,2010,10.0,29.0,,,2500.0,,,TOMAS,TOMAS_2010_10
HTI,Haiti,Latin America and the Caribbean,Americas,2010,11.0,4.0,2010,11.0,5.0,21.0,,5020.0,,,TOMAS,TOMAS_2010_11
IND,India,Southern Asia,Asia,2010,10.0,31.0,2010,11.0,3.0,22.0,,,,,JAL,JAL_2010_10
MDG,Madagascar,Sub-Saharan Africa,Africa,2011,2.0,14.0,2011,2.0,16.0,35.0,73.0,115215.0,,,TROPICAL CYCLONEBINGIZA,
VUT,Vanuatu,Melanesia,Oceania,2011,1.0,12.0,2011,1.0,13.0,,,32000.0,,,VANIA,VANIA_2011_01
MEX,Mexico,Latin America and the Caribbean,Americas,2011,6.0,20.0,2011,6.0,20.0,3.0,,450.0,,,BEATRIX,
PHL,Philippines,South-eastern Asia,Asia,2011,5.0,20.0,2011,5.0,29.0,,,446907.0,431.0,601.0,CHEDENG,
CHN,China,Eastern Asia,Asia,2011,8.0,4.0,2011,8.0,8.0,,,3649800.0,482585.0,672989.0,KABAYAN,
HTI,Haiti,Latin America and the Caribbean,Americas,2011,8.0,4.0,2011,8.0,4.0,1.0,,1500.0,,,EMILY,EMILY_2011_08
USA,United States of America,Northern America,Americas,2011,8.0,27.0,2011,9.0,13.0,46.0,,370000.0,7300000.0,10180214.0,IRENE,IRENE_2011_08
PHL,Philippines,South-eastern Asia,Asia,2011,10.0,13.0,2011,10.0,13.0,11.0,6.0,75638.0,,,RAMON,RAMON_2011_10
OMN,Oman,Western Asia,Asia,2011,11.0,3.0,2011,11.0,3.0,14.0,200.0,200.0,,,KEILA,KEILA_2011_11
ZAF,South Africa,Sub-Saharan Africa,Africa,2012,1.0,,2012,1.0,,,,1350.0,,,DANDO,
CHN,China,Eastern Asia,Asia,2012,8.0,8.0,2012,8.0,8.0,3.0,7.0,6000007.0,1500000.0,2049416.0,HAIKUI,HAIKUI_2012_08
CHN,China,Eastern Asia,Asia,2012,8.0,17.0,2012,8.0,17.0,2.0,,107500.0,262000.0,357965.0,KAI TAK,
PHL,Philippines,South-eastern Asia,Asia,2012,8.0,17.0,2012,8.0,17.0,4.0,,,3000.0,4099.0,KAI TAK,
CUB,Cuba,Latin America and the Caribbean,Americas,2012,8.0,25.0,2012,8.0,25.0,1.0,,45496.0,,,ISAAC,ISAAC_2012_08
WLF,Wallis and Futuna Islands,Polynesia,Oceania,2012,12.0,15.0,2012,12.0,15.0,,2.0,1252.0,,,EVAN,EVAN_2012_12
KOR,Republic of Korea,Eastern Asia,Asia,2012,9.0,15.0,2012,9.0,17.0,,,3120.0,349000.0,476831.0,SANBA,SANBA_2012_09
SYC,Seychelles,Sub-Saharan Africa,Africa,2013,2.0,7.0,2013,2.0,7.0,,,3000.0,9300.0,12523.0,TOPICAL DEPRESSION FELENG,
IND,India,Southern Asia,Asia,2013,5.0,16.0,2013,5.0,16.0,8.0,4.0,4.0,,,MAHASEN,
LKA,Sri Lanka,Southern Asia,Asia,2013,5.0,13.0,2013,5.0,16.0,7.0,,7339.0,,,MAHASEN,
MEX,Mexico,Latin America and the Caribbean,Americas,2013,5.0,29.0,2013,5.0,29.0,4.0,,12000.0,,,BARBARA,BARBARA_2013_05
CHN,China,Eastern Asia,Asia,2013,7.0,14.0,2013,7.0,14.0,9.0,150.0,390150.0,460000.0,619414.0,SOULIK,SOULIK_2013_07
PHL,Philippines,South-eastern Asia,Asia,2013,6.0,30.0,2013,6.0,30.0,7.0,4.0,3596.0,1000.0,1347.0,RUMBIA,RUMBIA_2013_06
PHL,Philippines,South-eastern Asia,Asia,2013,8.0,12.0,2013,8.0,15.0,18.0,7.0,395730.0,32431.0,43670.0,UTOR,UTOR_2013_08
TWN,Taiwan (Province of China),Eastern Asia,Asia,2013,8.0,22.0,2013,8.0,22.0,2.0,,,12000.0,16159.0,TRAMI,TRAMI_2013_08
TWN,Taiwan (Province of China),Eastern Asia,Asia,2013,9.0,22.0,2013,9.0,22.0,,,,6100.0,8214.0,USAGI,USAGI_2013_09
JPN,Japan,Eastern Asia,Asia,2013,9.0,16.0,2013,9.0,16.0,6.0,141.0,30288.0,2000.0,2693.0,MAN YI,
VNM,Viet Nam,South-eastern Asia,Asia,2013,10.0,10.0,2013,10.0,15.0,20.0,154.0,109754.0,76000.0,102338.0,NARI,NARI_2013_10
PHL,Philippines,South-eastern Asia,Asia,2013,11.0,8.0,2013,11.0,8.0,7354.0,28689.0,16106870.0,10000000.0,13465524.0,HAIYAN,HAIYAN_2013_11
IND,India,Southern Asia,Asia,2013,11.0,22.0,2013,11.0,22.0,10.0,,,262000.0,352797.0,HELEN,HELEN_2013_11
TON,Tonga,Polynesia,Oceania,2014,1.0,6.0,2014,1.0,11.0,1.0,14.0,4014.0,31000.0,41077.0,IAN,IAN_2014_01
CHN,China,Eastern Asia,Asia,2014,7.0,18.0,2014,7.0,19.0,71.0,99.0,9960099.0,4232973.0,5608930.0,RAMMASUN,RAMMASUN_2014_07
MDG,Madagascar,Sub-Saharan Africa,Africa,2014,3.0,29.0,2014,4.0,1.0,17.0,,1736.0,,,HELEN,HELEN_2014_03
KOR,Republic of Korea,Eastern Asia,Asia,2014,8.0,3.0,2014,8.0,6.0,14.0,,,,,NAKRI,NAKRI_2014_08
JPN,Japan,Eastern Asia,Asia,2014,7.0,7.0,2014,7.0,10.0,7.0,66.0,666.0,156000.0,206709.0,NEOGURI,NEOGURI_2014_07
MEX,Mexico,Latin America and the Caribbean,Americas,2014,9.0,2.0,2014,9.0,11.0,3.0,,7500.0,25000.0,33126.0,NORBERT,NORBERT_2014_09
PHL,Philippines,South-eastern Asia,Asia,2014,11.0,27.0,2014,11.0,28.0,12.0,,4695.0,,,SINLAKU,SINLAKU_2014_11
JPN,Japan,Eastern Asia,Asia,2014,10.0,6.0,2014,10.0,6.0,7.0,60.0,8766.0,100000.0,132506.0,PHANFONE,PHANFONE_2014_10
MEX,Mexico,Latin America and the Caribbean,Americas,2014,10.0,18.0,2014,10.0,20.0,6.0,,30000.0,2000.0,2650.0,TRUDY,TRUDY_2014_10
PNG,Papua New Guinea,Melanesia,Oceania,2014,4.0,7.0,2014,4.0,9.0,,,12346.0,,,ITA,ITA_2014_04
PHL,Philippines,South-eastern Asia,Asia,2015,1.0,19.0,2015,1.0,19.0,2.0,,21687.0,1000.0,1323.0,AMANG,
PHL,Philippines,South-eastern Asia,Asia,2015,4.0,6.0,2015,4.0,6.0,,,2761.0,,,MAYSAK,MAYSAK_2015_04
SLB,Solomon Islands,Melanesia,Oceania,2015,7.0,5.0,2015,7.0,6.0,9.0,,400.0,2000.0,2647.0,TROPICAL CYLONE RAQUEL,RAQUEL_2015_07
BGD,Bangladesh,Southern Asia,Asia,2015,7.0,29.0,2015,7.0,30.0,45.0,,2600000.0,40000.0,52939.0,KOMEN,KOMEN_2015_07
GTM,Guatemala,Latin America and the Caribbean,Americas,2016,8.0,6.0,2016,8.0,6.0,,,55.0,,,EARL,EARL_2016_08
CHN,China,Eastern Asia,Asia,2015,8.0,9.0,2015,8.0,9.0,18.0,,1580000.0,1282690.0,1697624.0,SOUDELOR,SOUDELOR_2015_08
TWN,Taiwan (Province of China),Eastern Asia,Asia,2015,8.0,8.0,2015,8.0,9.0,6.0,380.0,380.0,,,SOUDELOR,SOUDELOR_2015_08
DMA,Dominica,Latin America and the Caribbean,Americas,2015,8.0,27.0,2015,8.0,27.0,30.0,20.0,28594.0,482810.0,638993.0,ERIKA,ERIKA_2015_08
TWN,Taiwan (Province of China),Eastern Asia,Asia,2015,9.0,28.0,2015,9.0,28.0,3.0,376.0,376.0,26000.0,34411.0,DUJUAN,DUJUAN_2015_09
YEM,Yemen,Western Asia,Asia,2015,11.0,3.0,2015,11.0,4.0,8.0,65.0,110065.0,200000.0,264697.0,CHAPALA,CHAPALA_2015_11
PHL,Philippines,South-eastern Asia,Asia,2015,10.0,2.0,2015,10.0,2.0,2.0,,3500.0,1300.0,1721.0,MUJIGAE,MUJIGAE_2015_10
KHM,Cambodia,South-eastern Asia,Asia,2015,9.0,19.0,2015,9.0,20.0,,,6300.0,,,VAMCO,VAMCO_2015_09
TWN,Taiwan (Province of China),Eastern Asia,Asia,2016,7.0,9.0,2016,7.0,9.0,3.0,300.0,300.0,,,BUTCHOY,
FJI,Fiji,Melanesia,Oceania,2016,2.0,20.0,2016,2.0,21.0,45.0,144.0,540558.0,600000.0,784199.0,WINSTON,WINSTON_2016_02
TON,Tonga,Polynesia,Oceania,2016,4.0,7.0,2016,4.0,7.0,,,,,,ZENA,ZENA_2016_04
MEX,Mexico,Latin America and the Caribbean,Americas,2016,9.0,6.0,2016,9.0,7.0,11.0,,10500.0,50000.0,65350.0,NEWTON,NEWTON_2016_09
DOM,Dominican Republic,Latin America and the Caribbean,Americas,2016,10.0,3.0,2016,10.0,4.0,6.0,,48.0,,,MATTHEW,MATTHEW_2016_10
USA,United States of America,Northern America,Americas,2016,10.0,8.0,2016,10.0,12.0,49.0,,,10000000.0,13069979.0,MATTHEW,MATTHEW_2016_10
CHN,China,Eastern Asia,Asia,2016,10.0,16.0,2016,10.0,19.0,,,,890000.0,1163228.0,KAREN,KAREN_2016_10
VNM,Viet Nam,South-eastern Asia,Asia,2016,8.0,18.0,2016,8.0,21.0,11.0,15.0,11090.0,157.0,205.0,DIANMU,DIANMU_2016_08
JPN,Japan,Eastern Asia,Asia,2016,9.0,20.0,2016,9.0,20.0,1.0,,6000.0,,,MALAKAS,MALAKAS_2016_09
PHL,Philippines,South-eastern Asia,Asia,2016,12.0,25.0,2016,12.0,26.0,24.0,,1893404.0,103661.0,135485.0,NINA,NINA_2016_12
MDG,Madagascar,Sub-Saharan Africa,Africa,2017,3.0,7.0,2017,3.0,10.0,81.0,253.0,434253.0,20000.0,25595.0,ENAWO,ENAWO_2017_03
HKG,"China, Hong Kong Special Administrative Region",Eastern Asia,Asia,2017,8.0,24.0,2017,8.0,24.0,,129.0,156.0,755500.0,966842.0,HATO,HATO_2017_08
ATG,Antigua and Barbuda,Latin America and the Caribbean,Americas,2017,9.0,6.0,2017,9.0,6.0,1.0,,1800.0,250000.0,319934.0,IRMA,IRMA_2017_09
DOM,Dominican Republic,Latin America and the Caribbean,Americas,2017,9.0,6.0,2017,9.0,6.0,,,6300.0,,,IRMA,IRMA_2017_09
USA,United States of America,Northern America,Americas,2017,9.0,10.0,2017,9.0,28.0,97.0,,70000.0,57000000.0,72945059.0,IRMA,IRMA_2017_09
VIR,United States Virgin Islands,Latin America and the Caribbean,Americas,2017,9.0,7.0,2017,9.0,7.0,4.0,,,,,IRMA,IRMA_2017_09
GLP,Guadeloupe,Latin America and the Caribbean,Americas,2017,9.0,20.0,2017,9.0,20.0,4.0,2.0,80002.0,120000.0,153569.0,MARIA,MARIA_2017_09
USA,United States of America,Northern America,Americas,2017,9.0,26.0,2017,9.0,27.0,4.0,,,,,MARIA,MARIA_2017_09
VGB,British Virgin Islands,Latin America and the Caribbean,Americas,2017,9.0,20.0,2017,9.0,20.0,,,,,,MARIA,MARIA_2017_09
PHL,Philippines,South-eastern Asia,Asia,2017,11.0,1.0,2017,11.0,3.0,6.0,,305.0,,,DAMREY RAMIL,DAMREY_2017_11
PHL,Philippines,South-eastern Asia,Asia,2017,10.0,18.0,2017,10.0,20.0,9.0,,163349.0,3400.0,4351.0,LAN PAOLO,LAN_2017_10
CHN,China,Eastern Asia,Asia,2017,8.0,27.0,2017,8.0,27.0,12.0,,300.0,56000.0,71665.0,PAKHAR JOLINA,PAKHAR_2017_08
HKG,"China, Hong Kong Special Administrative Region",Eastern Asia,Asia,2017,8.0,27.0,2017,8.0,27.0,1.0,,,,,PAKHAR JOLINA,PAKHAR_2017_08
PHL,Philippines,South-eastern Asia,Asia,2018,1.0,1.0,2018,1.0,3.0,3.0,9.0,83917.0,12292.0,15355.0,AGATON,
VNM,Viet Nam,South-eastern Asia,Asia,2018,8.0,17.0,2018,8.0,19.0,13.0,,50000.0,2000.0,2498.0,BEBINCA,BEBINCA_2018_08
CHN,China,Eastern Asia,Asia,2018,9.0,10.0,2018,9.0,18.0,,,,770000.0,961904.0,MANGKUT,
HKG,"China, Hong Kong Special Administrative Region",Eastern Asia,Asia,2018,9.0,17.0,2018,9.0,17.0,,300.0,300.0,,,MANGKUT,
USA,United States of America,Northern America,Americas,2018,9.0,12.0,2018,9.0,18.0,53.0,,1500000.0,14000000.0,17489158.0,FLORENCE,FLORENCE_2018_09
CUB,Cuba,Latin America and the Caribbean,Americas,2018,10.0,10.0,2018,10.0,11.0,,,540.0,,,MICHAEL,MICHAEL_2018_10
VNM,Viet Nam,South-eastern Asia,Asia,2018,11.0,17.0,2018,11.0,18.0,19.0,28.0,10028.0,17200.0,21487.0,TROPICAL DEPRESSION TORAJI,TORAJI_2018_11
FSM,Micronesia (Federated States of),Micronesia,Oceania,2019,2.0,19.0,2019,2.0,22.0,,,10000.0,,,WUTIP,WUTIP_2019_02
MOZ,Mozambique,Sub-Saharan Africa,Africa,2019,4.0,25.0,2019,4.0,25.0,45.0,94.0,400094.0,230000.0,282208.0,KENNETH,KENNETH_2019_04
GTM,Guatemala,Latin America and the Caribbean,Americas,2022,10.0,9.0,2022,10.0,10.0,4.0,11.0,457311.0,,,JULIA,JULIA_2022_10
USA,United States of America,Northern America,Americas,2022,9.0,28.0,2022,10.0,2.0,152.0,,,100000000.0,107187331.0,IAN,IAN_2022_09
CUB,Cuba,Latin America and the Caribbean,Americas,2022,9.0,26.0,2022,9.0,28.0,3.0,,3200000.0,25000.0,26797.0,IAN,IAN_2022_09
PHL,Philippines,South-eastern Asia,Asia,2022,8.0,22.0,2022,8.0,23.0,,,7616.0,,,MA ON,
CUB,Cuba,Latin America and the Caribbean,Americas,2022,6.0,2.0,2022,6.0,3.0,3.0,,6780.0,,,,
MWI,Malawi,Sub-Saharan Africa,Africa,2022,3.0,11.0,2022,3.0,14.0,7.0,,,,,GOMBE,GOMBE_2022_03
MDG,Madagascar,Sub-Saharan Africa,Africa,2022,2.0,15.0,2022,2.0,16.0,14.0,,9900.0,,,DUMAKO,DUMAKO_2022_02
ZWE,Zimbabwe,Sub-Saharan Africa,Africa,2022,1.0,25.0,2022,1.0,25.0,,,3000.0,,,ANA,ANA_2022_01
FJI,Fiji,Melanesia,Oceania,2022,1.0,8.0,2022,1.0,11.0,1.0,,69564.0,25000.0,26797.0,CODY,
CUB,Cuba,Latin America and the Caribbean,Americas,2021,8.0,28.0,2021,9.0,2.0,,,,100000.0,115765.0,IDA,IDA_2021_08
PHL,Philippines,South-eastern Asia,Asia,2021,10.0,4.0,2021,10.0,6.0,3.0,,8048.0,240.0,278.0,LIONROCK,LIONROCK_2021_10
IRN,Iran (Islamic Republic of),Southern Asia,Asia,2021,10.0,1.0,2021,10.0,3.0,2.0,122.0,122.0,,,SHAHEEN,
MEX,Mexico,Latin America and the Caribbean,Americas,2021,8.0,28.0,2021,8.0,30.0,2.0,3.0,1503.0,100000.0,115765.0,TROPICAL CYLONE NORA,NORA_2021_08
USA,United States of America,Northern America,Americas,2021,9.0,12.0,2021,9.0,17.0,,,,1000000.0,1157653.0,NICHOLAS,NICHOLAS_2021_09
USA,United States of America,Northern America,Americas,2021,8.0,20.0,2021,8.0,25.0,,,86.0,550000.0,636709.0,TROPICAL DEPRESSION HENRI,HENRI_2021_08
VCT,Saint Vincent and the Grenadines,Latin America and the Caribbean,Americas,2021,7.0,2.0,2021,7.0,3.0,,,129.0,,,ELSA,ELSA_2021_07
HTI,Haiti,Latin America and the Caribbean,Americas,2021,7.0,3.0,2021,7.0,3.0,,3.0,3.0,,,ELSA,ELSA_2021_07
JPN,Japan,Eastern Asia,Asia,2023,6.0,2.0,2023,6.0,2.0,3.0,35.0,35.0,,,MAWAR,MAWAR_2023_06
IND,India,Southern Asia,Asia,2023,6.0,19.0,2023,6.0,21.0,7.0,,10000.0,,,BIPARJOY,BIPARJOY_2023_06
CHN,China,Eastern Asia,Asia,2016,9.0,15.0,2016,9.0,15.0,,,205500.0,2300000.0,3006095.0,FERDIE,
CHN,China,Eastern Asia,Asia,2016,9.0,28.0,2016,9.0,28.0,35.0,,36000.0,830000.0,1084808.0,MEGI,MEGI_2016_09
KOR,Republic of Korea,Eastern Asia,Asia,2016,10.0,5.0,2016,10.0,12.0,9.0,,1500.0,126000.0,164682.0,CHABA,CHABA_2016_10
CHN,China,Eastern Asia,Asia,2016,8.0,18.0,2016,8.0,19.0,,,40000.0,,,DIANMU,DIANMU_2016_08
CRI,Costa Rica,Latin America and the Caribbean,Americas,2016,11.0,23.0,2016,11.0,25.0,9.0,,50000.0,,,OTTO,OTTO_2016_11
NIC,Nicaragua,Latin America and the Caribbean,Americas,2016,11.0,17.0,2016,11.0,17.0,,,10570.0,,,OTTO,OTTO_2016_11
PHL,Philippines,South-eastern Asia,Asia,2016,11.0,23.0,2016,11.0,25.0,,,14309.0,,,MARCE,
IND,India,Southern Asia,Asia,2016,12.0,12.0,2016,12.0,14.0,24.0,,,1000000.0,1306998.0,VARDAH,VARDAH_2016_12
AUS,Australia,Australia and New Zealand,Oceania,2017,3.0,27.0,2017,4.0,6.0,12.0,,45000.0,2700000.0,3455292.0,DEBBIE,DEBBIE_2017_03
PHL,Philippines,South-eastern Asia,Asia,2017,4.0,15.0,2017,4.0,15.0,10.0,10.0,860.0,2000.0,2559.0,TROPICAL DEPRESSION 02W,
BGD,Bangladesh,Southern Asia,Asia,2017,5.0,30.0,2017,5.0,30.0,7.0,12.0,3300012.0,,,MORA,MORA_2017_05
MMR,Myanmar,South-eastern Asia,Asia,2017,6.0,1.0,2017,6.0,9.0,,,107520.0,,,MORA,MORA_2017_06
CHN,China,Eastern Asia,Asia,2017,8.0,3.0,2017,8.0,3.0,,,13800.0,57000.0,72945.0,NESAT HAITANG,HAITANG_2017_08
TWN,Taiwan (Province of China),Eastern Asia,Asia,2017,7.0,29.0,2017,7.0,31.0,1.0,131.0,131.0,17200.0,22011.0,NESAT HAITANG,HAITANG_2017_07
CHN,China,Eastern Asia,Asia,2017,8.0,24.0,2017,8.0,24.0,8.0,373.0,22273.0,3500000.0,4479083.0,HATO,HATO_2017_08
VNM,Viet Nam,South-eastern Asia,Asia,2017,8.0,24.0,2017,8.0,24.0,1.0,1.0,1.0,1430000.0,1830025.0,HATO,HATO_2017_08
CUB,Cuba,Latin America and the Caribbean,Americas,2017,9.0,8.0,2017,9.0,10.0,10.0,,10000000.0,540000.0,691058.0,IRMA,IRMA_2017_09
PRI,Puerto Rico,Latin America and the Caribbean,Americas,2017,9.0,6.0,2017,9.0,7.0,2.0,,,,,IRMA,IRMA_2017_09
DMA,Dominica,Latin America and the Caribbean,Americas,2017,9.0,18.0,2017,9.0,19.0,64.0,100.0,71393.0,1456000.0,1863298.0,MARIA,MARIA_2017_09
DOM,Dominican Republic,Latin America and the Caribbean,Americas,2017,9.0,20.0,2017,9.0,20.0,5.0,,26000.0,63000.0,80623.0,MARIA,MARIA_2017_09
HTI,Haiti,Latin America and the Caribbean,Americas,2017,9.0,21.0,2017,9.0,21.0,3.0,,,,,MARIA,MARIA_2017_09
THA,Thailand,South-eastern Asia,Asia,2017,9.0,17.0,2017,9.0,17.0,,,28500.0,,,DOKSURI,DOKSURI_2017_09
HND,Honduras,Latin America and the Caribbean,Americas,2017,10.0,5.0,2017,10.0,6.0,3.0,,120.0,,,TROPICAL DEPRESSION16 HURRICANE NATE,NATE_2017_10
PAN,Panama,Latin America and the Caribbean,Americas,2017,10.0,6.0,2017,10.0,6.0,7.0,,12000.0,,,TROPICAL DEPRESSION16 HURRICANE NATE,NATE_2017_10
VNM,Viet Nam,South-eastern Asia,Asia,2017,11.0,4.0,2017,11.0,5.0,123.0,,4330000.0,1000000.0,1279738.0,DAMREY RAMIL,DAMREY_2017_11
PHL,Philippines,South-eastern Asia,Asia,2017,8.0,25.0,2017,8.0,26.0,,,3400.0,,,PAKHAR JOLINA,PAKHAR_2017_08
IND,India,Southern Asia,Asia,2017,12.0,2.0,2017,12.0,2.0,884.0,,60000.0,,,OCKHI,OCKHI_2017_12
FJI,Fiji,Melanesia,Oceania,2020,1.0,17.0,2020,1.0,18.0,2.0,,3115.0,,,TINO,TINO_2020_01
CHN,China,Eastern Asia,Asia,2000,9.0,9.0,2000,9.0,9.0,6.0,,2400000.0,,,WUKONG,WUKONG_2000_09
MDG,Madagascar,Sub-Saharan Africa,Africa,2018,3.0,14.0,2018,3.0,20.0,21.0,,50872.0,,,ELIAKIM,ELIAKIM_2018_03
OMN,Oman,Western Asia,Asia,2018,5.0,23.0,2018,5.0,23.0,6.0,,,,,MEKUNU,
YEM,Yemen,Western Asia,Asia,2018,5.0,23.0,2018,5.0,23.0,24.0,,750.0,,,MEKUNU,
DOM,Dominican Republic,Latin America and the Caribbean,Americas,2018,7.0,9.0,2018,7.0,11.0,,,8000.0,,,BERYL,BERYL_2018_07
PRI,Puerto Rico,Latin America and the Caribbean,Americas,2018,7.0,9.0,2018,7.0,11.0,,,,,,BERYL,BERYL_2018_07
CHN,China,Eastern Asia,Asia,2018,8.0,12.0,2018,8.0,12.0,3.0,,2400.0,367000.0,458466.0,YAGI,YAGI_2018_08
CHN,China,Eastern Asia,Asia,2018,7.0,22.0,2018,7.0,22.0,1.0,,18000.0,240000.0,299814.0,AMPIL,AMPIL_2018_07
CHN,China,Eastern Asia,Asia,2018,8.0,15.0,2018,8.0,15.0,2.0,,300.0,188000.0,234854.0,BEBINCA,BEBINCA_2018_08
LAO,Lao People's Democratic Republic,South-eastern Asia,Asia,2018,8.0,13.0,2018,8.0,16.0,,,615145.0,225000.0,281076.0,BEBINCA,BEBINCA_2018_08
CHN,China,Eastern Asia,Asia,2018,8.0,15.0,2018,8.0,17.0,53.0,,39600.0,5400000.0,6745818.0,RUMBIA,RUMBIA_2018_08
PRT,Portugal,Southern Europe,Europe,2018,10.0,13.0,2018,10.0,13.0,2.0,28.0,88.0,115500.0,144286.0,STORM LESLIE,LESLIE_2018_10
MEX,Mexico,Latin America and the Caribbean,Americas,2018,10.0,19.0,2018,10.0,23.0,14.0,,,7005.0,8751.0,VICENTE,VICENTE_2018_10
JPN,Japan,Eastern Asia,Asia,2018,10.0,6.0,2018,10.0,7.0,3.0,,4200.0,,,KONG REY,
IND,India,Southern Asia,Asia,2018,11.0,16.0,2018,11.0,16.0,45.0,,500000.0,775000.0,968150.0,GAJA,GAJA_2018_11
PHL,Philippines,South-eastern Asia,Asia,2018,12.0,28.0,2018,12.0,31.0,182.0,105.0,1016063.0,106753.0,133359.0,TROPICAL DEPRESSION USMAN,
SLB,Solomon Islands,Melanesia,Oceania,2018,12.0,29.0,2018,12.0,29.0,,,1000.0,,,PENNY,PENNY_2018_12
PHL,Philippines,South-eastern Asia,Asia,2019,1.0,18.0,2019,1.0,25.0,,,13160.0,,,TROPICAL DEPRESSION AMANG,
MOZ,Mozambique,Sub-Saharan Africa,Africa,2019,3.0,14.0,2019,3.0,15.0,603.0,1500.0,1501500.0,2000000.0,2453978.0,IDAI,IDAI_2019_03
USA,United States of America,Northern America,Americas,2019,7.0,13.0,2019,7.0,15.0,1.0,,,600000.0,736194.0,TROPICAL CYLONE BARRY,BARRY_2019_07
PHL,Philippines,South-eastern Asia,Asia,2019,7.0,18.0,2019,7.0,18.0,4.0,,2000.0,377440.0,463115.0,DANAS,DANAS_2019_07
CHN,China,Eastern Asia,Asia,2019,8.0,10.0,2019,8.0,12.0,72.0,,108000.0,10000000.0,12269892.0,LEKIMA,LEKIMA_2019_08
PRK,Democratic People's Republic of Korea,Eastern Asia,Asia,2019,9.0,6.0,2019,9.0,7.0,5.0,,5300000.0,24000.0,29448.0,LINGLING,LINGLING_2019_09
PHL,Philippines,South-eastern Asia,Asia,2019,8.0,27.0,2019,8.0,28.0,2.0,2.0,61502.0,,,PODUL,PODUL_2019_08
MEX,Mexico,Latin America and the Caribbean,Americas,2019,9.0,5.0,2019,9.0,6.0,1.0,,,383000.0,469937.0,FERNAND,FERNAND_2019_09
BGD,Bangladesh,Southern Asia,Asia,2003,12.0,20.0,2003,12.0,20.0,28.0,,,,,,
MDG,Madagascar,Sub-Saharan Africa,Africa,2020,3.0,13.0,2020,3.0,17.0,4.0,,3200.0,,,HEROLD,HEROLD_2020_03
IND,India,Southern Asia,Asia,2020,6.0,3.0,2020,6.0,3.0,6.0,,7500.0,820000.0,993871.0,NISARGA,NISARGA_2020_06
SLV,El Salvador,Latin America and the Caribbean,Americas,2020,5.0,31.0,2020,5.0,31.0,32.0,,149840.0,220000.0,266648.0,AMANDA,AMANDA_2020_05
BGD,Bangladesh,Southern Asia,Asia,2020,5.0,20.0,2020,5.0,20.0,26.0,,2600000.0,1500000.0,1818057.0,AMPHAN,AMPHAN_2020_05
LKA,Sri Lanka,Southern Asia,Asia,2020,5.0,17.0,2020,5.0,20.0,4.0,,1100.0,,,AMPHAN,AMPHAN_2020_05
LAO,Lao People's Democratic Republic,South-eastern Asia,Asia,2020,8.0,1.0,2020,8.0,3.0,,,1000.0,,,SINLAKU,SINLAKU_2020_08
VNM,Viet Nam,South-eastern Asia,Asia,2020,7.0,29.0,2020,7.0,30.0,2.0,,10000.0,232.0,281.0,SINLAKU,SINLAKU_2020_07
KOR,Republic of Korea,Eastern Asia,Asia,2020,8.0,3.0,2020,8.0,4.0,26.0,7.0,1007.0,,,HAGUPIT,HAGUPIT_2020_08
MEX,Mexico,Latin America and the Caribbean,Americas,2020,7.0,25.0,2020,7.0,26.0,5.0,,,135000.0,163625.0,HANNA,HANNA_2020_07
USA,United States of America,Northern America,Americas,2020,7.0,25.0,2020,7.0,25.0,,,,1100000.0,1333241.0,HANNA,HANNA_2020_07
USA,United States of America,Northern America,Americas,2020,8.0,27.0,2020,8.0,28.0,33.0,,6500.0,13000000.0,15756490.0,LAURA,LAURA_2020_08
THA,Thailand,South-eastern Asia,Asia,2020,10.0,9.0,2020,10.0,31.0,6.0,,274923.0,,,LINFA,LINFA_2020_10
USA,United States of America,Northern America,Americas,2020,10.0,7.0,2020,10.0,11.0,4.0,,9400.0,2900000.0,3514909.0,DELTA,DELTA_2020_10
VNM,Viet Nam,South-eastern Asia,Asia,2020,10.0,13.0,2020,10.0,14.0,2.0,,70780.0,,,NANGKA,NANGKA_2020_10
VUT,Vanuatu,Melanesia,Oceania,2023,2.0,28.0,2023,3.0,3.0,,,251346.0,,,JUDY,JUDY_2023_02
PHL,Philippines,South-eastern Asia,Asia,2020,10.0,13.0,2020,10.0,14.0,3.0,,250.0,187.0,227.0,TROPICAL DEPRESSION OFEL,
KHM,Cambodia,South-eastern Asia,Asia,2020,9.0,18.0,2020,9.0,21.0,,,,,,NOUL,NOUL_2020_09
VNM,Viet Nam,South-eastern Asia,Asia,2020,10.0,29.0,2020,10.0,29.0,41.0,,450000.0,540000.0,654500.0,MOLAVE,MOLAVE_2020_10
COL,Colombia,Latin America and the Caribbean,Americas,2020,11.0,2.0,2020,11.0,4.0,,,49800.0,25000.0,30301.0,ETA,ETA_2020_11
CRI,Costa Rica,Latin America and the Caribbean,Americas,2020,11.0,3.0,2020,11.0,4.0,,,25000.0,,,ETA,ETA_2020_11
HND,Honduras,Latin America and the Caribbean,Americas,2020,11.0,3.0,2020,11.0,4.0,110.0,,4566584.0,,,ETA,ETA_2020_11
MEX,Mexico,Latin America and the Caribbean,Americas,2020,10.0,7.0,2020,10.0,11.0,,,,100000.0,121204.0,ZETA,ZETA_2020_10
NIC,Nicaragua,Latin America and the Caribbean,Americas,2020,11.0,17.0,2020,11.0,18.0,18.0,,900000.0,741000.0,898120.0,IOTA,IOTA_2020_11
PHL,Philippines,South-eastern Asia,Asia,2021,2.0,21.0,2021,2.0,22.0,5.0,2.0,272453.0,3114.0,3605.0,DUJUAN,DUJUAN_2021_02
AUS,Australia,Australia and New Zealand,Oceania,2021,4.0,11.0,2021,4.0,11.0,1.0,,2625.0,530000.0,613556.0,SEROJA 21,SEROJA_2021_04
PLW,Palau,Micronesia,Oceania,2021,4.0,13.0,2021,4.0,16.0,,,7288.0,,,SURIGAE,
BGD,Bangladesh,Southern Asia,Asia,2021,5.0,25.0,2021,5.0,29.0,3.0,,1300000.0,,,YAAS,YAAS_2021_05
MEX,Mexico,Latin America and the Caribbean,Americas,2021,6.0,25.0,2021,6.0,30.0,2.0,,621.0,50000.0,57883.0,ENRIQUE,ENRIQUE_2021_06
CUB,Cuba,Latin America and the Caribbean,Americas,2021,7.0,2.0,2021,7.0,3.0,,,,,,ELSA,ELSA_2021_07
LCA,Saint Lucia,Latin America and the Caribbean,Americas,2021,7.0,3.0,2021,7.0,3.0,1.0,,,34000.0,39360.0,ELSA,ELSA_2021_07
USA,United States of America,Northern America,Americas,2021,7.0,2.0,2021,7.0,9.0,1.0,9.0,9.0,1200000.0,1389184.0,ELSA,ELSA_2021_07
CHN,China,Eastern Asia,Asia,2021,7.0,21.0,2021,7.0,28.0,5.0,,72000.0,2000000.0,2315306.0,TYPOON IN FA,
IND,India,Southern Asia,Asia,2021,10.0,3.0,2021,10.0,3.0,7.0,,179000.0,,,SHAHEEN,
HKG,"China, Hong Kong Special Administrative Region",Eastern Asia,Asia,2021,10.0,13.0,2021,10.0,14.0,1.0,21.0,21.0,,,KOMPASU,KOMPASU_2021_10
PHL,Philippines,South-eastern Asia,Asia,2021,10.0,11.0,2021,10.0,12.0,59.0,5.0,1140539.0,75610.0,87530.0,KOMPASU,KOMPASU_2021_10
MEX,Mexico,Latin America and the Caribbean,Americas,2021,10.0,25.0,2021,10.0,26.0,,,150.0,10000.0,11577.0,RICK,RICK_2021_10
VNM,Viet Nam,South-eastern Asia,Asia,2021,12.0,19.0,2021,12.0,19.0,3.0,,,9000.0,10419.0,RAI,RAI_2021_12
MDG,Madagascar,Sub-Saharan Africa,Africa,2022,1.0,22.0,2022,1.0,25.0,55.0,,131555.0,,,ANA,ANA_2022_01
MOZ,Mozambique,Sub-Saharan Africa,Africa,2022,1.0,24.0,2022,1.0,25.0,38.0,207.0,185636.0,,,ANA,ANA_2022_01
VNM,Viet Nam,South-eastern Asia,Asia,2022,10.0,13.0,2022,10.0,15.0,19.0,110.0,436978.0,65000.0,69672.0,SONCA,SONCA_2022_10
IND,India,Southern Asia,Asia,2022,12.0,9.0,2022,12.0,9.0,,,,,,MANDOUS,MANDOUS_2022_12
MDG,Madagascar,Sub-Saharan Africa,Africa,2023,1.0,19.0,2023,1.0,23.0,53.0,,90870.0,20000.0,20590.0,CHENESO,CHENESO_2023_01
MWI,Malawi,Sub-Saharan Africa,Africa,2023,3.0,11.0,2023,3.0,13.0,1209.0,2186.0,2269644.0,506710.0,521655.0,FREDDY,FREDDY_2023_03
MMR,Myanmar,South-eastern Asia,Asia,2023,5.0,14.0,2023,5.0,15.0,148.0,132.0,1200132.0,2240000.0,2306069.0,MOCHA,MOCHA_2023_05
BGD,Bangladesh,Southern Asia,Asia,2000,4.0,21.0,2000,4.0,21.0,20.0,300.0,62800.0,,,,
BGD,Bangladesh,Southern Asia,Asia,2000,4.0,11.0,2000,4.0,11.0,,12.0,7012.0,,,,
CHN,China,Eastern Asia,Asia,2000,9.0,1.0,2000,9.0,6.0,47.0,,46000.0,169000.0,307860.0,MARIA,MARIA_2000_09
JPN,Japan,Eastern Asia,Asia,2000,9.0,11.0,2000,9.0,14.0,9.0,41.0,180041.0,1400000.0,2550316.0,SAOMAI,SAOMAI_2000_09
VNM,Viet Nam,South-eastern Asia,Asia,2000,9.0,10.0,2000,9.0,10.0,5.0,29.0,6029.0,21000.0,38255.0,WUKONG,WUKONG_2000_09
BLZ,Belize,Latin America and the Caribbean,Americas,2000,9.0,30.0,2000,10.0,3.0,14.0,570.0,62570.0,277460.0,505436.0,KEITH,KEITH_2000_09
MEX,Mexico,Latin America and the Caribbean,Americas,2000,9.0,29.0,2000,10.0,3.0,23.0,,30000.0,1000.0,1822.0,KEITH,KEITH_2000_09
IND,India,Southern Asia,Asia,2000,11.0,29.0,2000,11.0,29.0,,,30000.0,,,03B,
MEX,Mexico,Latin America and the Caribbean,Americas,2001,7.0,25.0,2001,7.0,25.0,,,100.0,,,DALILA,
PHL,Philippines,South-eastern Asia,Asia,2001,2.0,17.0,2001,2.0,17.0,55.0,84.0,100084.0,6000.0,10630.0,AURING,
BGD,Bangladesh,Southern Asia,Asia,2001,5.0,11.0,2001,5.0,11.0,12.0,200.0,200.0,,,,
USA,United States of America,Northern America,Americas,2001,6.0,5.0,2001,6.0,17.0,41.0,,172000.0,6000000.0,10629520.0,ALLISON,ALLISON_2001_06
CHN,China,Eastern Asia,Asia,2001,7.0,25.0,2001,8.0,1.0,100.0,,,40000.0,70863.0,TORAJI,TORAJI_2001_07
VNM,Viet Nam,South-eastern Asia,Asia,2001,7.0,4.0,2001,7.0,4.0,30.0,3.0,117453.0,25000.0,44290.0,DURIAN,DURIAN_2001_07
PHL,Philippines,South-eastern Asia,Asia,2001,7.0,,2001,7.0,,232.0,241.0,1902654.0,68565.0,121469.0,UTOR,UTOR_2001_07
CHN,China,Eastern Asia,Asia,2001,6.0,19.0,2001,6.0,19.0,,1.0,11126.0,,,,
JPN,Japan,Eastern Asia,Asia,2001,9.0,10.0,2001,9.0,13.0,7.0,15.0,1215.0,500000.0,885793.0,DANAS,DANAS_2001_09
MEX,Mexico,Latin America and the Caribbean,Americas,2001,10.0,4.0,2001,10.0,9.0,2.0,,,1000.0,1772.0,IRIS,IRIS_2001_10
HND,Honduras,Latin America and the Caribbean,Americas,2001,10.0,30.0,2001,11.0,4.0,21.0,,86321.0,5000.0,8858.0,MICHELLE,MICHELLE_2001_10
CYM,Cayman Islands,Latin America and the Caribbean,Americas,2001,10.0,30.0,2001,11.0,5.0,,,,60000.0,106295.0,MICHELLE,MICHELLE_2001_10
VNM,Viet Nam,South-eastern Asia,Asia,2001,11.0,12.0,2001,11.0,12.0,20.0,83.0,73183.0,55000.0,97437.0,LINGLING,LINGLING_2001_11
CHN,China,Eastern Asia,Asia,2001,8.0,28.0,2001,9.0,9.0,4.0,,,213000.0,377348.0,FITOW,FITOW_2001_08
REU,Réunion,Sub-Saharan Africa,Africa,2002,1.0,,2002,1.0,,,300.0,3100.0,50000.0,87196.0,DINA,
JPN,Japan,Eastern Asia,Asia,2002,7.0,15.0,2002,7.0,15.0,,9.0,579.0,,,HALONG,HALONG_2002_07
MEX,Mexico,Latin America and the Caribbean,Americas,2002,9.0,20.0,2002,9.0,20.0,13.0,30.0,500030.0,640000.0,1116113.0,ISIDORE,ISIDORE_2002_09
BRB,Barbados,Latin America and the Caribbean,Americas,2002,9.0,24.0,2002,9.0,24.0,,,2000.0,200.0,349.0,LILI,LILI_2002_09
CYM,Cayman Islands,Latin America and the Caribbean,Americas,2002,9.0,30.0,2002,10.0,1.0,,,300.0,1000.0,1744.0,LILI,LILI_2002_09
CYM,Cayman Islands,Latin America and the Caribbean,Americas,2002,9.0,14.0,2002,9.0,26.0,,,,500.0,872.0,ISIDORE,ISIDORE_2002_09
MEX,Mexico,Latin America and the Caribbean,Americas,2002,10.0,25.0,2002,10.0,26.0,3.0,200.0,9000.0,200000.0,348785.0,KENNA,KENNA_2002_10
IND,India,Southern Asia,Asia,2003,4.0,12.0,2003,4.0,12.0,,60.0,460.0,,,,
SLV,El Salvador,Latin America and the Caribbean,Americas,2002,9.0,21.0,2002,9.0,21.0,,,500.0,,,ISIDORE,ISIDORE_2002_09
SLB,Solomon Islands,Melanesia,Oceania,2003,1.0,26.0,2003,1.0,28.0,,,275.0,,,BENI,BENI_2003_01
MDG,Madagascar,Sub-Saharan Africa,Africa,2003,1.0,29.0,2003,1.0,29.0,,,500.0,,,FARI,FARI_2003_01
COD,Democratic Republic of the Congo,Sub-Saharan Africa,Africa,2003,2.0,2.0,2003,2.0,2.0,17.0,2500.0,22500.0,,,,
SLB,Solomon Islands,Melanesia,Oceania,2003,6.0,5.0,2003,6.0,5.0,,,150.0,,,GINA,GINA_2003_06
CHN,China,Eastern Asia,Asia,2003,7.0,24.0,2003,7.0,24.0,20.0,20.0,7400020.0,100000.0,170522.0,IMBUDO,IMBUDO_2003_07
JPN,Japan,Eastern Asia,Asia,2003,8.0,8.0,2003,8.0,11.0,20.0,80.0,2180.0,55000.0,93787.0,ETAU,ETAU_2003_08
HKG,"China, Hong Kong Special Administrative Region",Eastern Asia,Asia,2003,9.0,2.0,2003,9.0,2.0,4.0,22.0,22.0,,,DUJUAN,DUJUAN_2003_09
CAN,Canada,Northern America,Americas,2003,9.0,18.0,2003,9.0,18.0,,,,,,ISABEL,ISABEL_2003_09
FSM,Micronesia (Federated States of),Micronesia,Oceania,2003,11.0,21.0,2003,11.0,25.0,,,1000.0,,,LUPIT,LUPIT_2003_11
DOM,Dominican Republic,Latin America and the Caribbean,Americas,2003,12.0,6.0,2003,12.0,6.0,8.0,,10000.0,,,ODETTE,ODETTE_2003_12
PHL,Philippines,South-eastern Asia,Asia,2004,5.0,13.0,2004,5.0,19.0,31.0,14.0,714.0,1000.0,1661.0,NIDA,NIDA_2004_05
PHL,Philippines,South-eastern Asia,Asia,2004,6.0,25.0,2004,7.0,2.0,28.0,12.0,385012.0,19667.0,32662.0,MINDULLE,MINDULLE_2004_06
VNM,Viet Nam,South-eastern Asia,Asia,2004,6.0,7.0,2004,6.0,11.0,14.0,5.0,905.0,7000.0,11625.0,CHANTHU,CHANTHU_2004_06
KOR,Republic of Korea,Eastern Asia,Asia,2004,6.0,18.0,2004,6.0,20.0,6.0,,522.0,,,DIANMU,DIANMU_2004_06
MNP,Northern Mariana Islands,Micronesia,Oceania,2004,6.0,26.0,2004,6.0,27.0,3.0,,200.0,,,TINGTING,
JAM,Jamaica,Latin America and the Caribbean,Americas,2004,8.0,13.0,2004,8.0,13.0,1.0,6.0,126.0,300000.0,498226.0,CHARLEY,CHARLEY_2004_08
PHL,Philippines,South-eastern Asia,Asia,2004,8.0,25.0,2004,8.0,26.0,35.0,,1058849.0,,,AERE,AERE_2004_08
JPN,Japan,Eastern Asia,Asia,2004,8.0,30.0,2004,8.0,31.0,14.0,50.0,180050.0,2000000.0,3321510.0,CHABA,CHABA_2004_08
CYM,Cayman Islands,Latin America and the Caribbean,Americas,2004,9.0,12.0,2004,9.0,12.0,2.0,,,3430080.0,5696522.0,IVAN,IVAN_2004_09
VEN,Venezuela (Bolivarian Republic of),Latin America and the Caribbean,Americas,2004,9.0,8.0,2004,9.0,8.0,5.0,5.0,1730.0,,,IVAN,IVAN_2004_09
VIR,United States Virgin Islands,Latin America and the Caribbean,Americas,2004,9.0,15.0,2004,9.0,15.0,,,,,,JEANNE,JEANNE_2004_09
PHL,Philippines,South-eastern Asia,Asia,2004,11.0,23.0,2004,11.0,28.0,29.0,14.0,2014.0,,,MERBOK,MERBOK_2004_11
PHL,Philippines,South-eastern Asia,Asia,2004,11.0,30.0,2004,12.0,3.0,8.0,8.0,70488.0,34000.0,56466.0,NANMADOL,NANMADOL_2004_11
DOM,Dominican Republic,Latin America and the Caribbean,Americas,2005,10.0,22.0,2005,10.0,24.0,9.0,,1000.0,,,ALPHA,ALPHA_2005_10
HTI,Haiti,Latin America and the Caribbean,Americas,2005,7.0,7.0,2005,7.0,7.0,40.0,36.0,15036.0,50000.0,80313.0,DENNIS,DENNIS_2005_07
JAM,Jamaica,Latin America and the Caribbean,Americas,2005,7.0,7.0,2005,7.0,7.0,1.0,,8000.0,30000.0,48188.0,DENNIS,DENNIS_2005_07
HTI,Haiti,Latin America and the Caribbean,Americas,2005,7.0,17.0,2005,7.0,17.0,6.0,,750.0,,,EMILY,EMILY_2005_07
JAM,Jamaica,Latin America and the Caribbean,Americas,2005,7.0,18.0,2005,7.0,18.0,4.0,,2296.0,1000.0,1606.0,EMILY,EMILY_2005_07
MEX,Mexico,Latin America and the Caribbean,Americas,2005,7.0,18.0,2005,7.0,18.0,2.0,,,400000.0,642503.0,EMILY,EMILY_2005_07
VCT,Saint Vincent and the Grenadines,Latin America and the Caribbean,Americas,2005,7.0,14.0,2005,7.0,14.0,,,530.0,,,EMILY,EMILY_2005_07
KOR,Republic of Korea,Eastern Asia,Asia,2005,8.0,2.0,2005,8.0,7.0,5.0,,,500.0,803.0,MATSA,MATSA_2005_08
JPN,Japan,Eastern Asia,Asia,2005,8.0,25.0,2005,8.0,26.0,3.0,4.0,94.0,,,MAWAR,MAWAR_2005_08
USA,United States of America,Northern America,Americas,2005,9.0,23.0,2005,10.0,1.0,10.0,,300000.0,16000000.0,25700137.0,RITA,RITA_2005_09
TWN,Taiwan (Province of China),Eastern Asia,Asia,2005,10.0,2.0,2005,10.0,2.0,2.0,46.0,46.0,100000.0,160626.0,LONGWANG,LONGWANG_2005_10
HND,Honduras,Latin America and the Caribbean,Americas,2005,10.0,21.0,2005,10.0,21.0,,,,,,WILMA,WILMA_2005_10
JAM,Jamaica,Latin America and the Caribbean,Americas,2005,10.0,19.0,2005,10.0,24.0,1.0,,100.0,3500.0,5622.0,WILMA,WILMA_2005_10
VNM,Viet Nam,South-eastern Asia,Asia,2005,11.0,2.0,2005,11.0,4.0,20.0,,15000.0,11000.0,17669.0,KAI TAK,
MMR,Myanmar,South-eastern Asia,Asia,2006,4.0,29.0,2006,5.0,5.0,34.0,31.0,60106.0,,,MALA,MALA_2006_04
CHN,China,Eastern Asia,Asia,2006,5.0,18.0,2006,5.0,22.0,23.0,,3150000.0,475000.0,739129.0,CHANCHU,CHANCHU_2006_05
CHN,China,Eastern Asia,Asia,2006,7.0,16.0,2006,7.0,19.0,820.0,,29622000.0,3325000.0,5173903.0,BILIS,BILIS_2006_07
PHL,Philippines,South-eastern Asia,Asia,2006,7.0,11.0,2006,7.0,17.0,37.0,,51680.0,3000.0,4668.0,BILIS,BILIS_2006_07
TWN,Taiwan (Province of China),Eastern Asia,Asia,2006,7.0,17.0,2006,7.0,17.0,3.0,,,,,BILIS,BILIS_2006_07
CHN,China,Eastern Asia,Asia,2006,8.0,3.0,2006,8.0,6.0,89.0,,10000000.0,900000.0,1400455.0,PRAPIROON,PRAPIROON_2006_08
USA,United States of America,Northern America,Americas,2006,8.0,2.0,2006,9.0,7.0,6.0,,140.0,32860.0,51132.0,ERNESTO,ERNESTO_2006_08
PHL,Philippines,South-eastern Asia,Asia,2006,9.0,27.0,2006,10.0,6.0,228.0,406.0,3842406.0,113000.0,175835.0,XANGSANE,XANGSANE_2006_09
BGD,Bangladesh,Southern Asia,Asia,2006,4.0,5.0,2006,4.0,6.0,9.0,65.0,1465.0,,,,
CHN,China,Eastern Asia,Asia,2010,9.0,20.0,2010,9.0,20.0,75.0,,1000000.0,298285.0,429105.0,FANAPI,FANAPI_2010_09
ZWE,Zimbabwe,Sub-Saharan Africa,Africa,2007,2.0,27.0,2007,2.0,27.0,,,,1200.0,1815.0,FAVIO,FAVIO_2007_02
NZL,New Zealand,Australia and New Zealand,Oceania,2007,3.0,29.0,2007,3.0,31.0,,,300.0,,,BECKY,BECKY_2007_03
LCA,Saint Lucia,Latin America and the Caribbean,Americas,2007,8.0,17.0,2007,8.0,24.0,1.0,,,40000.0,60516.0,DEAN,DEAN_2007_08
MTQ,Martinique,Latin America and the Caribbean,Americas,2007,8.0,16.0,2007,8.0,24.0,1.0,6.0,6.0,300000.0,453871.0,DEAN,DEAN_2007_08
PHL,Philippines,South-eastern Asia,Asia,2007,8.0,17.0,2007,8.0,24.0,3.0,,380000.0,492.0,744.0,SEPAT,SEPAT_2007_08
TWN,Taiwan (Province of China),Eastern Asia,Asia,2007,8.0,17.0,2007,8.0,24.0,,12.0,1812.0,25000.0,37823.0,SEPAT,SEPAT_2007_08
HND,Honduras,Latin America and the Caribbean,Americas,2007,9.0,4.0,2007,9.0,12.0,1.0,,19500.0,6579.0,9953.0,FELIX,FELIX_2007_09
NIC,Nicaragua,Latin America and the Caribbean,Americas,2007,9.0,4.0,2007,9.0,12.0,177.0,,188726.0,,,FELIX,FELIX_2007_09
VNM,Viet Nam,South-eastern Asia,Asia,2007,9.0,29.0,2007,10.0,12.0,96.0,150.0,685430.0,191000.0,288964.0,LEKIMA,LEKIMA_2007_09
MEX,Mexico,Latin America and the Caribbean,Americas,2007,9.0,28.0,2007,10.0,1.0,5.0,,33000.0,,,LORENZO,LORENZO_2007_09
HKG,"China, Hong Kong Special Administrative Region",Eastern Asia,Asia,2009,9.0,15.0,2009,9.0,15.0,,50.0,350.0,,,KOPPU,KOPPU_2009_09
DOM,Dominican Republic,Latin America and the Caribbean,Americas,2007,12.0,11.0,2007,12.0,17.0,33.0,,61605.0,45000.0,68081.0,OLGA,OLGA_2007_12
MEX,Mexico,Latin America and the Caribbean,Americas,2007,9.0,1.0,2007,9.0,1.0,6.0,,,,,HENRIETTE,HENRIETTE_2007_09
DOM,Dominican Republic,Latin America and the Caribbean,Americas,2008,8.0,26.0,2008,8.0,26.0,8.0,2.0,6257.0,,,GUSTAV,GUSTAV_2008_08
FJI,Fiji,Melanesia,Oceania,2008,1.0,28.0,2008,1.0,29.0,7.0,,,30000.0,43709.0,GENE,GENE_2008_01
VNM,Viet Nam,South-eastern Asia,Asia,2008,9.0,30.0,2008,9.0,30.0,18.0,,31680.0,6500.0,9470.0,MEKKHALA,MEKKHALA_2008_09
MDG,Madagascar,Sub-Saharan Africa,Africa,2008,2.0,17.0,2008,3.0,3.0,93.0,580.0,524153.0,60000.0,87418.0,IVAN,IVAN_2008_02
PHL,Philippines,South-eastern Asia,Asia,2008,4.0,13.0,2008,4.0,13.0,1.0,,,16000.0,23311.0,NEOGURI,NEOGURI_2008_04
GTM,Guatemala,Latin America and the Caribbean,Americas,2011,7.0,20.0,2011,7.0,20.0,5.0,,,,,DORA,DORA_2011_07
PHL,Philippines,South-eastern Asia,Asia,2011,7.0,26.0,2011,7.0,27.0,84.0,53.0,1108224.0,63258.0,88216.0,TOPICAL STORM JUANING,
JAM,Jamaica,Latin America and the Caribbean,Americas,2008,8.0,28.0,2008,8.0,29.0,12.0,,4000.0,66198.0,96448.0,GUSTAV,GUSTAV_2008_08
CHN,China,Eastern Asia,Asia,2008,7.0,28.0,2008,8.0,8.0,1.0,6.0,93006.0,73000.0,106359.0,FUNG WONG,
PHL,Philippines,South-eastern Asia,Asia,2008,7.0,28.0,2008,7.0,29.0,10.0,2.0,22081.0,40.0,58.0,FUNG WONG,
TWN,Taiwan (Province of China),Eastern Asia,Asia,2008,7.0,27.0,2008,7.0,27.0,2.0,,,10000.0,14570.0,FUNG WONG,
TWN,Taiwan (Province of China),Eastern Asia,Asia,2008,7.0,18.0,2008,7.0,19.0,26.0,8.0,8.0,16000.0,23311.0,KALMAEGI,KALMAEGI_2008_07
GTM,Guatemala,Latin America and the Caribbean,Americas,2008,7.0,21.0,2008,7.0,21.0,17.0,,,,,DOLLY,DOLLY_2008_07
DOM,Dominican Republic,Latin America and the Caribbean,Americas,2008,8.0,18.0,2008,8.0,18.0,4.0,,,,,FAY,FAY_2008_08
TCA,Turks and Caicos Islands,Latin America and the Caribbean,Americas,2008,8.0,26.0,2008,8.0,26.0,4.0,,,,,GUSTAV,GUSTAV_2008_08
USA,United States of America,Northern America,Americas,2008,9.0,1.0,2008,9.0,1.0,43.0,,2100000.0,7000000.0,10198778.0,GUSTAV,GUSTAV_2008_09
HTI,Haiti,Latin America and the Caribbean,Americas,2008,9.0,2.0,2008,9.0,3.0,529.0,,48000.0,,,HANNA,HANNA_2008_09
CUB,Cuba,Latin America and the Caribbean,Americas,2008,9.0,8.0,2008,9.0,9.0,7.0,,,1500000.0,2185452.0,IKE,IKE_2008_09
TCA,Turks and Caicos Islands,Latin America and the Caribbean,Americas,2008,9.0,6.0,2008,9.0,6.0,,,750.0,500000.0,728484.0,IKE,IKE_2008_09
PHL,Philippines,South-eastern Asia,Asia,2008,9.0,22.0,2008,9.0,22.0,37.0,17.0,46132.0,7420.0,10811.0,HAGUPIT,HAGUPIT_2008_09
CHN,China,Eastern Asia,Asia,2008,9.0,28.0,2008,9.0,28.0,,,,,,JANGMI,JANGMI_2008_09
PHL,Philippines,South-eastern Asia,Asia,2008,7.0,18.0,2008,7.0,18.0,2.0,1.0,31130.0,147.0,214.0,HELEN,HELEN_2008_07
PHL,Philippines,South-eastern Asia,Asia,2008,9.0,29.0,2008,9.0,29.0,1.0,,27683.0,,,HIGOS,HIGOS_2008_09
MDG,Madagascar,Sub-Saharan Africa,Africa,2009,1.0,19.0,2009,1.0,22.0,12.0,,62505.0,,,CYCLONES ERIC AND FANELE,FANELE_2009_01
MDG,Madagascar,Sub-Saharan Africa,Africa,2009,4.0,6.0,2009,4.0,7.0,15.0,10.0,64918.0,5000.0,7311.0,JADE,JADE_2009_04
PHL,Philippines,South-eastern Asia,Asia,2009,4.0,29.0,2009,5.0,5.0,29.0,8.0,383465.0,25810.0,37739.0,TYPHHON DANTE,
PHL,Philippines,South-eastern Asia,Asia,2009,9.0,2.0,2009,9.0,8.0,1.0,,95700.0,,,LABUYO,
BGD,Bangladesh,Southern Asia,Asia,2009,5.0,25.0,2009,5.0,26.0,190.0,7103.0,3935341.0,270000.0,394785.0,AILA,AILA_2009_05
CHN,China,Eastern Asia,Asia,2009,8.0,9.0,2009,8.0,10.0,8.0,4.0,11000004.0,1415594.0,2069835.0,MORAKOT,MORAKOT_2009_08
LAO,Lao People's Democratic Republic,South-eastern Asia,Asia,2009,9.0,29.0,2009,10.0,1.0,16.0,91.0,128887.0,100000.0,146217.0,ONDOY,
VNM,Viet Nam,South-eastern Asia,Asia,2009,9.0,28.0,2009,9.0,29.0,182.0,860.0,2477315.0,785000.0,1147801.0,ONDOY,
PHL,Philippines,South-eastern Asia,Asia,2009,9.0,29.0,2009,10.0,10.0,512.0,207.0,4478491.0,585379.0,855922.0,PEPENG,
JPN,Japan,Eastern Asia,Asia,2009,10.0,7.0,2009,10.0,9.0,4.0,119.0,5119.0,1000000.0,1462167.0,MELOR,MELOR_2009_10
USA,United States of America,Northern America,Americas,2009,11.0,9.0,2009,11.0,10.0,6.0,,,600000.0,877300.0,IDA,IDA_2009_11
PHL,Philippines,South-eastern Asia,Asia,2009,8.0,1.0,2009,8.0,3.0,14.0,10.0,221422.0,2888.0,4223.0,GONI,GONI_2009_08
SLB,Solomon Islands,Melanesia,Oceania,2010,3.0,15.0,2010,3.0,15.0,,,795.0,,,ULUI,ULUI_2010_03
BGD,Bangladesh,Southern Asia,Asia,2010,4.0,17.0,2010,4.0,17.0,3.0,,10000.0,,,,
OMN,Oman,Western Asia,Asia,2010,6.0,6.0,2010,6.0,6.0,16.0,,,1000000.0,1438574.0,PHET,PHET_2010_06
PAK,Pakistan,Southern Asia,Asia,2010,6.0,6.0,2010,6.0,7.0,23.0,,4000.0,80000.0,115086.0,PHET,PHET_2010_06
KOR,Republic of Korea,Eastern Asia,Asia,2010,9.0,2.0,2010,9.0,2.0,12.0,,41500.0,,,KOMPASU,KOMPASU_2010_09
TWN,Taiwan (Province of China),Eastern Asia,Asia,2010,9.0,18.0,2010,9.0,20.0,2.0,100.0,100.0,63100.0,90774.0,FANAPI,FANAPI_2010_09
JAM,Jamaica,Latin America and the Caribbean,Americas,2010,9.0,29.0,2010,9.0,30.0,15.0,26.0,2506.0,150000.0,215786.0,NICOLE,NICOLE_2010_09
GTM,Guatemala,Latin America and the Caribbean,Americas,2010,9.0,25.0,2010,9.0,25.0,,,,,,MATTHEW,MATTHEW_2010_09
MEX,Mexico,Latin America and the Caribbean,Americas,2010,9.0,25.0,2010,9.0,25.0,3.0,,1075.0,,,MATTHEW,MATTHEW_2010_09
PHL,Philippines,South-eastern Asia,Asia,2010,10.0,18.0,2010,10.0,18.0,35.0,42.0,2009026.0,275745.0,396680.0,MEGI,MEGI_2010_10
AUS,Australia,Australia and New Zealand,Oceania,2011,2.0,2.0,2011,2.0,5.0,1.0,,7300.0,2500000.0,3486375.0,YASI,YASI_2011_02
SLB,Solomon Islands,Melanesia,Oceania,2011,2.0,2.0,2011,2.0,2.0,,,,,,YASI,YASI_2011_02
PHL,Philippines,South-eastern Asia,Asia,2011,5.0,8.0,2011,5.0,11.0,37.0,11.0,430092.0,31259.0,43592.0,BEBENG,
CHN,China,Eastern Asia,Asia,2011,6.0,4.0,2011,6.0,11.0,23.0,,,,,DODONG,
PRI,Puerto Rico,Latin America and the Caribbean,Americas,2011,8.0,4.0,2011,8.0,4.0,,,,,,EMILY,EMILY_2011_08
DOM,Dominican Republic,Latin America and the Caribbean,Americas,2011,8.0,24.0,2011,8.0,24.0,4.0,,37000.0,30000.0,41836.0,IRENE,IRENE_2011_08
HTI,Haiti,Latin America and the Caribbean,Americas,2011,8.0,24.0,2011,8.0,24.0,2.0,4.0,1544.0,,,IRENE,IRENE_2011_08
PRI,Puerto Rico,Latin America and the Caribbean,Americas,2011,8.0,22.0,2011,8.0,22.0,1.0,,2271.0,500000.0,697275.0,IRENE,IRENE_2011_08
PHL,Philippines,South-eastern Asia,Asia,2011,8.0,27.0,2011,8.0,29.0,43.0,37.0,403230.0,34452.0,48045.0,MINA,
JPN,Japan,Eastern Asia,Asia,2011,9.0,2.0,2011,9.0,4.0,68.0,,1300.0,650000.0,906457.0,TALAS,TALAS_2011_09
MOZ,Mozambique,Sub-Saharan Africa,Africa,2012,3.0,3.0,2012,3.0,7.0,3.0,13.0,4958.0,,,TROPICAL DEPRESSION IRINA,IRINA_2012_03
CHN,China,Eastern Asia,Asia,2011,6.0,19.0,2011,6.0,24.0,,,,,,HAIMA,HAIMA_2011_06
PHL,Philippines,South-eastern Asia,Asia,2011,6.0,14.0,2011,6.0,20.0,,,,,,HAIMA,HAIMA_2011_06
MOZ,Mozambique,Sub-Saharan Africa,Africa,2012,1.0,18.0,2012,1.0,18.0,20.0,42.0,40042.0,,,DANDO,
CHN,China,Eastern Asia,Asia,2012,8.0,8.0,2012,8.0,8.0,34.0,,232170.0,124000.0,169418.0,GENER,
USA,United States of America,Northern America,Americas,2012,6.0,22.0,2012,6.0,27.0,9.0,1.0,17001.0,210000.0,286918.0,DEBBY,DEBBY_2012_06
CHN,China,Eastern Asia,Asia,2012,7.0,24.0,2012,7.0,24.0,8.0,,58500.0,329000.0,449505.0,VICENTE,VICENTE_2012_07
CHN,China,Eastern Asia,Asia,2012,8.0,2.0,2012,8.0,8.0,15.0,,3790000.0,600000.0,819766.0,DAMREY,DAMREY_2012_08
VNM,Viet Nam,South-eastern Asia,Asia,2012,8.0,17.0,2012,8.0,17.0,17.0,14.0,60479.0,6800.0,9291.0,KAI TAK,
PRI,Puerto Rico,Latin America and the Caribbean,Americas,2012,8.0,25.0,2012,8.0,25.0,,,,,,ISAAC,ISAAC_2012_08
USA,United States of America,Northern America,Americas,2012,8.0,28.0,2012,8.0,29.0,1.0,,60000.0,2000000.0,2732554.0,ISAAC,ISAAC_2012_08
PHL,Philippines,South-eastern Asia,Asia,2012,9.0,21.0,2012,9.0,24.0,4.0,,7921.0,,,LAWIN,
BHS,Bahamas,Latin America and the Caribbean,Americas,2012,10.0,24.0,2012,10.0,24.0,1.0,,,,,SANDY,SANDY_2012_10
CUB,Cuba,Latin America and the Caribbean,Americas,2012,10.0,22.0,2012,10.0,22.0,11.0,,162605.0,,,SANDY,SANDY_2012_10
USA,United States of America,Northern America,Americas,2012,10.0,28.0,2012,10.0,28.0,54.0,,,50000000.0,68313858.0,SANDY,SANDY_2012_10
PHL,Philippines,South-eastern Asia,Asia,2012,10.0,3.0,2012,10.0,3.0,,,322.0,,,MARCE,
SOM,Somalia,Sub-Saharan Africa,Africa,2015,11.0,2.0,2015,11.0,2.0,,,4000.0,,,CHAPALA,CHAPALA_2015_11
MDG,Madagascar,Sub-Saharan Africa,Africa,2013,2.0,22.0,2013,2.0,22.0,42.0,127.0,40281.0,25000.0,33664.0,HARUNA,HARUNA_2013_02
PHL,Philippines,South-eastern Asia,Asia,2013,1.0,3.0,2013,1.0,10.0,1.0,,10597.0,,,TROPCAL STORM AURING,
PHL,Philippines,South-eastern Asia,Asia,2013,2.0,20.0,2013,2.0,21.0,6.0,4.0,262884.0,1680.0,2262.0,TROPICAL DEPRESSION CRISING,
JPN,Japan,Eastern Asia,Asia,2013,10.0,14.0,2013,10.0,16.0,39.0,107.0,19289.0,200000.0,269310.0,WIPHA,WIPHA_2013_10
PLW,Palau,Micronesia,Oceania,2013,11.0,7.0,2013,11.0,7.0,,,,,,HAIYAN,HAIYAN_2013_11
IND,India,Southern Asia,Asia,2013,10.0,12.0,2013,10.0,14.0,47.0,,13230000.0,633471.0,853002.0,PHAILIN,PHAILIN_2013_10
MEX,Mexico,Latin America and the Caribbean,Americas,2013,9.0,12.0,2013,9.0,17.0,23.0,,50000.0,1500000.0,2019829.0,INGRID,INGRID_2013_09
CHN,China,Eastern Asia,Asia,2013,9.0,30.0,2013,9.0,30.0,74.0,,,,,WUTIP,WUTIP_2013_09
VNM,Viet Nam,South-eastern Asia,Asia,2013,11.0,11.0,2013,11.0,11.0,16.0,89.0,13094.0,734000.0,988369.0,HAIYAN,HAIYAN_2013_11
SOM,Somalia,Sub-Saharan Africa,Africa,2013,11.0,8.0,2013,11.0,19.0,162.0,,142380.0,2000.0,2693.0,3A,
COM,Comoros,Sub-Saharan Africa,Africa,2014,3.0,27.0,2014,3.0,29.0,,,9511.0,,,HELEN,HELEN_2014_03
VUT,Vanuatu,Melanesia,Oceania,2014,3.0,9.0,2014,3.0,12.0,12.0,6.0,20006.0,2000.0,2650.0,TROPICAL CYLONE LUSI,LUSI_2014_03
PHL,Philippines,South-eastern Asia,Asia,2014,7.0,15.0,2014,7.0,15.0,111.0,1250.0,4654966.0,820576.0,1087310.0,RAMMASUN,RAMMASUN_2014_07
USA,United States of America,Northern America,Americas,2014,8.0,8.0,2014,8.0,10.0,1.0,,834.0,66000.0,87454.0,ISELLE,ISELLE_2014_08
JPN,Japan,Eastern Asia,Asia,2014,8.0,3.0,2014,8.0,6.0,,,4401.0,,,NAKRI,NAKRI_2014_08
CHN,China,Eastern Asia,Asia,2014,9.0,18.0,2014,9.0,24.0,,,1250.0,,,TROPICAL STROM FUNG WONG,
JPN,Japan,Eastern Asia,Asia,2014,10.0,12.0,2014,10.0,13.0,9.0,94.0,1198.0,100000.0,132506.0,VONGFONG,VONGFONG_2014_10
PHL,Philippines,South-eastern Asia,Asia,2014,12.0,12.0,2014,12.0,12.0,18.0,916.0,4150400.0,113878.0,150895.0,HAGUPIT,HAGUPIT_2014_12
AUS,Australia,Australia and New Zealand,Oceania,2015,2.0,22.0,2015,2.0,24.0,1.0,,6000.0,546000.0,722624.0,MARCIA,MARCIA_2015_02
AUS,Australia,Australia and New Zealand,Oceania,2015,3.0,12.0,2015,3.0,15.0,,,600.0,57000.0,75439.0,OLWYN,OLWYN_2015_03
CHN,China,Eastern Asia,Asia,2015,10.0,4.0,2015,10.0,4.0,20.0,,78300.0,4200000.0,5558645.0,MUJIGAE,MUJIGAE_2015_10
CHN,China,Eastern Asia,Asia,2015,7.0,9.0,2015,7.0,9.0,,,56000.0,213000.0,281903.0,LINFA,LINFA_2015_07
THA,Thailand,South-eastern Asia,Asia,2015,9.0,15.0,2015,9.0,21.0,3.0,,1440.0,561.0,742.0,VAMCO,VAMCO_2015_09
TON,Tonga,Polynesia,Oceania,2016,1.0,2.0,2016,1.0,2.0,,,392.0,,,ULLA,
TON,Tonga,Polynesia,Oceania,2016,2.0,19.0,2016,2.0,19.0,,,,,,WINSTON,WINSTON_2016_02
CHN,China,Eastern Asia,Asia,2016,7.0,9.0,2016,7.0,9.0,69.0,,24900.0,1511160.0,1975083.0,BUTCHOY,
PHL,Philippines,South-eastern Asia,Asia,2016,7.0,8.0,2016,7.0,8.0,2.0,2.0,3359.0,,,BUTCHOY,
BLZ,Belize,Latin America and the Caribbean,Americas,2016,8.0,4.0,2016,8.0,4.0,,,10355.0,,,EARL,EARL_2016_08
COK,Cook Islands,Polynesia,Oceania,2010,2.0,11.0,2010,2.0,19.0,,8.0,2202.0,,,PAT,PAT_2010_02
MEX,Mexico,Latin America and the Caribbean,Americas,2010,6.0,30.0,2010,7.0,7.0,22.0,,170000.0,2000000.0,2877148.0,ALEX,ALEX_2010_06
BGD,Bangladesh,Southern Asia,Asia,2010,4.0,13.0,2010,4.0,14.0,8.0,200.0,247110.0,,,,
IND,India,Southern Asia,Asia,2010,4.0,13.0,2010,4.0,14.0,114.0,,500000.0,,,,
GTM,Guatemala,Latin America and the Caribbean,Americas,2010,5.0,28.0,2010,6.0,1.0,174.0,154.0,397962.0,650000.0,935073.0,AGATHA,AGATHA_2010_05
HND,Honduras,Latin America and the Caribbean,Americas,2010,5.0,29.0,2010,5.0,29.0,18.0,4.0,24675.0,90000.0,129472.0,AGATHA,AGATHA_2010_05
VNM,Viet Nam,South-eastern Asia,Asia,2010,7.0,17.0,2010,7.0,17.0,11.0,,1500.0,500.0,719.0,CONSON,CONSON_2010_07
VNM,Viet Nam,South-eastern Asia,Asia,2010,7.0,23.0,2010,7.0,25.0,10.0,,12400.0,,,CHANTHU,CHANTHU_2010_07
PHL,Philippines,South-eastern Asia,Asia,2010,8.0,9.0,2010,8.0,9.0,31.0,,1045.0,,,ESTER,
MEX,Mexico,Latin America and the Caribbean,Americas,2010,9.0,15.0,2010,9.0,17.0,12.0,,230000.0,3900000.0,5610438.0,KARL,KARL_2010_09
USA,United States of America,Northern America,Americas,2010,9.0,3.0,2010,9.0,3.0,1.0,,,100000.0,143857.0,EARL,EARL_2010_09
BLZ,Belize,Latin America and the Caribbean,Americas,2010,9.0,25.0,2010,9.0,25.0,,,,,,MATTHEW,MATTHEW_2010_09
CHN,China,Eastern Asia,Asia,2010,10.0,22.0,2010,10.0,22.0,,,,420000.0,604201.0,MEGI,MEGI_2010_10
LCA,Saint Lucia,Latin America and the Caribbean,Americas,2010,10.0,30.0,2010,10.0,30.0,14.0,,181000.0,500.0,719.0,TOMAS,TOMAS_2010_10
VCT,Saint Vincent and the Grenadines,Latin America and the Caribbean,Americas,2010,10.0,29.0,2010,10.0,29.0,,,6100.0,48000.0,69052.0,TOMAS,TOMAS_2010_10
CHN,China,Eastern Asia,Asia,2013,7.0,1.0,2013,7.0,1.0,7.0,,21000.0,177000.0,238340.0,RUMBIA,RUMBIA_2013_07
CHN,China,Eastern Asia,Asia,2010,9.0,9.0,2010,9.0,9.0,3.0,,186000.0,,,MERANTI,MERANTI_2010_09
PHL,Philippines,South-eastern Asia,Asia,2011,6.0,9.0,2011,6.0,10.0,9.0,1.0,1152.0,,,DODONG,
PRK,Democratic People's Republic of Korea,Eastern Asia,Asia,2011,8.0,7.0,2011,8.0,9.0,10.0,887.0,6499.0,,,KABAYAN,
MTQ,Martinique,Latin America and the Caribbean,Americas,2011,8.0,3.0,2011,8.0,3.0,1.0,,,,,EMILY,EMILY_2011_08
PHL,Philippines,South-eastern Asia,Asia,2011,10.0,1.0,2011,10.0,1.0,25.0,12.0,1113775.0,2655.0,3703.0,QUIEL,
PHL,Philippines,South-eastern Asia,Asia,2011,9.0,24.0,2011,9.0,24.0,103.0,91.0,3030846.0,344173.0,479966.0,PEDRING,
MEX,Mexico,Latin America and the Caribbean,Americas,2011,10.0,10.0,2011,11.0,1.0,5.0,,50000.0,27700.0,38629.0,JOVA,JOVA_2011_10
VNM,Viet Nam,South-eastern Asia,Asia,2011,6.0,19.0,2011,6.0,24.0,,,,,,HAIMA,HAIMA_2011_06
MWI,Malawi,Sub-Saharan Africa,Africa,2012,1.0,,2012,1.0,,,,6000.0,,,FUNSO,FUNSO_2012_01
JPN,Japan,Eastern Asia,Asia,2012,9.0,15.0,2012,9.0,17.0,,,25250.0,31000.0,42355.0,SANBA,SANBA_2012_09
VNM,Viet Nam,South-eastern Asia,Asia,2012,7.0,26.0,2012,7.0,27.0,10.0,3.0,3.0,,,VICENTE,VICENTE_2012_07
DOM,Dominican Republic,Latin America and the Caribbean,Americas,2012,8.0,25.0,2012,8.0,25.0,5.0,,20515.0,,,ISAAC,ISAAC_2012_08
HTI,Haiti,Latin America and the Caribbean,Americas,2012,8.0,25.0,2012,8.0,29.0,13.0,7.0,8007.0,,,ISAAC,ISAAC_2012_08
KOR,Republic of Korea,Eastern Asia,Asia,2012,8.0,28.0,2012,8.0,28.0,20.0,,,450000.0,614825.0,BOLAVEN,BOLAVEN_2012_08
VNM,Viet Nam,South-eastern Asia,Asia,2012,10.0,28.0,2012,10.0,28.0,11.0,90.0,278490.0,336000.0,459069.0,SON TINH,
DOM,Dominican Republic,Latin America and the Caribbean,Americas,2012,10.0,24.0,2012,10.0,24.0,3.0,,22000.0,30000.0,40988.0,SANDY,SANDY_2012_10
HTI,Haiti,Latin America and the Caribbean,Americas,2012,10.0,24.0,2012,10.0,26.0,75.0,20.0,201850.0,254000.0,347034.0,SANDY,SANDY_2012_10
JPN,Japan,Eastern Asia,Asia,2012,8.0,25.0,2012,8.0,25.0,,,,86000.0,117500.0,BOLAVEN,BOLAVEN_2012_08
PRK,Democratic People's Republic of Korea,Eastern Asia,Asia,2012,8.0,28.0,2012,8.0,30.0,59.0,1.0,44461.0,,,BOLAVEN,BOLAVEN_2012_08
LKA,Sri Lanka,Southern Asia,Asia,2012,10.0,29.0,2012,10.0,31.0,,,69000.0,57000.0,77878.0,NILAM,NILAM_2012_10
PHL,Philippines,South-eastern Asia,Asia,2012,9.0,13.0,2012,9.0,14.0,1.0,,1234.0,,,KAREN,KAREN_2012_09
WSM,Samoa,Polynesia,Oceania,2012,12.0,13.0,2012,12.0,13.0,12.0,,12703.0,133000.0,181715.0,EVAN,EVAN_2012_12
PHL,Philippines,South-eastern Asia,Asia,2012,12.0,25.0,2012,12.0,27.0,24.0,3.0,241606.0,5526.0,7550.0,WUKONG,WUKONG_2012_12
KOR,Republic of Korea,Eastern Asia,Asia,2012,8.0,30.0,2012,8.0,30.0,2.0,,,,,TEMBIN,TEMBIN_2012_08
AUS,Australia,Australia and New Zealand,Oceania,2013,1.0,23.0,2013,1.0,30.0,6.0,,7500.0,2000000.0,2693105.0,EX TROPICAL CYCLONE OSWALD,OSWALD_2013_01
MDG,Madagascar,Sub-Saharan Africa,Africa,2013,1.0,30.0,2013,2.0,2.0,9.0,,4598.0,,,TOPICAL DEPRESSION FELENG,
CHN,China,Eastern Asia,Asia,2013,7.0,13.0,2013,7.0,15.0,1.0,,3000.0,253000.0,340678.0,CIRAMON,
BGD,Bangladesh,Southern Asia,Asia,2013,5.0,16.0,2013,5.0,16.0,17.0,65.0,1498644.0,,,MAHASEN,
CHN,China,Eastern Asia,Asia,2013,8.0,15.0,2013,8.0,21.0,88.0,,8000000.0,2120000.0,2854691.0,UTOR,UTOR_2013_08
VNM,Viet Nam,South-eastern Asia,Asia,2013,8.0,2.0,2013,8.0,3.0,7.0,11.0,5011.0,1000.0,1347.0,JEBI,JEBI_2013_08
PHL,Philippines,South-eastern Asia,Asia,2013,9.0,21.0,2013,9.0,22.0,5.0,,72696.0,,,USAGI,USAGI_2013_09
PHL,Philippines,South-eastern Asia,Asia,2013,10.0,12.0,2013,10.0,14.0,20.0,154.0,871755.0,96723.0,130243.0,NARI,NARI_2013_10
PHL,Philippines,South-eastern Asia,Asia,2013,10.0,31.0,2013,10.0,31.0,4.0,,220443.0,4729.0,6368.0,KROSA,KROSA_2013_10
REU,Réunion,Sub-Saharan Africa,Africa,2014,1.0,2.0,2014,1.0,2.0,1.0,15.0,265.0,85000.0,112630.0,BEISJA,
PHL,Philippines,South-eastern Asia,Asia,2014,1.0,19.0,2014,1.0,20.0,79.0,86.0,1148707.0,12591.0,16684.0,TROPICAL DEPRESSION AGATON,
PHL,Philippines,South-eastern Asia,Asia,2014,1.0,31.0,2014,2.0,1.0,6.0,,47740.0,3200.0,4240.0,TOPICAL STORM BASYANG,
GTM,Guatemala,Latin America and the Caribbean,Americas,2014,5.0,30.0,2014,6.0,6.0,5.0,,100000.0,,,BORIS,BORIS_2014_05
VNM,Viet Nam,South-eastern Asia,Asia,2014,7.0,19.0,2014,7.0,20.0,27.0,,36000.0,6200.0,8215.0,RAMMASUN,RAMMASUN_2014_07
CHN,China,Eastern Asia,Asia,2014,7.0,22.0,2014,7.0,24.0,14.0,,,500000.0,662528.0,HENRY,
TWN,Taiwan (Province of China),Eastern Asia,Asia,2014,7.0,22.0,2014,8.0,24.0,,,,20000.0,26501.0,HENRY,
JPN,Japan,Eastern Asia,Asia,2014,8.0,10.0,2014,8.0,12.0,10.0,96.0,21750.0,200000.0,265011.0,HALONG,HALONG_2014_08
MEX,Mexico,Latin America and the Caribbean,Americas,2014,8.0,22.0,2014,9.0,2.0,3.0,,30000.0,14000.0,18551.0,MARIE,
PHL,Philippines,South-eastern Asia,Asia,2014,9.0,17.0,2014,9.0,22.0,22.0,16.0,2052157.0,75783.0,100417.0,TROPICAL STROM FUNG WONG,
MEX,Mexico,Latin America and the Caribbean,Americas,2014,9.0,10.0,2014,9.0,17.0,6.0,135.0,75135.0,2500000.0,3312642.0,ODILE,ODILE_2014_09
CHN,China,Eastern Asia,Asia,2014,9.0,10.0,2014,9.0,16.0,9.0,,394000.0,2900000.0,3842665.0,KALMAEGI,KALMAEGI_2014_09
PHL,Philippines,South-eastern Asia,Asia,2014,9.0,10.0,2014,9.0,16.0,4.0,1.0,431086.0,19183.0,25419.0,KALMAEGI,KALMAEGI_2014_09
VNM,Viet Nam,South-eastern Asia,Asia,2014,9.0,16.0,2014,9.0,16.0,11.0,,11325.0,4500.0,5963.0,KALMAEGI,KALMAEGI_2014_09
VUT,Vanuatu,Melanesia,Oceania,2015,3.0,12.0,2015,3.0,14.0,11.0,,188000.0,449400.0,594775.0,PAM,PAM_2015_03
MDG,Madagascar,Sub-Saharan Africa,Africa,2015,2.0,7.0,2015,2.0,8.0,6.0,,36880.0,10000.0,13235.0,FUNDI,FUNDI_2015_02
FSM,Micronesia (Federated States of),Micronesia,Oceania,2015,3.0,27.0,2015,3.0,30.0,5.0,,35000.0,11000.0,14558.0,MAYSAK,MAYSAK_2015_03
PHL,Philippines,South-eastern Asia,Asia,2015,5.0,11.0,2015,5.0,11.0,2.0,,523.0,348.0,461.0,NOUL,NOUL_2015_05
JPN,Japan,Eastern Asia,Asia,2015,7.0,9.0,2015,7.0,11.0,1.0,27.0,27.0,,,CHAN HOME,
PHL,Philippines,South-eastern Asia,Asia,2015,7.0,12.0,2015,7.0,12.0,5.0,,14100.0,1500000.0,1985230.0,CHAN HOME,
TWN,Taiwan (Province of China),Eastern Asia,Asia,2015,7.0,12.0,2015,7.0,12.0,,6.0,6.0,,,CHAN HOME,
JPN,Japan,Eastern Asia,Asia,2015,7.0,16.0,2015,7.0,17.0,2.0,56.0,845.0,207000.0,273962.0,NANGKA,NANGKA_2015_07
PHL,Philippines,South-eastern Asia,Asia,2015,8.0,5.0,2015,8.0,5.0,,,3843.0,,,SOUDELOR,SOUDELOR_2015_08
DOM,Dominican Republic,Latin America and the Caribbean,Americas,2015,8.0,28.0,2015,8.0,28.0,,,2133.0,,,ERIKA,ERIKA_2015_08
CHN,China,Eastern Asia,Asia,2015,9.0,28.0,2015,9.0,28.0,,,,661000.0,874825.0,DUJUAN,DUJUAN_2015_09
USA,United States of America,Northern America,Americas,2015,10.0,1.0,2015,10.0,13.0,25.0,,800.0,2000000.0,2646974.0,JOAQUIN,JOAQUIN_2015_10
PHL,Philippines,South-eastern Asia,Asia,2015,10.0,14.0,2015,10.0,20.0,51.0,83.0,2898590.0,210985.0,279236.0,KOPPU,KOPPU_2015_10
BHS,Bahamas,Latin America and the Caribbean,Americas,2015,10.0,1.0,2015,10.0,4.0,33.0,,6710.0,90000.0,119114.0,JOAQUIN,JOAQUIN_2015_10
YEM,Yemen,Western Asia,Asia,2015,11.0,8.0,2015,11.0,10.0,18.0,,15000.0,,,MEGH,MEGH_2015_11
PHL,Philippines,South-eastern Asia,Asia,2015,12.0,14.0,2015,12.0,15.0,46.0,24.0,287251.0,135217.0,178958.0,MELOR,MELOR_2015_12
VNM,Viet Nam,South-eastern Asia,Asia,2015,9.0,14.0,2015,9.0,14.0,11.0,,,218.0,289.0,VAMCO,VAMCO_2015_09
FJI,Fiji,Melanesia,Oceania,2016,4.0,4.0,2016,4.0,7.0,2.0,,5000.0,,,ZENA,ZENA_2016_04
PHL,Philippines,South-eastern Asia,Asia,2016,9.0,16.0,2016,9.0,16.0,,,16648.0,4913.0,6421.0,FERDIE,
PRK,Democratic People's Republic of Korea,Eastern Asia,Asia,2018,8.0,23.0,2018,8.0,24.0,86.0,,58143.0,4640.0,5796.0,SOULIK,SOULIK_2018_08
CUB,Cuba,Latin America and the Caribbean,Americas,2016,9.0,28.0,2016,10.0,7.0,,,190000.0,2600000.0,3398195.0,MATTHEW,MATTHEW_2016_09
JAM,Jamaica,Latin America and the Caribbean,Americas,2016,9.0,27.0,2016,10.0,3.0,,,125000.0,,,MATTHEW,MATTHEW_2016_09
JPN,Japan,Eastern Asia,Asia,2016,10.0,5.0,2016,10.0,6.0,,,,,,CHABA,CHABA_2016_10
VNM,Viet Nam,South-eastern Asia,Asia,2016,10.0,13.0,2016,10.0,15.0,34.0,,610000.0,350000.0,457449.0,AERE,AERE_2016_10
PHL,Philippines,South-eastern Asia,Asia,2018,9.0,16.0,2018,9.0,16.0,84.0,138.0,3800138.0,32033.0,40016.0,MANGKUT,
PAN,Panama,Latin America and the Caribbean,Americas,2016,11.0,21.0,2016,11.0,22.0,7.0,,12000.0,,,OTTO,OTTO_2016_11
ZWE,Zimbabwe,Sub-Saharan Africa,Africa,2017,1.0,,2017,3.0,,251.0,128.0,113023.0,189000.0,241870.0,TROPICAL DEPRESSION EX DINEO,DINEO_2017_01
IND,India,Southern Asia,Asia,2017,5.0,30.0,2017,5.0,31.0,,,1970.0,,,MORA,MORA_2017_05
VUT,Vanuatu,Melanesia,Oceania,2017,5.0,7.0,2017,5.0,12.0,,,2564.0,,,DONNA,DONNA_2017_05
PRI,Puerto Rico,Latin America and the Caribbean,Americas,2017,9.0,19.0,2017,9.0,21.0,64.0,,750000.0,68000000.0,87022176.0,MARIA,MARIA_2017_09
CHN,China,Eastern Asia,Asia,2017,7.0,16.0,2017,7.0,17.0,,,30000.0,3600.0,4607.0,TALAS,TALAS_2017_07
LAO,Lao People's Democratic Republic,South-eastern Asia,Asia,2017,7.0,17.0,2017,7.0,19.0,,,,,,TALAS,TALAS_2017_07
PHL,Philippines,South-eastern Asia,Asia,2017,7.0,25.0,2017,7.0,27.0,,,7339.0,174.92,224.0,NESAT HAITANG,HAITANG_2017_07
JPN,Japan,Eastern Asia,Asia,2017,8.0,5.0,2017,8.0,7.0,2.0,51.0,1389.0,2000.0,2559.0,NORU,NORU_2017_08
MEX,Mexico,Latin America and the Caribbean,Americas,2017,8.0,7.0,2017,8.0,7.0,,,300.0,2000.0,2559.0,FRANKLIN,FRANKLIN_2017_08
VIR,United States Virgin Islands,Latin America and the Caribbean,Americas,2017,9.0,20.0,2017,9.0,20.0,3.0,,,,,MARIA,MARIA_2017_09
KNA,Saint Kitts and Nevis,Latin America and the Caribbean,Americas,2017,9.0,6.0,2017,9.0,6.0,,,500.0,20000.0,25595.0,IRMA,IRMA_2017_09
MTQ,Martinique,Latin America and the Caribbean,Americas,2017,9.0,18.0,2017,9.0,18.0,,2.0,2.0,44000.0,56308.0,MARIA,MARIA_2017_09
CRI,Costa Rica,Latin America and the Caribbean,Americas,2017,9.0,4.0,2017,10.0,6.0,13.0,,11500.0,185000.0,236752.0,TROPICAL DEPRESSION16 HURRICANE NATE,NATE_2017_09
NIC,Nicaragua,Latin America and the Caribbean,Americas,2017,10.0,5.0,2017,10.0,6.0,15.0,,39200.0,,,TROPICAL DEPRESSION16 HURRICANE NATE,NATE_2017_10
USA,United States of America,Northern America,Americas,2017,10.0,7.0,2017,10.0,8.0,,,60.0,250000.0,319934.0,TROPICAL DEPRESSION16 HURRICANE NATE,NATE_2017_10
TWN,Taiwan (Province of China),Eastern Asia,Asia,2018,8.0,23.0,2018,8.0,26.0,7.0,140.0,6140.0,34000.0,42474.0,,
IDN,Indonesia,South-eastern Asia,Asia,2017,11.0,28.0,2017,11.0,29.0,11.0,35.0,2035.0,,,CEMPAKA,CEMPAKA_2017_11
REU,Réunion,Sub-Saharan Africa,Africa,2018,1.0,18.0,2018,1.0,18.0,,,200.0,,,BERGUITTA,
TON,Tonga,Polynesia,Oceania,2018,2.0,12.0,2018,2.0,13.0,,,87000.0,,,GITA,GITA_2018_02
PHL,Philippines,South-eastern Asia,Asia,2018,9.0,19.0,2018,9.0,19.0,5.0,,1709511.0,19000.0,23735.0,YAGI,YAGI_2018_09
USA,United States of America,Northern America,Americas,2018,5.0,27.0,2018,5.0,30.0,5.0,,,125000.0,156153.0,ALBERTO,ALBERTO_2018_05
FJI,Fiji,Melanesia,Oceania,2018,4.0,9.0,2018,4.0,11.0,,,89250.0,50000.0,62461.0,KENI,KENI_2018_04
CHN,China,Eastern Asia,Asia,2018,7.0,19.0,2018,7.0,19.0,14.0,,16200.0,570000.0,712059.0,EWINIAR,EWINIAR_2018_07
USA,United States of America,Northern America,Americas,2018,10.0,10.0,2018,10.0,11.0,49.0,,5000.0,16000000.0,19987609.0,MICHAEL,MICHAEL_2018_10
IND,India,Southern Asia,Asia,2018,10.0,11.0,2018,10.0,12.0,85.0,200.0,300200.0,920000.0,1149287.0,TITLI,TITLI_2018_10
YEM,Yemen,Western Asia,Asia,2018,10.0,14.0,2018,10.0,15.0,25.0,124.0,15124.0,,,LUBAN,LUBAN_2018_10
MEX,Mexico,Latin America and the Caribbean,Americas,2018,10.0,23.0,2018,10.0,23.0,6.0,,10000.0,536800.0,670584.0,WILLA,WILLA_2018_10
IND,India,Southern Asia,Asia,2018,12.0,17.0,2018,12.0,19.0,8.0,,10000.0,100000.0,124923.0,PHETHAI,PHETHAI_2018_12
THA,Thailand,South-eastern Asia,Asia,2019,1.0,4.0,2019,1.0,4.0,7.0,,720885.0,,,TROPICAL CYLONE PABUK,PABUK_2019_01
ZWE,Zimbabwe,Sub-Saharan Africa,Africa,2019,3.0,14.0,2019,3.0,14.0,628.0,186.0,270186.0,,,IDAI,IDAI_2019_03
BGD,Bangladesh,Southern Asia,Asia,2019,5.0,4.0,2019,5.0,4.0,39.0,45.0,10045.0,,,FANI,FANI_2019_05
IND,India,Southern Asia,Asia,2019,5.0,3.0,2019,5.0,3.0,50.0,,20000000.0,1810000.0,2220850.0,FANI,FANI_2019_05
COM,Comoros,Sub-Saharan Africa,Africa,2019,4.0,24.0,2019,4.0,25.0,8.0,180.0,345311.0,,,KENNETH,KENNETH_2019_04
USA,United States of America,Northern America,Americas,2019,8.0,28.0,2019,9.0,6.0,10.0,,,1600000.0,1963183.0,DORIAN,DORIAN_2019_08
USA,United States of America,Northern America,Americas,2019,9.0,17.0,2019,9.0,21.0,5.0,,1000.0,3500000.0,4294462.0,IMELDA,IMELDA_2019_09
MEX,Mexico,Latin America and the Caribbean,Americas,2019,9.0,20.0,2019,9.0,20.0,1.0,,200.0,,,LORENA,LORENA_2019_09
PHL,Philippines,South-eastern Asia,Asia,2019,11.0,17.0,2019,11.0,17.0,,,3000.0,,,KALMAEGI,KALMAEGI_2019_11
VNM,Viet Nam,South-eastern Asia,Asia,2019,11.0,12.0,2019,11.0,13.0,3.0,,2150.0,4000.0,4908.0,NAKRI,NAKRI_2019_11
IND,India,Southern Asia,Asia,2019,11.0,9.0,2019,11.0,10.0,12.0,,130000.0,,,BULBUL,
MDG,Madagascar,Sub-Saharan Africa,Africa,2019,12.0,9.0,2019,12.0,10.0,5.0,6293.0,20293.0,25000.0,30675.0,BELNA,BELNA_2019_12
FJI,Fiji,Melanesia,Oceania,2019,12.0,26.0,2019,12.0,26.0,1.0,,7780.0,,,SARAI,
SLB,Solomon Islands,Melanesia,Oceania,2020,4.0,2.0,2020,4.0,3.0,48.0,,150000.0,,,HAROLD,HAROLD_2020_04
TON,Tonga,Polynesia,Oceania,2020,4.0,6.0,2020,4.0,9.0,,,25000.0,111000.0,134536.0,HAROLD,HAROLD_2020_04
VUT,Vanuatu,Melanesia,Oceania,2020,4.0,6.0,2020,4.0,6.0,3.0,120.0,130120.0,,,HAROLD,HAROLD_2020_04
PHL,Philippines,South-eastern Asia,Asia,2020,5.0,15.0,2020,5.0,17.0,5.0,169.0,578740.0,31100.0,37694.0,VONGFONG,VONGFONG_2020_05
HND,Honduras,Latin America and the Caribbean,Americas,2020,5.0,30.0,2020,5.0,31.0,5.0,,1200.0,,,AMANDA,AMANDA_2020_05
PRI,Puerto Rico,Latin America and the Caribbean,Americas,2020,8.0,2.0,2020,8.0,2.0,1.0,,,59800.0,72480.0,ISAIAS,ISAIAS_2020_08
HTI,Haiti,Latin America and the Caribbean,Americas,2020,8.0,23.0,2020,8.0,23.0,39.0,,44175.0,,,LAURA,LAURA_2020_08
LAO,Lao People's Democratic Republic,South-eastern Asia,Asia,2020,10.0,6.0,2020,10.0,20.0,2.0,,69764.0,,,LINFA,LINFA_2020_10
THA,Thailand,South-eastern Asia,Asia,2020,9.0,18.0,2020,9.0,21.0,1.0,,,,,NOUL,NOUL_2020_09
VNM,Viet Nam,South-eastern Asia,Asia,2020,9.0,18.0,2020,9.0,21.0,6.0,,125000.0,33000.0,39997.0,NOUL,NOUL_2020_09
PHL,Philippines,South-eastern Asia,Asia,2020,10.0,28.0,2020,10.0,28.0,31.0,40.0,888415.0,87100.0,105568.0,MOLAVE,MOLAVE_2020_10
BLZ,Belize,Latin America and the Caribbean,Americas,2020,11.0,4.0,2020,11.0,4.0,,,60000.0,,,ETA,ETA_2020_11
MEX,Mexico,Latin America and the Caribbean,Americas,2020,11.0,2.0,2020,11.0,4.0,31.0,,,,,ETA,ETA_2020_11
USA,United States of America,Northern America,Americas,2020,11.0,8.0,2020,11.0,12.0,12.0,,,1500000.0,1818057.0,ETA,ETA_2020_11
USA,United States of America,Northern America,Americas,2020,10.0,24.0,2020,10.0,30.0,6.0,,,3500000.0,4242132.0,ZETA,ZETA_2020_10
GTM,Guatemala,Latin America and the Caribbean,Americas,2020,11.0,17.0,2020,11.0,17.0,2.0,,131298.0,,,IOTA,IOTA_2020_11
VNM,Viet Nam,South-eastern Asia,Asia,2020,11.0,15.0,2020,11.0,15.0,,,,,,TYHOON ULYSSES,
VNM,Viet Nam,South-eastern Asia,Asia,2020,11.0,10.0,2020,11.0,10.0,2.0,,5000.0,5260.0,6375.0,ETAU,ETAU_2020_11
FJI,Fiji,Melanesia,Oceania,2020,12.0,17.0,2020,12.0,18.0,5.0,,22000.0,1120.0,1357.0,YASA,YASA_2020_12
KHM,Cambodia,South-eastern Asia,Asia,2009,11.0,2.0,2009,11.0,3.0,2.0,,,,,MIRINAE,MIRINAE_2009_11
MOZ,Mozambique,Sub-Saharan Africa,Africa,2021,1.0,23.0,2021,1.0,23.0,11.0,15.0,481901.0,,,ELOISE,ELOISE_2021_01
ZWE,Zimbabwe,Sub-Saharan Africa,Africa,2021,1.0,23.0,2021,1.0,23.0,3.0,,2400.0,,,ELOISE,ELOISE_2021_01
TLS,Timor-Leste,South-eastern Asia,Asia,2021,4.0,5.0,2021,4.0,6.0,41.0,,143670.0,,,SEROJA 21,SEROJA_2021_04
LKA,Sri Lanka,Southern Asia,Asia,2021,5.0,16.0,2021,5.0,17.0,,,879.0,,,TAUKTAE,TAUKTAE_2021_05
LAO,Lao People's Democratic Republic,South-eastern Asia,Asia,2021,6.0,13.0,2021,6.0,13.0,,,26000.0,,,KOGUMA,KOGUMA_2021_06
BRB,Barbados,Latin America and the Caribbean,Americas,2021,7.0,3.0,2021,7.0,3.0,,,3300.0,,,ELSA,ELSA_2021_07
DOM,Dominican Republic,Latin America and the Caribbean,Americas,2021,7.0,3.0,2021,7.0,3.0,2.0,,153.0,,,ELSA,ELSA_2021_07
USA,United States of America,Northern America,Americas,2021,8.0,17.0,2021,8.0,22.0,7.0,,105.0,1300000.0,1504949.0,FRED,FRED_2021_08
VNM,Viet Nam,South-eastern Asia,Asia,2021,10.0,22.0,2021,10.0,27.0,5.0,,82500.0,7500.0,8682.0,TROPICAL DEPRESSION TWE,
IND,India,Southern Asia,Asia,2021,9.0,26.0,2021,9.0,29.0,20.0,,,,,GULAB,
OMN,Oman,Western Asia,Asia,2021,10.0,3.0,2021,10.0,3.0,13.0,,,,,SHAHEEN,
IND,India,Southern Asia,Asia,2021,12.0,4.0,2021,12.0,6.0,5.0,400.0,2050.0,,,JAWAD,JAWAD_2021_12
PHL,Philippines,South-eastern Asia,Asia,2021,12.0,16.0,2021,12.0,17.0,457.0,1371.0,10608996.0,915271.0,1059566.0,RAI,RAI_2021_12
NIC,Nicaragua,Latin America and the Caribbean,Americas,2002,9.0,22.0,2002,9.0,22.0,2.0,,300.0,1000.0,1744.0,ISIDORE,ISIDORE_2002_09
MWI,Malawi,Sub-Saharan Africa,Africa,2022,1.0,22.0,2022,1.0,25.0,64.0,206.0,945934.0,,,ANA,ANA_2022_01
MDG,Madagascar,Sub-Saharan Africa,Africa,2022,2.0,5.0,2022,2.0,7.0,92.0,,112115.0,,,BATSIRAI,BATSIRAI_2022_02
MOZ,Mozambique,Sub-Saharan Africa,Africa,2022,2.0,18.0,2022,2.0,18.0,14.0,,23733.0,,,DUMAKO,DUMAKO_2022_02
MDG,Madagascar,Sub-Saharan Africa,Africa,2022,4.0,26.0,2022,4.0,27.0,12.0,,4800.0,,,JASMINE,JASMINE_2022_04
CAN,Canada,Northern America,Americas,2022,9.0,24.0,2022,9.0,25.0,1.0,,4000.0,,,FIONA,FIONA_2022_09
DOM,Dominican Republic,Latin America and the Caribbean,Americas,2022,9.0,19.0,2022,9.0,20.0,2.0,,1434802.0,,,FIONA,FIONA_2022_09
JPN,Japan,Eastern Asia,Asia,2022,9.0,18.0,2022,9.0,20.0,5.0,140.0,1340.0,2000000.0,2143747.0,NANMADOL,NANMADOL_2022_09
BGD,Bangladesh,Southern Asia,Asia,2022,10.0,24.0,2022,10.0,25.0,35.0,,1000000.0,,,SITRANG,SITRANG_2022_10
MDG,Madagascar,Sub-Saharan Africa,Africa,2023,2.0,21.0,2023,3.0,4.0,17.0,,299000.0,,,FREDDY,FREDDY_2023_02
JPN,Japan,Eastern Asia,Asia,2023,8.0,15.0,2023,8.0,17.0,,66.0,666.0,,,LAN,LAN_2023_08
IND,India,Southern Asia,Asia,2009,11.0,11.0,2009,11.0,12.0,20.0,,,300000.0,438650.0,PHYAN,PHYAN_2009_11
CHN,China,Eastern Asia,Asia,2009,9.0,14.0,2009,9.0,14.0,13.0,58.0,1000058.0,295001.0,431341.0,KOPPU,KOPPU_2009_09
PHL,Philippines,South-eastern Asia,Asia,2009,11.0,25.0,2009,11.0,25.0,4.0,13.0,48142.0,12.0,18.0,TROPICAL DEPRESSION URDUJA,
MEX,Mexico,Latin America and the Caribbean,Americas,2009,9.0,2.0,2009,9.0,3.0,4.0,,72000.0,40000.0,58487.0,JIMENA,JIMENA_2009_09
JPN,Japan,Eastern Asia,Asia,2009,8.0,10.0,2009,8.0,10.0,12.0,,2000.0,,,ETAU,ETAU_2009_08
BGD,Bangladesh,Southern Asia,Asia,2008,10.0,27.0,2008,10.0,27.0,15.0,200.0,200.0,,,RESHMI,
PHL,Philippines,South-eastern Asia,Asia,2008,5.0,13.0,2008,5.0,13.0,1.0,40.0,8390.0,280.0,408.0,RAMMASUN,RAMMASUN_2008_05
HKG,"China, Hong Kong Special Administrative Region",Eastern Asia,Asia,2008,8.0,5.0,2008,8.0,5.0,,37.0,37.0,,,KAMMURI,KAMMURI_2008_08
TWN,Taiwan (Province of China),Eastern Asia,Asia,2008,9.0,23.0,2008,9.0,23.0,1.0,,,,,HAGUPIT,HAGUPIT_2008_09
CYM,Cayman Islands,Latin America and the Caribbean,Americas,2008,11.0,8.0,2008,11.0,8.0,,,,,,PALOMA,PALOMA_2008_11
TWN,Taiwan (Province of China),Eastern Asia,Asia,2008,9.0,28.0,2008,9.0,28.0,3.0,60.0,60.0,90000.0,131127.0,JANGMI,JANGMI_2008_09
CHN,China,Eastern Asia,Asia,2008,8.0,8.0,2008,8.0,11.0,,,42000.0,80000.0,116557.0,KAMMURI,KAMMURI_2008_08
USA,United States of America,Northern America,Americas,2008,9.0,12.0,2008,9.0,16.0,82.0,,200000.0,30000000.0,43709050.0,IKE,IKE_2008_09
HKG,"China, Hong Kong Special Administrative Region",Eastern Asia,Asia,2008,9.0,22.0,2008,9.0,22.0,2.0,112.0,112.0,380.0,554.0,NURI,NURI_2008_09
HTI,Haiti,Latin America and the Caribbean,Americas,2007,12.0,11.0,2007,12.0,17.0,3.0,2.0,2352.0,,,OLGA,OLGA_2007_12
HTI,Haiti,Latin America and the Caribbean,Americas,2008,8.0,26.0,2008,8.0,26.0,85.0,36.0,73006.0,,,GUSTAV,GUSTAV_2008_08
JAM,Jamaica,Latin America and the Caribbean,Americas,2008,8.0,18.0,2008,8.0,24.0,1.0,,,,,FAY,FAY_2008_08
HTI,Haiti,Latin America and the Caribbean,Americas,2008,8.0,18.0,2008,8.0,18.0,10.0,,220.0,,,FAY,FAY_2008_08
VNM,Viet Nam,South-eastern Asia,Asia,2008,8.0,8.0,2008,8.0,11.0,162.0,90.0,57630.0,120000.0,174836.0,KAMMURI,KAMMURI_2008_08
MEX,Mexico,Latin America and the Caribbean,Americas,2008,7.0,20.0,2008,7.0,21.0,2.0,,500000.0,75000.0,109273.0,DOLLY,DOLLY_2008_07
CHN,China,Eastern Asia,Asia,2008,6.0,24.0,2008,6.0,27.0,14.0,,340000.0,175000.0,254969.0,FENGSHEN,FENGSHEN_2008_06
BLZ,Belize,Latin America and the Caribbean,Americas,2008,5.0,31.0,2008,6.0,5.0,7.0,,10000.0,,,ARTHUR,ARTHUR_2008_05
THA,Thailand,South-eastern Asia,Asia,2008,5.0,2.0,2008,5.0,3.0,,,1000.0,,,NARGIS,NARGIS_2008_05
CHN,China,Eastern Asia,Asia,2006,10.0,,2006,10.0,,1.0,12.0,12.0,,,XANGSANE,XANGSANE_2006_10
MMR,Myanmar,South-eastern Asia,Asia,2008,5.0,2.0,2008,5.0,3.0,138366.0,20000.0,2420000.0,4000000.0,5827873.0,NARGIS,NARGIS_2008_05
CHN,China,Eastern Asia,Asia,2005,9.0,26.0,2005,9.0,26.0,25.0,,5719000.0,1040000.0,1670509.0,DAMREY,DAMREY_2005_09
PHL,Philippines,South-eastern Asia,Asia,2007,11.0,4.0,2007,11.0,6.0,8.0,,33884.0,2971.0,4495.0,KABAYAN,
TWN,Taiwan (Province of China),Eastern Asia,Asia,2007,10.0,6.0,2007,10.0,10.0,18.0,67.0,1067.0,35000.0,52952.0,KROSA,KROSA_2007_10
DOM,Dominican Republic,Latin America and the Caribbean,Americas,2007,10.0,28.0,2007,11.0,2.0,129.0,,79728.0,77700.0,117553.0,NOEL,NOEL_2007_10
CUB,Cuba,Latin America and the Caribbean,Americas,2007,10.0,28.0,2007,11.0,2.0,1.0,,192488.0,500000.0,756451.0,NOEL,NOEL_2007_10
PRK,Democratic People's Republic of Korea,Eastern Asia,Asia,2007,9.0,17.0,2007,9.0,25.0,,,1649.0,,,WIPHA GORING,WIPHA_2007_09
CHN,China,Eastern Asia,Asia,2007,9.0,20.0,2007,9.0,20.0,9.0,,,638000.0,965232.0,WIPHA GORING,WIPHA_2007_09
SLV,El Salvador,Latin America and the Caribbean,Americas,2007,9.0,4.0,2007,9.0,4.0,,,2800.0,,,FELIX,FELIX_2007_09
CHN,China,Eastern Asia,Asia,2007,8.0,18.0,2007,8.0,21.0,39.0,,8000000.0,890555.0,1347323.0,SEPAT,SEPAT_2007_08
JAM,Jamaica,Latin America and the Caribbean,Americas,2007,8.0,20.0,2007,8.0,20.0,4.0,,33188.0,300000.0,453871.0,DEAN,DEAN_2007_08
GLP,Guadeloupe,Latin America and the Caribbean,Americas,2007,8.0,29.0,2007,8.0,29.0,,,,300000.0,453871.0,DEAN,DEAN_2007_08
DOM,Dominican Republic,Latin America and the Caribbean,Americas,2007,8.0,21.0,2007,8.0,24.0,1.0,,1600.0,40000.0,60516.0,DEAN,DEAN_2007_08
CUB,Cuba,Latin America and the Caribbean,Americas,2007,8.0,20.0,2007,8.0,20.0,,,,,,DEAN,DEAN_2007_08
MDG,Madagascar,Sub-Saharan Africa,Africa,2007,3.0,15.0,2007,3.0,17.0,80.0,16.0,215198.0,240000.0,363097.0,INDLALA,INDLALA_2007_03
PAK,Pakistan,Southern Asia,Asia,2007,6.0,26.0,2007,7.0,6.0,242.0,,1650000.0,1620000.0,2450902.0,YEMYIN,
MOZ,Mozambique,Sub-Saharan Africa,Africa,2007,2.0,22.0,2007,2.0,22.0,10.0,70.0,162770.0,,,FAVIO,FAVIO_2007_02
BGD,Bangladesh,Southern Asia,Asia,2006,4.0,8.0,2006,4.0,8.0,22.0,500.0,1500.0,,,,
VNM,Viet Nam,South-eastern Asia,Asia,2006,11.0,30.0,2006,12.0,8.0,95.0,1360.0,1226360.0,456000.0,709564.0,DURIAN,DURIAN_2006_11
PHL,Philippines,South-eastern Asia,Asia,2006,10.0,30.0,2006,11.0,1.0,34.0,58.0,283021.0,9077.0,14124.0,CIMARON,CIMARON_2006_10
VNM,Viet Nam,South-eastern Asia,Asia,2006,9.0,27.0,2006,10.0,6.0,71.0,525.0,1467925.0,624000.0,970982.0,XANGSANE,XANGSANE_2006_09
CRI,Costa Rica,Latin America and the Caribbean,Americas,2005,10.0,1.0,2005,10.0,16.0,1.0,,1074.0,20000.0,32125.0,STAN,STAN_2005_10
CHN,China,Eastern Asia,Asia,2006,7.0,24.0,2006,7.0,28.0,109.0,,6531000.0,367000.0,571074.0,KAEMI,KAEMI_2006_07
PHL,Philippines,South-eastern Asia,Asia,2006,6.0,30.0,2006,8.0,2.0,8.0,,476027.0,645.0,1004.0,HENRY,
PHL,Philippines,South-eastern Asia,Asia,2006,8.0,2.0,2006,8.0,6.0,6.0,,15000.0,135000.0,210068.0,PRAPIROON,PRAPIROON_2006_08
VNM,Viet Nam,South-eastern Asia,Asia,2006,7.0,11.0,2006,7.0,19.0,17.0,,2000.0,,,BILIS,BILIS_2006_07
CUB,Cuba,Latin America and the Caribbean,Americas,2006,6.0,11.0,2006,6.0,11.0,,8.0,268.0,,,ALBERTO,ALBERTO_2006_06
VNM,Viet Nam,South-eastern Asia,Asia,2006,5.0,17.0,2006,5.0,17.0,204.0,,600000.0,,,CHANCHU,CHANCHU_2006_05
PHL,Philippines,South-eastern Asia,Asia,2006,5.0,11.0,2006,5.0,12.0,41.0,,42000.0,3328.0,5179.0,CHANCHU,CHANCHU_2006_05
CUB,Cuba,Latin America and the Caribbean,Americas,2005,10.0,19.0,2005,10.0,24.0,4.0,,100000.0,700000.0,1124381.0,WILMA,WILMA_2005_10
VNM,Viet Nam,South-eastern Asia,Asia,2005,9.0,18.0,2005,9.0,19.0,8.0,,8500.0,20000.0,32125.0,VICENTE,VICENTE_2005_09
BHS,Bahamas,Latin America and the Caribbean,Americas,2005,10.0,19.0,2005,10.0,25.0,1.0,,1500.0,,,WILMA,WILMA_2005_10
VNM,Viet Nam,South-eastern Asia,Asia,2005,9.0,27.0,2005,9.0,30.0,75.0,28.0,337660.0,219250.0,352172.0,DAMREY,DAMREY_2005_09
CHN,China,Eastern Asia,Asia,2005,9.0,11.0,2005,9.0,13.0,25.0,8.0,1350008.0,1750000.0,2810952.0,KHANUN,KHANUN_2005_09
CHN,China,Eastern Asia,Asia,2005,9.0,1.0,2005,9.0,1.0,159.0,,19624000.0,1900000.0,3051891.0,TALIM,TALIM_2005_09
USA,United States of America,Northern America,Americas,2005,8.0,29.0,2005,9.0,19.0,1833.0,,500000.0,125000000.0,200782317.0,KATRINA,KATRINA_2005_08
CHN,China,Eastern Asia,Asia,2005,7.0,15.0,2005,7.0,19.0,9.0,,1013000.0,1000000.0,1606259.0,HAITANG,HAITANG_2005_07
ASM,American Samoa,Polynesia,Oceania,2005,2.0,16.0,2005,2.0,16.0,,,,,,OLAF,OLAF_2005_02
PHL,Philippines,South-eastern Asia,Asia,2005,3.0,15.0,2005,3.0,17.0,18.0,,11.0,,,ROKE,ROKE_2005_03
COK,Cook Islands,Polynesia,Oceania,2005,2.0,28.0,2005,2.0,28.0,,8.0,608.0,,,PERCY,PERCY_2005_02
TWN,Taiwan (Province of China),Eastern Asia,Asia,2004,12.0,4.0,2004,12.0,4.0,3.0,,,,,NANMADOL,NANMADOL_2004_12
VNM,Viet Nam,South-eastern Asia,Asia,2004,11.0,26.0,2004,11.0,26.0,56.0,,500000.0,23000.0,38197.0,MUIFA,MUIFA_2004_11
TWN,Taiwan (Province of China),Eastern Asia,Asia,2004,10.0,22.0,2004,10.0,25.0,7.0,100.0,1700.0,,,NOCK TEN,
HTI,Haiti,Latin America and the Caribbean,Americas,2004,9.0,17.0,2004,9.0,18.0,2754.0,2620.0,315594.0,50000.0,83038.0,JEANNE,JEANNE_2004_09
TWN,Taiwan (Province of China),Eastern Asia,Asia,2004,9.0,12.0,2004,9.0,14.0,9.0,,6000.0,2710.0,4501.0,HAIMA,HAIMA_2004_09
HTI,Haiti,Latin America and the Caribbean,Americas,2004,9.0,13.0,2004,9.0,13.0,3.0,,6500.0,1000.0,1661.0,IVAN,IVAN_2004_09
GRD,Grenada,Latin America and the Caribbean,Americas,2004,9.0,8.0,2004,9.0,8.0,39.0,700.0,113700.0,889000.0,1476411.0,IVAN,IVAN_2004_09
BRB,Barbados,Latin America and the Caribbean,Americas,2004,9.0,8.0,2004,9.0,8.0,1.0,,880.0,5000.0,8304.0,IVAN,IVAN_2004_09
RUS,Russian Federation,Eastern Europe,Europe,2004,9.0,10.0,2004,9.0,10.0,3.0,,,,,SONGDA,SONGDA_2004_09
BHS,Bahamas,Latin America and the Caribbean,Americas,2004,9.0,2.0,2004,9.0,3.0,2.0,,8000.0,1000000.0,1660755.0,FRANCES,FRANCES_2004_09
USA,United States of America,Northern America,Americas,2004,8.0,29.0,2004,8.0,30.0,7.0,,,62500.0,103797.0,GASTON,GASTON_2004_08
GUM,Guam,Micronesia,Oceania,2004,8.0,30.0,2004,9.0,1.0,,,,1000.0,1661.0,CHABA,CHABA_2004_08
MMR,Myanmar,South-eastern Asia,Asia,2004,5.0,19.0,2004,5.0,19.0,236.0,,25000.0,688.0,1143.0,,
IDN,Indonesia,South-eastern Asia,Asia,2004,3.0,30.0,2004,3.0,30.0,,,1315.0,,,,
PHL,Philippines,South-eastern Asia,Asia,2003,7.0,30.0,2003,7.0,31.0,,,3748.0,146.0,249.0,INENG,
CHN,China,Eastern Asia,Asia,2003,11.0,18.0,2003,11.0,18.0,,,1720000.0,196938.0,335822.0,NEPARTAK,NEPARTAK_2003_11
CAN,Canada,Northern America,Americas,2003,9.0,28.0,2003,9.0,29.0,2.0,,200.0,110000.0,187574.0,JUAN,JUAN_2003_09
MEX,Mexico,Latin America and the Caribbean,Americas,2003,9.0,22.0,2003,9.0,22.0,2.0,,6000.0,100000.0,170522.0,MARTY,MARTY_2003_09
KOR,Republic of Korea,Eastern Asia,Asia,2003,9.0,12.0,2003,9.0,12.0,130.0,,80000.0,4500000.0,7673478.0,MAEMI,MAEMI_2003_09
PHL,Philippines,South-eastern Asia,Asia,2003,7.0,19.0,2003,7.0,23.0,21.0,,14280.0,26468.0,45134.0,IMBUDO,IMBUDO_2003_07
BGD,Bangladesh,Southern Asia,Asia,2003,5.0,4.0,2003,5.0,4.0,23.0,400.0,400.0,,,,
IND,India,Southern Asia,Asia,2003,4.0,22.0,2003,4.0,22.0,45.0,4000.0,4600.0,,,,
MOZ,Mozambique,Sub-Saharan Africa,Africa,2003,3.0,3.0,2003,3.0,3.0,11.0,10.0,23010.0,,,JAPHET,JAPHET_2003_03
IND,India,Southern Asia,Asia,2003,2.0,18.0,2003,2.0,18.0,5.0,,140.0,,,,
FJI,Fiji,Melanesia,Oceania,2003,1.0,14.0,2003,1.0,14.0,17.0,,30000.0,30000.0,51157.0,AMI,AMI_2003_01
GUM,Guam,Micronesia,Oceania,2002,12.0,8.0,2002,12.0,8.0,1.0,,11100.0,70000.0,122075.0,PONGSONA,
VCT,Saint Vincent and the Grenadines,Latin America and the Caribbean,Americas,2002,9.0,24.0,2002,9.0,24.0,4.0,,1000.0,11000.0,19183.0,LILI,LILI_2002_09
USA,United States of America,Northern America,Americas,2002,9.0,26.0,2002,9.0,27.0,1.0,,13200.0,300000.0,523178.0,ISIDORE,ISIDORE_2002_09
GUM,Guam,Micronesia,Oceania,2002,7.0,5.0,2002,7.0,5.0,,,4044.0,60000.0,104636.0,CHATAAN,CHATAAN_2002_07
PHL,Philippines,South-eastern Asia,Asia,2000,7.0,7.0,2000,7.0,7.0,75.0,11.0,1483321.0,25763.0,46931.0,KAI TAK,
CUB,Cuba,Latin America and the Caribbean,Americas,2001,11.0,4.0,2001,11.0,4.0,5.0,12.0,5900012.0,100000.0,177159.0,MICHELLE,MICHELLE_2001_11
HTI,Haiti,Latin America and the Caribbean,Americas,2001,10.0,30.0,2001,11.0,5.0,,,,20.0,35.0,MICHELLE,MICHELLE_2001_10
VNM,Viet Nam,South-eastern Asia,Asia,2001,8.0,11.0,2001,8.0,11.0,3.0,3.0,10003.0,3200.0,5669.0,USAGI,USAGI_2001_08
TWN,Taiwan (Province of China),Eastern Asia,Asia,2001,7.0,11.0,2001,7.0,11.0,5.0,17.0,2017.0,,,TRAMI,TRAMI_2001_07
TWN,Taiwan (Province of China),Eastern Asia,Asia,2001,7.0,30.0,2001,7.0,30.0,100.0,,,240000.0,425181.0,TORAJI,TORAJI_2001_07
TWN,Taiwan (Province of China),Eastern Asia,Asia,2001,6.0,24.0,2001,6.0,25.0,9.0,116.0,116.0,5000.0,8858.0,CHEBI,CHEBI_2001_06
CHN,China,Eastern Asia,Asia,2001,6.0,23.0,2001,6.0,25.0,125.0,,3108000.0,470000.0,832646.0,CHEBI,CHEBI_2001_06
PHL,Philippines,South-eastern Asia,Asia,2000,11.0,3.0,2000,11.0,5.0,94.0,,1747872.0,31000.0,56471.0,BEBINCA,BEBINCA_2000_11
USA,United States of America,Northern America,Americas,2000,10.0,4.0,2000,10.0,4.0,2.0,,17433.0,219000.0,398942.0,LESLIE,LESLIE_2000_10
SLV,El Salvador,Latin America and the Caribbean,Americas,2000,10.0,1.0,2000,10.0,1.0,1.0,,100.0,,,KEITH,KEITH_2000_10
RUS,Russian Federation,Eastern Europe,Europe,2000,9.0,13.0,2000,9.0,19.0,9.0,,,50.0,91.0,SAOMAI,SAOMAI_2000_09
KOR,Republic of Korea,Eastern Asia,Asia,2000,8.0,31.0,2000,8.0,31.0,25.0,,300.0,11300.0,20585.0,PRAPIROON,PRAPIROON_2000_08
THA,Thailand,South-eastern Asia,Asia,2000,8.0,21.0,2000,8.0,21.0,2.0,,41219.0,,,KAEMI,KAEMI_2000_08
MOZ,Mozambique,Sub-Saharan Africa,Africa,2000,2.0,18.0,2000,2.0,23.0,17.0,,,1000.0,1822.0,ELINE GLORIA,GLORIA_2000_02
REU,Réunion,Sub-Saharan Africa,Africa,2000,1.0,30.0,2000,1.0,30.0,2.0,,600.0,,,CONNIE,CONNIE_2000_01
