SID,SEASON,BASIN,NAME,ISO_TIME,LAT,LON,USA_WIND,USA_SSHS,NAME_NORM
1980001S13173,1980,South Pacific,PENI,1980-01-04 00:00:00,-17.5,175.8,65.0,1,PENI_1980_01
1980003S15137,1980,South Pacific,PAUL,1980-01-07 00:00:00,-21.5,149.1,60.0,0,PAUL_1980_01
1980005S14120,1980,South Indian,AMY,1980-01-09 00:00:00,-18.9,119.1,100.0,3,AMY_1980_01
1980015S18060,1980,South Indian,HYACINTHE,1980-01-25 12:00:00,-20.8,52.4,70.0,1,HYACINTHE_1980_01
1980018S10130,1980,South Indian,BRIAN,1980-01-22 06:00:00,-17.3,107.4,90.0,2,BRIAN_1980_01
1980027S11129,1980,South Indian,DEAN,1980-01-31 12:00:00,-17.6,117.5,85.0,2,DEAN_1980_01
1980032S14071,1980,South Indian,JACINTHE,1980-02-03 18:00:00,-19.6,60.7,100.0,3,JACINTHE_1980_02
1980033S12161,1980,South Pacific,RAE,1980-02-04 00:00:00,-16.9,172.4,40.0,0,RAE_1980_02
1980042S17149,1980,South Pacific,RUTH,1980-02-13 00:00:00,-19.1,158.6,55.0,0,RUTH_1980_02
1980043S16131,1980,South Indian,ENID,1980-02-16 00:00:00,-18.1,120.9,80.0,1,ENID_1980_02
1980051S12102,1980,South Indian,FRED,1980-02-25 00:00:00,-16.7,90.9,95.0,2,FRED_1980_02
1980052S16155,1980,South Pacific,SIMON,1980-02-23 00:00:00,-20.7,151.9,100.0,3,SIMON_1980_02
1980056S15059,1980,South Indian,KOLIA,1980-02-25 12:00:00,-14.6,59.3,60.0,0,KOLIA_1980_02
1980068S13068,1980,South Indian,LAURE,1980-03-13 00:00:00,-19.2,57.8,100.0,3,LAURE_1980_03
1980069S12161,1980,South Pacific,SINA,1980-03-13 06:00:00,-23.9,165.8,70.0,1,SINA_1980_03
1980073S09133,1980,South Indian,DORIS:GLORIA,1980-03-26 00:00:00,-18.2,99.9,110.0,3,DORIS:GLORIA_1980_03
1980075S11072,1980,South Indian,UNNAMED,1980-03-16 06:00:00,-12.6,64.9,40.0,0,UNNAMED_1980_03
1980076N06148,1980,Western Pacific,UNNAMED,1980-03-23 00:00:00,11.2,127.5,30.0,-1,UNNAMED_1980_03
1980081S12170,1980,South Pacific,TIA,1980-03-24 00:00:00,-16.7,179.5,60.0,0,TIA_1980_03
1980082S19118,1980,South Indian,UNNAMED,1980-03-22 12:00:00,-16.0,113.5,45.0,0,UNNAMED_1980_03
1980085S09170,1980,South Pacific,VAL,1980-03-27 00:00:00,-15.0,183.0,60.0,0,VAL_1980_03
1980092S15183,1980,South Pacific,WALLY,1980-04-04 00:00:00,-15.3,178.7,50.0,0,WALLY_1980_04
1980094N02179,1980,Western Pacific,CARMEN,1980-04-06 00:00:00,14.6,177.1,60.0,0,CARMEN_1980_04
1980126N08150,1980,Western Pacific,DOM,1980-05-13 06:00:00,16.4,123.6,90.0,2,DOM_1980_05
1980133N07149,1980,Western Pacific,ELLEN,1980-05-16 00:00:00,12.1,141.4,110.0,3,ELLEN_1980_05
1980137N04158,1980,Western Pacific,FORREST,1980-05-24 00:00:00,12.7,126.4,55.0,0,FORREST_1980_05
1980140N16116,1980,Western Pacific,GEORGIA,1980-05-23 00:00:00,19.6,114.6,55.0,0,GEORGIA_1980_05
1980161N09249,1980,Eastern Pacific,AGATHA,1980-06-12 00:00:00,12.8,-118.7,100.0,3,AGATHA_1980_06
1980169N12250,1980,Eastern Pacific,BLAS,1980-06-17 00:00:00,12.3,-110.5,50.0,0,BLAS_1980_06
1980171N06142,1980,Western Pacific,HERBERT,1980-06-25 06:00:00,14.9,113.9,50.0,0,HERBERT_1980_06
1980177N13259,1980,Eastern Pacific,CELIA,1980-06-26 18:00:00,15.3,-108.3,65.0,1,CELIA_1980_06
1980183N13250,1980,Eastern Pacific,DARBY,1980-07-02 12:00:00,13.3,-120.0,45.0,0,DARBY_1980_07
1980187N09146,1980,Western Pacific,IDA,1980-07-09 00:00:00,19.3,124.4,60.0,0,IDA_1980_07
1980194N16252,1980,Eastern Pacific,ESTELLE,1980-07-12 06:00:00,15.7,-108.8,40.0,0,ESTELLE_1980_07
1980197N07154,1980,Western Pacific,JOE,1980-07-20 12:00:00,16.5,123.7,105.0,3,JOE_1980_07
1980197N15133,1980,Western Pacific,UNNAMED,1980-07-17 00:00:00,15.4,117.6,30.0,-1,UNNAMED_1980_07
1980199N31284,1980,North Atlantic,UNNAMED,1980-07-17 06:00:00,30.2,-77.2,25.0,-1,UNNAMED_1980_07
1980200N13249,1980,Eastern Pacific,FRANK,1980-07-20 18:00:00,17.3,-115.7,45.0,0,FRANK_1980_07
1980200N25270,1980,North Atlantic,UNNAMED,1980-07-18 06:00:00,25.7,-91.2,30.0,-1,UNNAMED_1980_07
1980201N08155,1980,Western Pacific,KIM,1980-07-24 12:00:00,15.5,124.5,130.0,4,KIM_1980_07
1980204N23287,1980,North Atlantic,UNNAMED,1980-07-22 18:00:00,26.2,-76.2,30.0,-1,UNNAMED_1980_07
1980208N23153,1980,Western Pacific,LEX,1980-08-03 00:00:00,25.5,144.3,80.0,1,LEX_1980_08
1980210N17251,1980,Eastern Pacific,GEORGETTE,1980-07-29 18:00:00,19.9,-114.5,65.0,1,GEORGETTE_1980_07
1980213N11256,1980,Eastern Pacific,HOWARD,1980-08-04 06:00:00,18.6,-116.7,90.0,2,HOWARD_1980_08
1980214N11330,1980,North Atlantic,ALLEN,1980-08-07 18:00:00,21.8,-86.4,165.0,5,ALLEN_1980_08
1980219N15165,1980,Western Pacific,MARGE,1980-08-10 12:00:00,21.3,155.1,110.0,3,MARGE_1980_08
1980219N15258,1980,Eastern Pacific,ISIS,1980-08-08 18:00:00,19.6,-110.3,85.0,2,ISIS_1980_08
1980225N11145,1980,Western Pacific,UNNAMED,1980-08-14 18:00:00,14.4,125.1,20.0,-1,UNNAMED_1980_08
1980226N15339,1980,North Atlantic,UNNAMED,1980-08-13 18:00:00,16.7,-25.9,30.0,-1,UNNAMED_1980_08
1980227N13325,1980,North Atlantic,BONNIE,1980-08-16 06:00:00,23.7,-38.9,85.0,2,BONNIE_1980_08
1980234N36287,1980,North Atlantic,CHARLEY,1980-08-23 06:00:00,38.9,-66.7,70.0,1,CHARLEY_1980_08
1980236N13255,1980,Eastern Pacific,JAVIER,1980-08-25 00:00:00,16.7,-114.1,100.0,3,JAVIER_1980_08
1980236N15144,1980,Western Pacific,NORRIS,1980-08-27 12:00:00,24.3,122.8,90.0,2,NORRIS_1980_08
1980238N16328,1980,North Atlantic,UNNAMED,1980-08-26 18:00:00,15.3,-43.0,30.0,-1,UNNAMED_1980_08
1980245N16322,1980,North Atlantic,GEORGES,1980-09-08 00:00:00,40.2,-59.0,70.0,1,GEORGES_1980_09
1980246N05151,1980,Western Pacific,ORCHID,1980-09-10 18:00:00,30.2,130.4,85.0,2,ORCHID_1980_09
1980249N18336,1980,North Atlantic,EARL,1980-09-08 06:00:00,30.4,-42.5,65.0,1,EARL_1980_09
1980249N28269,1980,North Atlantic,DANIELLE,1980-09-05 18:00:00,29.4,-93.4,50.0,0,DANIELLE_1980_09
1980250N13341,1980,North Atlantic,FRANCES,1980-09-09 00:00:00,12.8,-29.8,100.0,3,FRANCES_1980_09
1980254N14112,1980,Western Pacific,RUTH,1980-09-15 18:00:00,19.9,106.7,65.0,1,RUTH_1980_09
1980256N10154,1980,Western Pacific,SPERRY,1980-09-18 06:00:00,30.8,138.7,65.0,1,SPERRY_1980_09
1980257N17133,1980,Western Pacific,PERCY,1980-09-17 12:00:00,20.7,123.1,125.0,4,PERCY_1980_09
1980260N13256,1980,Eastern Pacific,KAY,1980-09-18 18:00:00,17.0,-113.9,120.0,4,KAY_1980_09
1980265N15283,1980,North Atlantic,HERMINE,1980-09-22 12:00:00,17.8,-87.8,60.0,0,HERMINE_1980_09
1980266N16257,1980,Eastern Pacific,LESTER,1980-09-22 18:00:00,16.8,-107.4,35.0,0,LESTER_1980_09
1980269N15147,1980,Western Pacific,THELMA,1980-09-29 06:00:00,27.9,143.9,55.0,0,THELMA_1980_09
1980270N13165,1980,Western Pacific,VERNON,1980-10-01 18:00:00,25.6,149.2,105.0,3,VERNON_1980_10
1980275N34340,1980,North Atlantic,IVAN,1980-10-06 18:00:00,28.1,-31.1,90.0,2,IVAN_1980_10
1980277N09157,1980,Western Pacific,WYNNE,1980-10-09 06:00:00,19.1,137.0,150.0,5,WYNNE_1980_10
1980282N19162,1980,Western Pacific,ALEX,1980-10-13 06:00:00,27.2,140.3,35.0,0,ALEX_1980_10
1980284N09092,1980,North Indian,UNNAMED,1980-10-16 12:00:00,8.6,83.8,35.0,0,UNNAMED_1980_10
1980285N13252,1980,Eastern Pacific,MADELINE,1980-10-11 12:00:00,13.3,-109.5,45.0,0,MADELINE_1980_10
1980290N16275,1980,North Atlantic,UNNAMED,1980-10-16 06:00:00,16.2,-85.5,25.0,-1,UNNAMED_1980_10
1980296N05165,1980,Western Pacific,BETTY,1980-11-04 06:00:00,15.2,123.7,125.0,4,BETTY_1980_11
1980300N08137,1980,Western Pacific,CARY,1980-10-29 18:00:00,15.7,118.2,35.0,0,CARY_1980_10
1980302N17250,1980,Eastern Pacific,NEWTON,1980-10-28 06:00:00,16.9,-109.9,35.0,0,NEWTON_1980_10
1980313N14277,1980,North Atlantic,JEANNE,1980-11-12 00:00:00,24.1,-87.4,85.0,2,JEANNE_1980_11
1980317N11075,1980,North Indian,UNNAMED,1980-11-17 00:00:00,15.3,67.3,35.0,0,UNNAMED_1980_11
1980318N13280,1980,North Atlantic,UNNAMED,1980-11-13 12:00:00,15.0,-82.4,30.0,-1,UNNAMED_1980_11
1980323N04180,1980,Western Pacific,DINAH,1980-11-22 18:00:00,15.1,145.9,100.0,3,DINAH_1980_11
1980330N36314,1980,North Atlantic,KARL,1980-11-26 06:00:00,37.0,-44.2,75.0,1,KARL_1980_11
1980345N09092,1980,North Indian,UNNAMED,1980-12-16 06:00:00,8.5,85.9,35.0,0,UNNAMED_1980_12
1980349N10138,1980,Western Pacific,ED,1980-12-16 06:00:00,12.7,128.6,50.0,0,ED_1980_12
1981003S11059,1981,South Indian,FLORINE,1981-01-07 06:00:00,-19.9,56.2,105.0,3,FLORINE_1981_01
1981011S12185,1981,South Pacific,ARTHUR,1981-01-14 18:00:00,-19.2,178.1,75.0,1,ARTHUR_1981_01
1981012S12110,1981,South Indian,MABEL,1981-01-18 12:00:00,-20.4,113.4,100.0,3,MABEL_1981_01
1981015S09078,1981,South Indian,GAELLE,1981-01-16 00:00:00,-13.1,79.7,45.0,0,GAELLE_1981_01
1981022S13155,1981,South Pacific,UNNAMED,1981-01-25 18:00:00,-16.2,162.6,25.0,-1,UNNAMED_1981_01
1981028S12069,1981,South Indian,HELYETTE,1981-01-30 00:00:00,-16.8,68.6,45.0,0,HELYETTE_1981_01
1981039S09178,1981,South Pacific,CLIFF,1981-02-12 06:00:00,-20.0,166.7,75.0,1,CLIFF_1981_02
1981039S14153,1981,South Pacific,EDDIE,1981-02-11 00:00:00,-16.3,138.9,40.0,0,EDDIE_1981_02
1981048S12055,1981,South Indian,IADINE,1981-02-20 00:00:00,-15.9,43.7,55.0,0,IADINE_1981_02
1981055S19120,1981,South Indian,NEIL,1981-03-01 06:00:00,-17.0,105.1,100.0,3,NEIL_1981_03
1981056S14141,1981,South Pacific,FREDA,1981-03-06 06:00:00,-19.9,163.7,75.0,1,FREDA_1981_03
1981060S06176,1981,South Pacific,ESAU,1981-03-02 18:00:00,-11.8,186.5,50.0,0,ESAU_1981_03
1981061S22047,1981,South Indian,JOHANNE,1981-03-07 18:00:00,-27.0,66.1,80.0,1,JOHANNE_1981_03
1981069S12135,1981,South Indian,MAX,1981-03-16 06:00:00,-14.2,114.3,100.0,3,MAX_1981_03
1981070N03173,1981,Western Pacific,FREDA,1981-03-15 18:00:00,19.2,165.0,100.0,3,FREDA_1981_03
1981087S07057,1981,South Indian,KLARA,1981-04-02 06:00:00,-16.8,51.8,40.0,0,KLARA_1981_04
1981094S06094,1981,South Indian,OLGA,1981-04-10 18:00:00,-15.8,88.4,120.0,4,OLGA_1981_04
1981096S14059,1981,South Indian,LISA,1981-04-11 12:00:00,-18.5,58.2,40.0,0,LISA_1981_04
1981097N21299,1981,North Atlantic,UNNAMED,1981-04-06 18:00:00,20.2,-62.1,30.0,-1,UNNAMED_1981_04
1981102N04162,1981,Western Pacific,GERALD,1981-04-16 12:00:00,7.9,147.9,60.0,0,GERALD_1981_04
1981110N11281,1981,North Atlantic,UNNAMED,1981-04-19 18:00:00,11.7,-78.7,25.0,-1,UNNAMED_1981_04
1981118N04164,1981,Western Pacific,HOLLY,1981-05-01 12:00:00,9.4,155.1,45.0,0,HOLLY_1981_05
1981127N18276,1981,North Atlantic,ARLENE,1981-05-08 18:00:00,23.0,-74.5,50.0,0,ARLENE_1981_05
1981142S08091,1981,South Indian,PADDY,1981-05-26 18:00:00,-12.7,91.6,35.0,0,PADDY_1981_05
1981151N11255,1981,Eastern Pacific,ADRIAN,1981-06-01 06:00:00,13.0,-102.8,40.0,0,ADRIAN_1981_06
1981154N19266,1981,North Atlantic,UNNAMED,1981-06-04 00:00:00,21.8,-95.8,30.0,-1,UNNAMED_1981_06
1981158N17119,1981,Western Pacific,IKE,1981-06-12 12:00:00,20.5,117.4,65.0,1,IKE_1981_06
1981166N11135,1981,Western Pacific,JUNE,1981-06-19 06:00:00,20.8,123.6,75.0,1,JUNE_1981_06
1981169N20268,1981,North Atlantic,UNNAMED,1981-06-18 06:00:00,20.6,-94.9,30.0,-1,UNNAMED_1981_06
1981176N08150,1981,Western Pacific,KELLY,1981-07-03 00:00:00,16.8,112.8,75.0,1,KELLY_1981_07
1981178N05160,1981,Western Pacific,LYNN,1981-07-06 12:00:00,20.8,113.7,55.0,0,LYNN_1981_07
1981180N11257,1981,Eastern Pacific,BEATRIZ,1981-07-01 12:00:00,16.1,-112.9,75.0,1,BEATRIZ_1981_07
1981181N36295,1981,North Atlantic,BRET,1981-06-30 06:00:00,36.0,-71.0,60.0,0,BRET_1981_06
1981183N24281,1981,North Atlantic,UNNAMED,1981-07-03 06:00:00,29.2,-80.8,30.0,-1,UNNAMED_1981_07
1981186N13258,1981,Eastern Pacific,CALVIN,1981-07-05 18:00:00,14.3,-105.6,45.0,0,CALVIN_1981_07
1981192N13253,1981,Eastern Pacific,DORA,1981-07-14 18:00:00,17.4,-121.2,80.0,1,DORA_1981_07
1981195N11138,1981,Western Pacific,MAURY,1981-07-18 18:00:00,24.0,126.0,55.0,0,MAURY_1981_07
1981198N18253,1981,Eastern Pacific,EUGENE,1981-07-19 00:00:00,18.1,-112.7,45.0,0,EUGENE_1981_07
1981202N24123,1981,Western Pacific,NINA,1981-07-22 06:00:00,26.2,122.1,35.0,0,NINA_1981_07
1981206N23268,1981,North Atlantic,UNNAMED,1981-07-26 00:00:00,24.3,-95.2,30.0,-1,UNNAMED_1981_07
1981207N22150,1981,Western Pacific,OGDEN,1981-07-30 12:00:00,31.2,132.7,65.0,1,OGDEN_1981_07
1981207S12087,1982,South Indian,UNNAMED,1981-07-26 18:00:00,-10.1,85.7,30.0,-1,UNNAMED_1981_07
1981212N17142,1981,Western Pacific,PHYLLIS,1981-08-04 00:00:00,31.3,145.8,45.0,0,PHYLLIS_1981_08
1981214N13113,1981,Western Pacific,ROY,1981-08-06 00:00:00,17.8,117.8,50.0,0,ROY_1981_08
1981215N36292,1981,North Atlantic,CINDY,1981-08-04 00:00:00,39.0,-63.8,50.0,0,CINDY_1981_08
1981218N20168,1981,Western Pacific,SUSAN,1981-08-10 00:00:00,31.2,161.6,60.0,0,SUSAN_1981_08
1981219N11334,1981,North Atlantic,DENNIS,1981-08-21 00:00:00,37.1,-70.4,70.0,1,DENNIS_1981_08
1981219N12255,1981,Eastern Pacific,FERNANDA,1981-08-10 18:00:00,17.8,-130.6,90.0,2,FERNANDA_1981_08
1981225N16249,1981,Eastern Pacific,GREG,1981-08-20 06:00:00,18.0,-138.7,65.0,1,GREG_1981_08
1981226N16119,1981,Western Pacific,WARREN,1981-08-19 18:00:00,19.8,107.4,45.0,0,WARREN_1981_08
1981226N17142,1981,Western Pacific,VANESSA,1981-08-17 06:00:00,28.5,159.3,55.0,0,VANESSA_1981_08
1981227N18129,1981,Western Pacific,THAD,1981-08-19 06:00:00,24.8,134.3,85.0,2,THAD_1981_08
1981229N13327,1981,North Atlantic,UNNAMED,1981-08-18 00:00:00,13.6,-37.4,30.0,-1,UNNAMED_1981_08
1981234N18253,1981,Eastern Pacific,HILARY,1981-08-25 18:00:00,21.0,-117.1,75.0,1,HILARY_1981_08
1981237N16148,1981,Western Pacific,AGNES,1981-08-31 00:00:00,27.3,124.7,95.0,2,AGNES_1981_08
1981239N21267,1981,North Atlantic,UNNAMED,1981-08-27 12:00:00,21.6,-95.0,30.0,-1,UNNAMED_1981_08
1981240N17257,1981,Eastern Pacific,IRWIN,1981-08-28 18:00:00,19.1,-105.5,45.0,0,IRWIN_1981_08
1981244N30287,1981,North Atlantic,EMILY,1981-09-05 18:00:00,39.4,-59.9,80.0,1,EMILY_1981_09
1981245N23161,1981,Western Pacific,BILL,1981-09-05 00:00:00,26.1,146.6,85.0,2,BILL_1981_09
1981247N16300,1981,North Atlantic,FLOYD,1981-09-07 00:00:00,26.4,-69.1,100.0,3,FLOYD_1981_09
1981250N15306,1981,North Atlantic,GERT,1981-09-11 12:00:00,29.0,-72.0,90.0,2,GERT_1981_09
1981255N12286,1981,North Atlantic,UNNAMED,1981-09-12 18:00:00,12.2,-77.1,30.0,-1,UNNAMED_1981_09
1981255N14311,1981,North Atlantic,HARVEY,1981-09-15 00:00:00,28.4,-62.6,115.0,4,HARVEY_1981_09
1981256N10150,1981,Western Pacific,CLARA,1981-09-19 18:00:00,18.4,122.9,120.0,4,CLARA_1981_09
1981258N15237,1981,Eastern Pacific,JOVA,1981-09-17 00:00:00,16.7,-133.3,75.0,1,JOVA_1981_09
1981261N25174,1981,Western Pacific,DOYLE,1981-09-22 00:00:00,29.4,162.4,80.0,1,DOYLE_1981_09
1981262N16256,1981,Eastern Pacific,KNUT,1981-09-20 06:00:00,18.6,-109.9,55.0,0,KNUT_1981_09
1981265N14328,1981,North Atlantic,IRENE,1981-09-28 06:00:00,25.8,-56.8,105.0,3,IRENE_1981_09
1981266N09151,1981,Western Pacific,ELSIE,1981-09-28 00:00:00,16.7,135.3,150.0,5,ELSIE_1981_09
1981269N08322,1981,North Atlantic,UNNAMED,1981-09-27 00:00:00,9.0,-42.0,30.0,-1,UNNAMED_1981_09
1981280N20250,1981,Eastern Pacific,LIDIA,1981-10-07 00:00:00,20.4,-109.5,45.0,0,LIDIA_1981_10
1981281N15245,1981,Eastern Pacific,MAX,1981-10-09 06:00:00,17.3,-117.2,45.0,0,MAX_1981_10
1981282N15256,1981,Eastern Pacific,NORMA,1981-10-10 18:00:00,17.8,-108.2,110.0,3,NORMA_1981_10
1981283N07132,1981,Western Pacific,FABIAN,1981-10-14 00:00:00,11.5,110.8,45.0,0,FABIAN_1981_10
1981286N10150,1981,Western Pacific,GAY,1981-10-20 00:00:00,21.4,128.9,95.0,2,GAY_1981_10
1981291S05081,1982,South Indian,ALEX,1981-10-23 12:00:00,-12.6,85.5,85.0,2,ALEX_1981_10
1981297N11261,1981,Eastern Pacific,OTIS,1981-10-26 18:00:00,14.0,-101.9,75.0,1,OTIS_1981_10
1981298N07083,1981,North Indian,UNNAMED,1981-10-28 06:00:00,12.3,72.2,60.0,0,UNNAMED_1981_10
1981303N25313,1981,North Atlantic,JOSE,1981-10-31 12:00:00,31.5,-42.2,45.0,0,JOSE_1981_10
1981306S03096,1982,South Indian,ARMELLE:BESSI,1981-11-08 12:00:00,-11.8,84.9,80.0,1,ARMELLE:BESSI_1981_11
1981307N17279,1981,North Atlantic,KATRINA,1981-11-05 12:00:00,20.0,-80.5,75.0,1,KATRINA_1981_11
1981317N14153,1981,Western Pacific,HAZEN,1981-11-16 12:00:00,13.5,137.5,100.0,3,HAZEN_1981_11
1981317N31286,1981,North Atlantic,UNNAMED,1981-11-14 00:00:00,33.7,-70.6,60.0,-2,UNNAMED_1981_11
1981319N07163,1981,Western Pacific,IRMA,1981-11-22 12:00:00,12.8,132.8,135.0,4,IRMA_1981_11
1981321N13092,1981,North Indian,UNNAMED,1981-11-19 12:00:00,17.5,90.7,75.0,1,UNNAMED_1981_11
1981324N08158,1981,Western Pacific,JEFF,1981-11-22 18:00:00,13.9,148.8,35.0,0,JEFF_1981_11
1981335S16139,1982,South Indian,AMELIA,1981-12-05 00:00:00,-12.2,125.8,45.0,0,AMELIA_1981_12
1981339N11089,1981,North Indian,UNNAMED,1981-12-09 06:00:00,16.5,86.6,75.0,1,UNNAMED_1981_12
1981343N05150,1981,Western Pacific,KIT,1981-12-17 06:00:00,15.5,136.8,115.0,4,KIT_1981_12
1981355N07149,1981,Western Pacific,LEE,1981-12-25 06:00:00,12.6,126.3,95.0,2,LEE_1981_12
1981363S10079,1982,South Indian,CLARISSEE,1982-01-01 12:00:00,-13.5,77.7,45.0,0,CLARISSEE_1982_01
1982005S10105,1982,South Indian,CHRIS:DAMIA,1982-01-12 18:00:00,-14.3,75.1,120.0,4,CHRIS:DAMIA_1982_01
1982011S07094,1982,South Indian,DAPHNE:FIFI,1982-01-18 18:00:00,-11.8,106.3,50.0,0,DAPHNE:FIFI_1982_01
1982011S11141,1982,South Indian,BRUNO,1982-01-16 18:00:00,-16.1,125.9,40.0,0,BRUNO_1982_01
1982011S12119,1982,South Indian,ERROL,1982-01-15 06:00:00,-14.4,112.3,50.0,0,ERROL_1982_01
1982022S26154,1982,South Pacific,ABIGAIL,1982-02-03 00:00:00,-21.5,162.3,65.0,1,ABIGAIL_1982_02
1982024S18166,1982,South Pacific,HETTIE,1982-01-28 06:00:00,-18.7,175.1,70.0,1,HETTIE_1982_01
1982027S16120,1982,South Indian,GRAHAM,1982-02-01 06:00:00,-20.8,118.6,35.0,0,GRAHAM_1982_02
1982030S15065,1982,South Indian,ELECTRE,1982-02-02 12:00:00,-19.2,51.5,45.0,0,ELECTRE_1982_02
1982043S12104,1982,South Indian,HARRIET,1982-02-16 06:00:00,-13.9,111.7,35.0,0,HARRIET_1982_02
1982054S13123,1982,South Indian,IAN,1982-03-05 00:00:00,-19.2,116.9,65.0,1,IAN_1982_03
1982054S23036,1982,South Indian,UNNAMED,1982-02-23 18:00:00,-25.4,41.1,45.0,0,UNNAMED_1982_02
1982073N07153,1982,Western Pacific,MAMIE,1982-03-19 00:00:00,8.2,130.0,60.0,0,MAMIE_1982_03
1982075S11096,1982,South Indian,UNNAMED,1982-03-18 00:00:00,-16.2,91.2,40.0,0,UNNAMED_1982_03
1982075S12055,1982,South Indian,JUSTINE,1982-03-24 12:00:00,-21.1,40.4,75.0,1,JUSTINE_1982_03
1982077N04161,1982,Western Pacific,NELSON,1982-03-25 12:00:00,10.4,126.3,105.0,3,NELSON_1982_03
1982087N04157,1982,Western Pacific,ODESSA,1982-04-03 00:00:00,13.3,159.8,75.0,1,ODESSA_1982_04
1982091S03159,1982,South Pacific,BERNIE,1982-04-05 12:00:00,-18.6,156.9,95.0,2,BERNIE_1982_04
1982095S11138,1982,South Pacific,DOMINIC,1982-04-07 12:00:00,-14.6,141.4,70.0,1,DOMINIC_1982_04
1982113S06085,1982,South Indian,KARLA,1982-04-29 06:00:00,-11.5,78.2,100.0,3,KARLA_1982_04
1982120N11083,1982,North Indian,UNNAMED,1982-05-04 06:00:00,17.5,92.3,120.0,4,UNNAMED_1982_05
1982131S09157,1982,South Pacific,CLAUDIA,1982-05-15 18:00:00,-14.3,158.9,40.0,0,CLAUDIA_1982_05
1982136N08140,1982,Western Pacific,PAT,1982-05-20 12:00:00,19.3,125.2,105.0,3,PAT_1982_05
1982140N11255,1982,Eastern Pacific,ALETTA,1982-05-23 00:00:00,14.1,-103.8,55.0,0,ALETTA_1982_05
1982150N13087,1982,North Indian,UNNAMED,1982-05-31 12:00:00,14.7,90.3,55.0,0,UNNAMED_1982_05
1982152N13264,1982,Eastern Pacific,UNNAMED,1982-05-31 12:00:00,13.4,-95.6,30.0,-1,UNNAMED_1982_05
1982154N22273,1982,North Atlantic,ALBERTO,1982-06-03 18:00:00,24.0,-83.6,75.0,1,ALBERTO_1982_06
1982164N08237,1982,Eastern Pacific,UNNAMED,1982-06-13 00:00:00,8.0,-123.5,25.0,-1,UNNAMED_1982_06
1982167N13255,1982,Eastern Pacific,BUD,1982-06-16 00:00:00,13.3,-106.4,45.0,0,BUD_1982_06
1982168N13266,1982,Eastern Pacific,UNNAMED,1982-06-18 03:00:00,13.5,-93.3,30.0,-1,UNNAMED_1982_06
1982169N09149,1982,Western Pacific,RUBY,1982-06-25 12:00:00,23.9,139.3,75.0,1,RUBY_1982_06
1982169N26274,1982,North Atlantic,UNNAMED,1982-06-18 18:00:00,31.4,-80.3,60.0,-2,UNNAMED_1982_06
1982176N18114,1982,Western Pacific,TESS:VAL,1982-07-03 00:00:00,24.8,127.8,55.0,0,TESS:VAL_1982_07
1982179N19128,1982,Western Pacific,SKIP,1982-07-01 00:00:00,28.2,146.2,50.0,0,SKIP_1982_07
1982183N13253,1982,Eastern Pacific,CARLOTTA,1982-07-03 18:00:00,17.9,-112.9,50.0,0,CARLOTTA_1982_07
1982184N13225,1982,Eastern Pacific,UNNAMED,1982-07-03 09:00:00,13.9,-135.9,30.0,-1,UNNAMED_1982_07
1982186S06056,1983,South Indian,UNNAMED,1982-07-04 18:00:00,-6.2,56.3,30.0,-1,UNNAMED_1982_07
1982188N09262,1982,Eastern Pacific,DANIEL,1982-07-11 06:00:00,14.3,-114.3,100.0,3,DANIEL_1982_07
1982190N09148,1982,Western Pacific,WINONA,1982-07-16 06:00:00,18.8,115.1,55.0,0,WINONA_1982_07
1982194N10224,1982,Eastern Pacific,EMILIA,1982-07-14 06:00:00,12.3,-145.3,55.0,0,EMILIA_1982_07
1982195N12249,1982,Eastern Pacific,UNNAMED,1982-07-14 03:00:00,12.0,-111.5,31.0,-1,UNNAMED_1982_07
1982197N11240,1982,Eastern Pacific,UNNAMED,1982-07-16 00:00:00,10.6,-120.1,30.0,-1,UNNAMED_1982_07
1982199N11257,1982,Eastern Pacific,FABIO,1982-07-19 18:00:00,15.4,-107.4,70.0,1,FABIO_1982_07
1982202N11165,1982,Western Pacific,BESS,1982-07-29 06:00:00,21.4,143.5,140.0,5,BESS_1982_07
1982202N12148,1982,Western Pacific,ANDY,1982-07-27 18:00:00,20.5,125.7,120.0,4,ANDY_1982_07
1982207N09243,1982,Eastern Pacific,GILMA,1982-07-29 18:00:00,15.7,-135.8,110.0,3,GILMA_1982_07
1982210N11245,1982,Eastern Pacific,HECTOR,1982-07-30 18:00:00,13.2,-122.6,65.0,1,HECTOR_1982_07
1982213N12253,1982,Eastern Pacific,IVA,1982-08-02 18:00:00,13.2,-111.8,35.0,0,IVA_1982_08
1982213N13145,1982,Western Pacific,CECIL,1982-08-08 18:00:00,22.9,123.6,125.0,4,CECIL_1982_08
1982215N10236,1982,Eastern Pacific,JOHN,1982-08-06 18:00:00,12.3,-141.0,100.0,3,JOHN_1982_08
1982220N08154,1982,Western Pacific,DOT,1982-08-11 06:00:00,13.8,134.4,80.0,1,DOT_1982_08
1982221N10236,1982,Eastern Pacific,KRISTY,1982-08-14 18:00:00,15.3,-157.7,80.0,1,KRISTY_1982_08
1982221N10250,1982,Eastern Pacific,LANE,1982-08-10 06:00:00,13.2,-117.7,55.0,0,LANE_1982_08
1982227N09140,1982,Western Pacific,FAYE,1982-08-24 06:00:00,14.0,119.6,90.0,2,FAYE_1982_08
1982229N09154,1982,Western Pacific,ELLIS,1982-08-23 00:00:00,19.2,135.0,125.0,4,ELLIS_1982_08
1982238N10161,1982,Western Pacific,GORDON,1982-08-29 18:00:00,24.6,148.9,100.0,3,GORDON_1982_08
1982241N14338,1982,North Atlantic,BERYL,1982-08-31 06:00:00,17.2,-36.4,60.0,0,BERYL_1982_08
1982242N11191,1982,Eastern Pacific,AKONI,1982-08-31 18:00:00,13.7,-173.9,45.0,0,AKONI_1982_08
1982242N13253,1982,Eastern Pacific,MIRIAM,1982-09-02 12:00:00,15.6,-127.0,75.0,1,MIRIAM_1982_09
1982246N16119,1982,Western Pacific,HOPE,1982-09-05 18:00:00,16.4,112.4,60.0,0,HOPE_1982_09
1982247N11147,1982,Western Pacific,JUDY,1982-09-09 06:00:00,22.5,133.9,90.0,2,JUDY_1982_09
1982248N14133,1982,Western Pacific,IRVING,1982-09-12 06:00:00,16.7,113.9,90.0,2,IRVING_1982_09
1982249N17307,1982,North Atlantic,UNNAMED,1982-09-06 18:00:00,17.7,-56.2,30.0,-1,UNNAMED_1982_09
1982252N26269,1982,North Atlantic,CHRIS,1982-09-11 12:00:00,29.8,-93.8,55.0,0,CHRIS_1982_09
1982253N10250,1982,Eastern Pacific,NORMAN,1982-09-14 00:00:00,16.0,-121.3,90.0,2,NORMAN_1982_09
1982254N14229,1982,Eastern Pacific,UNNAMED,1982-09-11 06:00:00,13.5,-131.4,30.0,-1,UNNAMED_1982_09
1982257N17140,1982,Western Pacific,KEN,1982-09-19 00:00:00,20.6,125.9,110.0,3,KEN_1982_09
1982257N20172,1982,Western Pacific,LOLA,1982-09-17 06:00:00,27.9,159.1,50.0,0,LOLA_1982_09
1982257N20291,1982,North Atlantic,DEBBY,1982-09-18 00:00:00,38.8,-62.3,115.0,4,DEBBY_1982_09
1982259N15202,1982,Eastern Pacific,HANA,1982-09-16 12:00:00,15.7,-158.7,40.0,0,HANA_1982_09
1982259N16218,1982,Eastern Pacific,EMA,1982-09-16 06:00:00,16.5,-142.2,40.0,0,EMA_1982_09
1982261N20150,1982,Western Pacific,UNNAMED,1982-09-21 06:00:00,18.5,138.9,30.0,-1,UNNAMED_1982_09
1982262N11258,1982,Eastern Pacific,OLIVIA,1982-09-21 18:00:00,17.1,-110.0,125.0,4,OLIVIA_1982_09
1982262N12270,1982,Eastern Pacific,PAUL,1982-09-29 12:00:00,21.5,-110.2,95.0,2,PAUL_1982_09
1982267N25289,1982,North Atlantic,UNNAMED,1982-09-24 18:00:00,28.1,-72.1,30.0,-1,UNNAMED_1982_09
1982272N11156,1982,Western Pacific,MAC,1982-10-05 00:00:00,16.2,138.3,140.0,5,MAC_1982_10
1982274N13265,1982,Eastern Pacific,ROSA,1982-10-02 18:00:00,13.7,-98.7,45.0,0,ROSA_1982_10
1982274N25295,1982,North Atlantic,ERNESTO,1982-10-02 00:00:00,28.5,-66.2,60.0,0,ERNESTO_1982_10
1982283N17148,1982,Western Pacific,NANCY,1982-10-14 06:00:00,17.6,123.6,115.0,4,NANCY_1982_10
1982286N09170,1982,Western Pacific,OWEN,1982-10-20 12:00:00,25.9,146.0,105.0,3,OWEN_1982_10
1982286N17145,1982,Western Pacific,UNNAMED,1982-10-15 06:00:00,18.4,137.8,20.0,-1,UNNAMED_1982_10
1982287N09269,1982,Eastern Pacific,SERGIO,1982-10-17 18:00:00,13.7,-108.6,110.0,3,SERGIO_1982_10
1982287N13091,1982,North Indian,UNNAMED,1982-10-16 00:00:00,16.2,83.2,50.0,0,UNNAMED_1982_10
1982290N09084,1982,North Indian,UNNAMED,1982-10-17 18:00:00,11.6,82.3,50.0,0,UNNAMED_1982_10
1982293N09257,1982,Eastern Pacific,TARA,1982-10-22 18:00:00,14.7,-118.2,45.0,0,TARA_1982_10
1982304S10171,1983,South Pacific,JOTI,1982-11-04 00:00:00,-14.4,167.5,65.0,1,JOTI_1982_11
1982309N12066,1982,North Indian,UNNAMED,1982-11-08 06:00:00,19.8,70.3,85.0,2,UNNAMED_1982_11
1982311S09181,1983,South Pacific,KINA,1982-11-10 06:00:00,-12.2,172.2,40.0,0,KINA_1982_11
1982324N10193,1982,Eastern Pacific,IWA,1982-11-23 18:00:00,20.1,-162.9,80.0,1,IWA_1982_11
1982325N08176,1982,Western Pacific,PAMELA,1982-11-27 18:00:00,11.5,161.0,100.0,3,PAMELA_1982_11
1982334S09060,1983,South Indian,BEMANY,1982-12-03 12:00:00,-15.2,56.8,65.0,1,BEMANY_1982_12
1982339N07139,1982,Western Pacific,ROGER,1982-12-09 00:00:00,15.0,122.0,65.0,1,ROGER_1982_12
1982344S09200,1983,South Pacific,LISA,1982-12-13 18:00:00,-20.4,-154.9,55.0,0,LISA_1982_12
1982355S09060,1983,South Indian,DADAFY,1982-12-27 12:00:00,-18.0,72.5,65.0,1,DADAFY_1982_12
1983002S11112,1983,South Indian,JANE,1983-01-08 12:00:00,-18.1,118.5,80.0,1,JANE_1983_01
1983010S08049,1983,South Indian,ELINAH,1983-01-12 06:00:00,-14.8,41.3,65.0,1,ELINAH_1983_01
1983014S15143,1983,South Pacific,DES,1983-01-16 12:00:00,-19.1,153.5,55.0,0,DES_1983_01
1983019S14176,1983,South Pacific,MARK,1983-01-26 06:00:00,-16.6,172.6,80.0,1,MARK_1983_01
1983037S18062,1983,South Indian,UNNAMED,1983-02-06 12:00:00,-17.9,62.8,35.0,0,UNNAMED_1983_02
1983042S11158,1983,South Pacific,ELINOR,1983-02-23 00:00:00,-16.0,157.8,100.0,3,ELINOR_1983_02
1983051S15214,1983,South Pacific,NISHA:ORAMA,1983-02-24 06:00:00,-15.8,-147.0,100.0,3,NISHA:ORAMA_1983_02
1983054S15179,1983,South Pacific,OSCAR,1983-02-28 18:00:00,-17.8,175.7,100.0,3,OSCAR_1983_02
1983056S11193,1983,South Pacific,PREMA,1983-02-27 03:00:00,-12.7,-157.8,41.0,0,PREMA_1983_02
1983059S13127,1983,South Indian,KEN,1983-03-02 06:00:00,-15.3,124.5,55.0,0,KEN_1983_03
1983066S11213,1983,South Pacific,REWA,1983-03-10 00:00:00,-15.3,-149.8,90.0,2,REWA_1983_03
1983082S11180,1983,South Pacific,SARAH,1983-03-27 06:00:00,-17.9,182.2,90.0,2,SARAH_1983_03
1983086S08204,1983,South Pacific,TOMASI,1983-03-31 06:00:00,-18.4,-168.1,102.0,3,TOMASI_1983_03
1983092S10125,1983,South Indian,LENA,1983-04-06 18:00:00,-16.8,114.4,60.0,0,LENA_1983_04
1983097S10224,1983,South Pacific,VEENA,1983-04-11 12:00:00,-14.1,-148.1,100.0,3,VEENA_1983_04
1983105S09228,1983,South Pacific,WILLIAM,1983-04-20 03:00:00,-17.5,-139.9,76.0,1,WILLIAM_1983_04
1983110S12080,1983,South Indian,NAOMI,1983-04-25 18:00:00,-11.1,85.5,60.0,0,NAOMI_1983_04
1983112S10096,1983,South Indian,MONTY,1983-04-25 12:00:00,-16.2,103.9,55.0,0,MONTY_1983_04
1983141N07269,1983,Eastern Pacific,ADOLPH,1983-05-24 06:00:00,11.4,-103.2,95.0,2,ADOLPH_1983_05
1983160N11266,1983,Eastern Pacific,BARBARA,1983-06-13 18:00:00,13.5,-111.5,115.0,4,BARBARA_1983_06
1983167N05145,1983,Western Pacific,SARAH,1983-06-25 06:00:00,15.6,109.9,35.0,0,SARAH_1983_06
1983183N11251,1983,Eastern Pacific,COSME,1983-07-04 12:00:00,14.8,-112.8,35.0,0,COSME_1983_07
1983186N04153,1983,Western Pacific,VERA,1983-07-17 00:00:00,19.0,112.2,90.0,2,VERA_1983_07
1983187N12259,1983,Eastern Pacific,DALILIA,1983-07-08 00:00:00,16.9,-109.2,60.0,0,DALILIA_1983_07
1983188N06136,1983,Western Pacific,TIP,1983-07-11 12:00:00,15.6,115.9,65.0,1,TIP_1983_07
1983192S05089,1984,South Indian,UNNAMED,1983-07-12 12:00:00,-7.3,84.9,35.0,0,UNNAMED_1983_07
1983193N11256,1983,Eastern Pacific,ERICK,1983-07-14 00:00:00,14.2,-111.4,55.0,0,ERICK_1983_07
1983198N18255,1983,Eastern Pacific,FLOSSIE,1983-07-19 18:00:00,20.3,-112.2,50.0,0,FLOSSIE_1983_07
1983201N08144,1983,Western Pacific,WAYNE,1983-07-24 06:00:00,19.9,123.0,135.0,4,WAYNE_1983_07
1983205N10322,1983,North Atlantic,UNNAMED,1983-07-24 06:00:00,10.9,-42.1,30.0,-1,UNNAMED_1983_07
1983205N11265,1983,Eastern Pacific,GIL,1983-07-27 00:00:00,11.7,-112.8,80.0,1,GIL_1983_07
1983208N11265,1983,Eastern Pacific,HENRIETTE,1983-07-31 00:00:00,12.0,-114.3,115.0,4,HENRIETTE_1983_07
1983209N12333,1983,North Atlantic,UNNAMED,1983-07-28 12:00:00,12.1,-32.1,30.0,-1,UNNAMED_1983_07
1983212N06151,1983,Western Pacific,ABBY,1983-08-08 18:00:00,17.4,131.4,145.0,5,ABBY_1983_08
1983213N10199,1983,Eastern Pacific,UNNAMED,1983-08-01 00:00:00,10.0,-161.0,30.0,-1,UNNAMED_1983_08
1983216N23088,1983,North Indian,UNNAMED,1983-08-10 00:00:00,21.1,60.2,45.0,0,UNNAMED_1983_08
1983220N16111,1983,Western Pacific,CARMEN,1983-08-14 12:00:00,19.9,124.3,45.0,0,CARMEN_1983_08
1983221N13254,1983,Eastern Pacific,ISMAEL,1983-08-11 12:00:00,20.5,-115.5,85.0,2,ISMAEL_1983_08
1983223N23143,1983,Western Pacific,BEN,1983-08-13 12:00:00,29.3,145.3,50.0,0,BEN_1983_08
1983228N27270,1983,North Atlantic,ALICIA,1983-08-18 06:00:00,28.9,-95.0,100.0,3,ALICIA_1983_08
1983229N15140,1983,Western Pacific,DOM,1983-08-20 00:00:00,16.9,132.1,55.0,0,DOM_1983_08
1983236N26284,1983,North Atlantic,BARRY,1983-08-28 17:25:00,25.4,-97.4,70.0,1,BARRY_1983_08
1983237N11253,1983,Eastern Pacific,JULIETTE,1983-08-29 00:00:00,18.2,-119.1,50.0,0,JULIETTE_1983_08
1983237N25128,1983,Western Pacific,UNNAMED,1983-08-27 00:00:00,33.4,127.4,30.0,-1,UNNAMED_1983_08
1983239N10183,1983,Western Pacific,ELLEN,1983-09-06 06:00:00,18.3,123.1,125.0,4,ELLEN_1983_09
1983243N11184,1983,Eastern Pacific,UNNAMED,1983-08-31 00:00:00,11.4,183.7,30.0,-1,UNNAMED_1983_08
1983243N12259,1983,Eastern Pacific,KIKO,1983-09-03 18:00:00,18.9,-108.4,125.0,4,KIKO_1983_09
1983249N15260,1983,Eastern Pacific,LORENA,1983-09-08 12:00:00,16.5,-103.8,100.0,3,LORENA_1983_09
1983254N30296,1983,North Atlantic,CHANTAL,1983-09-11 18:00:00,32.8,-60.0,65.0,1,CHANTAL_1983_09
1983255N12261,1983,Eastern Pacific,MANUEL,1983-09-17 06:00:00,19.9,-114.8,100.0,3,MANUEL_1983_09
1983259N08161,1983,Western Pacific,FORREST,1983-09-23 00:00:00,18.6,133.5,150.0,5,FORREST_1983_09
1983264N15248,1983,Eastern Pacific,NARDA,1983-09-29 06:00:00,17.5,-151.5,60.0,0,NARDA_1983_09
1983270N28287,1983,North Atlantic,DEAN,1983-09-29 00:00:00,34.5,-70.8,55.0,0,DEAN_1983_09
1983271N12242,1983,Eastern Pacific,OCTAVE,1983-09-29 00:00:00,14.2,-121.9,45.0,0,OCTAVE_1983_09
1983271N18118,1983,Western Pacific,GEORGIA,1983-09-29 06:00:00,19.3,113.8,55.0,0,GEORGIA_1983_09
1983274N12251,1983,Eastern Pacific,PRISCILLA,1983-10-04 00:00:00,15.1,-118.1,100.0,3,PRISCILLA_1983_10
1983274N18089,1983,North Indian,UNNAMED,1983-10-03 06:00:00,17.9,84.8,50.0,0,UNNAMED_1983_10
1983276N06130,1983,Western Pacific,HERBERT,1983-10-08 06:00:00,12.4,110.4,50.0,0,HERBERT_1983_10
1983279N04140,1983,Western Pacific,JOE,1983-10-13 06:00:00,20.6,113.3,65.0,1,JOE_1983_10
1983279N17148,1983,Western Pacific,IDA,1983-10-10 00:00:00,28.8,133.2,65.0,1,IDA_1983_10
1983281N12256,1983,Eastern Pacific,RAYMOND,1983-10-11 12:00:00,12.4,-121.2,125.0,4,RAYMOND_1983_10
1983282N09155,1983,Western Pacific,KIM,1983-10-16 18:00:00,10.3,110.0,40.0,0,KIM_1983_10
1983283N13230,1983,Eastern Pacific,SONIA,1983-10-14 00:00:00,11.2,-149.7,40.0,0,SONIA_1983_10
1983285N09260,1983,Eastern Pacific,TICO,1983-10-19 00:00:00,20.1,-109.5,115.0,4,TICO_1983_10
1983287N09164,1983,Western Pacific,LEX,1983-10-25 00:00:00,17.1,111.5,70.0,1,LEX_1983_10
1983295S08089,1984,South Indian,OSCAR,1983-10-28 18:00:00,-16.9,89.6,70.0,1,OSCAR_1983_10
1983299N07172,1983,Western Pacific,MARGE,1983-11-04 06:00:00,18.4,134.5,145.0,5,MARGE_1983_11
1983306N08259,1983,Eastern Pacific,VELMA,1983-11-02 00:00:00,7.9,-101.6,35.0,0,VELMA_1983_11
1983309N10091,1983,North Indian,UNNAMED,1983-11-09 00:00:00,19.1,90.6,55.0,0,UNNAMED_1983_11
1983311N15161,1983,Western Pacific,NORRIS,1983-11-09 00:00:00,18.8,151.7,50.0,0,NORRIS_1983_11
1983315S06090,1984,South Indian,PEARL,1983-11-13 06:00:00,-12.9,94.8,35.0,0,PEARL_1983_11
1983317N12153,1983,Western Pacific,ORCHID,1983-11-23 12:00:00,17.0,126.2,125.0,4,ORCHID_1983_11
1983319N05157,1983,Western Pacific,UNNAMED,1983-11-21 06:00:00,7.6,145.1,25.0,-1,UNNAMED_1983_11
1983321N11111,1983,Western Pacific,PERCY,1983-11-20 12:00:00,7.3,111.4,70.0,1,PERCY_1983_11
1983324S08073,1984,South Indian,UNNAMED,1983-11-23 06:00:00,-12.2,66.0,45.0,0,UNNAMED_1983_11
1983325N08148,1983,Western Pacific,RUTH,1983-11-28 06:00:00,17.8,128.3,60.0,0,RUTH_1983_11
1983330S11113,1984,South Indian,QUENTON,1983-11-29 06:00:00,-17.8,119.5,70.0,1,QUENTON_1983_11
1983334N09142,1983,Western Pacific,SPERRY,1983-12-03 12:00:00,17.9,131.9,55.0,0,SPERRY_1983_12
1983339N13257,1983,Eastern Pacific,WINNIE,1983-12-06 06:00:00,17.0,-104.1,80.0,1,WINNIE_1983_12
1983339S10065,1984,South Indian,ANDRY,1983-12-10 12:00:00,-11.0,49.5,130.0,4,ANDRY_1983_12
1983343S14148,1984,South Pacific,FRITZ,1983-12-11 12:00:00,-14.8,151.6,45.0,0,FRITZ_1983_12
1983347N06154,1983,Western Pacific,THELMA,1983-12-17 00:00:00,14.7,133.3,55.0,0,THELMA_1983_12
1983353S06130,1984,South Indian,ESTHER,1983-12-20 06:00:00,-7.6,128.0,45.0,0,ESTHER_1983_12
1983353S08070,1984,South Indian,BAKOLY,1983-12-23 06:00:00,-14.6,58.6,90.0,2,BAKOLY_1983_12
1983360S13174,1984,South Pacific,ATU,1983-12-29 06:00:00,-20.9,172.4,35.0,0,ATU_1983_12
1984002S14108,1984,South Indian,TIM,1984-01-07 06:00:00,-14.6,102.4,45.0,0,TIM_1984_01
1984011S18149,1984,South Pacific,GRACE,1984-01-16 00:00:00,-20.2,153.0,65.0,1,GRACE_1984_01
1984016S15073,1984,South Indian,DOMOINA,1984-01-27 12:00:00,-22.8,37.0,55.0,0,DOMOINA_1984_01
1984020S11077,1984,South Indian,EDOARA,1984-01-21 18:00:00,-17.8,69.0,35.0,0,EDOARA_1984_01
1984022S08086,1984,South Indian,FANJA:VIVIENNE,1984-01-27 06:00:00,-15.2,80.6,75.0,1,FANJA:VIVIENNE_1984_01
1984032S15160,1984,South Pacific,BETI,1984-02-03 18:00:00,-19.7,166.2,65.0,1,BETI_1984_02
1984033S12115,1984,South Indian,WILLY,1984-02-07 06:00:00,-14.8,108.6,55.0,0,WILLY_1984_02
1984035S09101,1984,South Indian,ANNETTE:JAMINY,1984-02-16 18:00:00,-20.0,79.1,100.0,3,ANNETTE:JAMINY_1984_02
1984035S15152,1984,South Pacific,HARVEY,1984-02-06 12:00:00,-19.4,157.0,60.0,0,HARVEY_1984_02
1984038S12073,1984,South Indian,HAJA,1984-02-19 06:00:00,-25.0,50.3,45.0,0,HAJA_1984_02
1984041S17042,1984,South Indian,IMBOA,1984-02-13 12:00:00,-23.8,40.5,45.0,0,IMBOA_1984_02
1984048S16120,1984,South Indian,BOBBY,1984-02-21 06:00:00,-21.9,110.0,85.0,2,BOBBY_1984_02
1984051S17147,1984,South Pacific,INGRID,1984-02-23 00:00:00,-16.9,153.6,60.0,0,INGRID_1984_02
1984057S14124,1984,South Indian,CHLOE,1984-02-29 12:00:00,-20.5,117.4,75.0,1,CHLOE_1984_02
1984066S12151,1984,South Pacific,JIM,1984-03-09 06:00:00,-14.1,138.0,45.0,0,JIM_1984_03
1984067S09101,1984,South Indian,DARYL,1984-03-14 06:00:00,-17.8,85.1,75.0,1,DARYL_1984_03
1984076S13173,1984,South Pacific,CYRIL,1984-03-18 18:00:00,-21.6,180.3,40.0,0,CYRIL_1984_03
1984077S12149,1984,South Pacific,KATHY,1984-03-22 06:00:00,-14.9,137.9,125.0,4,KATHY_1984_03
1984094S10080,1984,South Indian,KAMISY,1984-04-08 12:00:00,-12.6,52.6,100.0,3,KAMISY_1984_04
1984094S14156,1984,South Pacific,LANCE,1984-04-06 00:00:00,-16.9,151.1,40.0,0,LANCE_1984_04
1984139N09260,1984,Eastern Pacific,ALMA,1984-05-19 12:00:00,9.5,-110.5,50.0,0,ALMA_1984_05
1984145N11056,1984,North Indian,UNNAMED,1984-05-27 00:00:00,13.5,50.4,45.0,0,UNNAMED_1984_05
1984150N12266,1984,Eastern Pacific,BORIS,1984-05-30 12:00:00,13.4,-97.1,65.0,1,BORIS_1984_05
1984159N12116,1984,Western Pacific,VERNON,1984-06-09 12:00:00,14.8,111.8,40.0,0,VERNON_1984_06
1984164N28285,1984,North Atlantic,UNNAMED,1984-06-12 06:00:00,28.7,-77.2,30.0,-1,UNNAMED_1984_06
1984169N14257,1984,Eastern Pacific,CRISTINA,1984-06-20 12:00:00,14.8,-110.2,90.0,2,CRISTINA_1984_06
1984169N20137,1984,Western Pacific,WYNNE,1984-06-24 18:00:00,21.1,114.7,60.0,0,WYNNE_1984_06
1984171N20266,1984,North Atlantic,UNNAMED,1984-06-19 12:00:00,21.6,-96.8,30.0,-1,UNNAMED_1984_06
1984177N10254,1984,Eastern Pacific,DOUGLAS,1984-06-29 00:00:00,13.8,-121.8,125.0,4,DOUGLAS_1984_06
1984180N10258,1984,Eastern Pacific,ELIDA,1984-07-01 12:00:00,15.7,-112.0,115.0,4,ELIDA_1984_07
1984180N16130,1984,Western Pacific,ALEX,1984-07-03 06:00:00,23.3,121.3,75.0,1,ALEX_1984_07
1984184N06139,1984,Western Pacific,BETTY,1984-07-08 18:00:00,20.7,113.0,55.0,0,BETTY_1984_07
1984186N16154,1984,Western Pacific,CARY,1984-07-10 00:00:00,21.9,144.5,90.0,2,CARY_1984_07
1984186N16256,1984,Eastern Pacific,FAUSTO,1984-07-06 00:00:00,18.2,-108.3,95.0,2,FAUSTO_1984_07
1984189N11265,1984,Eastern Pacific,GENEVIEVE,1984-07-10 18:00:00,18.8,-107.8,100.0,3,GENEVIEVE_1984_07
1984204N21162,1984,Western Pacific,DINAH,1984-07-29 00:00:00,22.8,153.7,125.0,4,DINAH_1984_07
1984206N12312,1984,North Atlantic,UNNAMED,1984-07-25 00:00:00,13.0,-54.5,30.0,-1,UNNAMED_1984_07
1984207N29135,1984,Western Pacific,ED,1984-07-30 00:00:00,30.5,128.3,100.0,3,ED_1984_07
1984210N16249,1984,Eastern Pacific,HERNAN,1984-07-29 12:00:00,17.5,-117.6,45.0,0,HERNAN_1984_07
1984214N12143,1984,Western Pacific,FREDA,1984-08-07 00:00:00,24.5,123.1,55.0,0,FREDA_1984_08
1984217N14264,1984,Eastern Pacific,ISELLE,1984-08-08 18:00:00,18.3,-115.5,115.0,4,ISELLE_1984_08
1984220N03145,1984,Western Pacific,UNNAMED,1984-08-11 12:00:00,17.7,129.1,30.0,-1,UNNAMED_1984_08
1984220N37292,1984,North Atlantic,UNNAMED,1984-08-07 06:00:00,37.8,-64.6,30.0,-1,UNNAMED_1984_08
1984225N18142,1984,Western Pacific,HOLLY,1984-08-19 12:00:00,27.7,126.5,75.0,1,HOLLY_1984_08
1984227N18118,1984,Western Pacific,GERALD,1984-08-17 18:00:00,18.4,115.3,55.0,0,GERALD_1984_08
1984228N15261,1984,Eastern Pacific,JULIO,1984-08-17 06:00:00,17.2,-105.0,55.0,0,JULIO_1984_08
1984230N09210,1984,Eastern Pacific,KELI,1984-08-20 06:00:00,14.6,-169.4,100.0,3,KELI_1984_08
1984230N12226,1984,Eastern Pacific,KENNA,1984-08-18 18:00:00,12.2,-142.2,50.0,0,KENNA_1984_08
1984231N33295,1984,North Atlantic,UNNAMED,1984-08-20 12:00:00,43.7,-48.3,50.0,-2,UNNAMED_1984_08
1984234N16147,1984,Western Pacific,UNNAMED,1984-08-23 00:00:00,19.2,142.7,20.0,-1,UNNAMED_1984_08
1984237N11230,1984,Eastern Pacific,LALA,1984-08-30 00:00:00,12.8,-148.1,45.0,0,LALA_1984_08
1984238N18137,1984,Western Pacific,JUNE,1984-08-30 00:00:00,20.6,118.3,60.0,0,JUNE_1984_08
1984239N08146,1984,Western Pacific,IKE,1984-09-01 12:00:00,9.4,126.9,125.0,4,IKE_1984_09
1984239N16246,1984,Eastern Pacific,LOWELL,1984-08-28 12:00:00,17.8,-122.6,75.0,1,LOWELL_1984_08
1984242N11309,1984,North Atlantic,ARTHUR,1984-08-29 18:00:00,11.8,-55.8,45.0,0,ARTHUR_1984_08
1984244N13319,1984,North Atlantic,BERTHA,1984-08-31 12:00:00,14.9,-45.3,35.0,0,BERTHA_1984_08
1984244N37293,1984,North Atlantic,CESAR,1984-09-02 12:00:00,46.0,-50.4,50.0,0,CESAR_1984_09
1984248N27180,1984,Eastern Pacific,MOKE,1984-09-04 06:00:00,29.2,181.4,45.0,0,MOKE_1984_09
1984250N17256,1984,Eastern Pacific,MARIE,1984-09-08 00:00:00,23.4,-113.3,80.0,1,MARIE_1984_09
1984251N21264,1984,North Atlantic,UNNAMED,1984-09-07 06:00:00,22.0,-96.6,30.0,-1,UNNAMED_1984_09
1984253N29283,1984,North Atlantic,DIANA,1984-09-12 00:00:00,33.9,-77.7,115.0,4,DIANA_1984_09
1984255N25173,1984,Western Pacific,KELLY,1984-09-16 18:00:00,31.7,165.6,75.0,1,KELLY_1984_09
1984258N20264,1984,North Atlantic,EDOUARD,1984-09-15 00:00:00,20.3,-95.8,55.0,0,EDOUARD_1984_09
1984259N19245,1984,Eastern Pacific,NORBERT,1984-09-21 00:00:00,17.3,-116.1,115.0,4,NORBERT_1984_09
1984260N14339,1984,North Atlantic,FRAN,1984-09-17 18:00:00,18.4,-27.1,55.0,0,FRAN_1984_09
1984261N29295,1984,North Atlantic,GUSTAV,1984-09-18 18:00:00,32.1,-64.7,45.0,0,GUSTAV_1984_09
1984262N14259,1984,Eastern Pacific,ODILE,1984-09-22 06:00:00,16.5,-100.9,90.0,2,ODILE_1984_09
1984267N18120,1984,Western Pacific,LYNN,1984-09-25 00:00:00,18.1,113.6,40.0,0,LYNN_1984_09
1984267N31302,1984,North Atlantic,HORTENSE,1984-09-25 18:00:00,29.7,-60.8,65.0,1,HORTENSE_1984_09
1984270N13262,1984,Eastern Pacific,POLO,1984-10-01 12:00:00,19.4,-114.1,100.0,3,POLO_1984_10
1984270N19141,1984,Western Pacific,NINA,1984-10-01 00:00:00,32.4,149.6,55.0,0,NINA_1984_10
1984270N22147,1984,Western Pacific,MAURY,1984-09-29 06:00:00,24.7,150.4,60.0,0,MAURY_1984_09
1984270N23287,1984,North Atlantic,ISIDORE,1984-09-27 06:00:00,25.8,-79.1,50.0,0,ISIDORE_1984_09
1984277N07151,1984,Western Pacific,OGDEN,1984-10-09 00:00:00,29.4,158.1,70.0,1,OGDEN_1984_10
1984281N13146,1984,Western Pacific,PHYLLIS,1984-10-12 12:00:00,23.9,151.1,80.0,1,PHYLLIS_1984_10
1984281N24291,1984,North Atlantic,JOSEPHINE,1984-10-12 00:00:00,31.4,-71.7,90.0,2,JOSEPHINE_1984_10
1984282N11263,1984,Eastern Pacific,RACHEL,1984-10-10 06:00:00,12.6,-105.9,55.0,0,RACHEL_1984_10
1984283N09139,1984,Western Pacific,ROY,1984-10-11 06:00:00,13.6,143.2,35.0,0,ROY_1984_10
1984284N11116,1984,Western Pacific,SUSAN,1984-10-12 06:00:00,12.4,110.3,40.0,0,SUSAN_1984_10
1984285N17089,1984,North Indian,UNNAMED,1984-10-12 18:00:00,19.5,88.4,45.0,0,UNNAMED_1984_10
1984290N06153,1984,Western Pacific,THAD,1984-10-21 18:00:00,24.8,144.1,120.0,4,THAD_1984_10
1984291N13130,1984,Western Pacific,WARREN,1984-10-26 06:00:00,14.7,114.6,65.0,1,WARREN_1984_10
1984294N04163,1984,Western Pacific,VANESSA,1984-10-26 12:00:00,16.0,131.7,155.0,5,VANESSA_1984_10
1984299N26289,1984,North Atlantic,UNNAMED,1984-10-26 00:00:00,26.9,-76.2,30.0,-1,UNNAMED_1984_10
1984302N00149,1984,Western Pacific,AGNES,1984-11-04 18:00:00,11.2,125.8,120.0,4,AGNES_1984_11
1984305N13262,1984,Eastern Pacific,SIMON,1984-11-02 18:00:00,15.3,-113.8,55.0,0,SIMON_1984_11
1984311N15291,1984,North Atlantic,KLAUS,1984-11-08 18:00:00,19.9,-61.4,80.0,1,KLAUS_1984_11
1984313N14154,1984,Western Pacific,BILL,1984-11-14 18:00:00,14.3,131.0,130.0,4,BILL_1984_11
1984314N09088,1984,North Indian,UNNAMED,1984-11-12 18:00:00,13.3,80.6,85.0,2,UNNAMED_1984_11
1984314S08081,1985,South Indian,UNNAMED,1984-11-11 06:00:00,-9.8,71.9,45.0,0,UNNAMED_1984_11
1984317N04164,1984,Western Pacific,CLARA,1984-11-18 00:00:00,12.5,134.6,110.0,3,CLARA_1984_11
1984329N27281,1984,North Atlantic,UNNAMED,1984-11-24 18:00:00,25.8,-74.0,30.0,-1,UNNAMED_1984_11
1984332N08086,1984,North Indian,UNNAMED,1984-12-01 06:00:00,10.9,80.5,75.0,1,UNNAMED_1984_12
1984336N05156,1984,Western Pacific,DOYLE,1984-12-09 00:00:00,17.5,130.4,125.0,4,DOYLE_1984_12
1984337S11082,1985,South Indian,BOBALAHY,1984-12-04 12:00:00,-15.6,74.7,55.0,0,BOBALAHY_1984_12
1984339S05102,1985,South Indian,EMMA,1984-12-10 18:00:00,-14.1,107.3,45.0,0,EMMA_1984_12
1984343S10132,1985,South Pacific,UNNAMED,1984-12-12 00:00:00,-14.0,139.2,35.0,0,UNNAMED_1984_12
1984348N35300,1984,North Atlantic,LILI,1984-12-20 12:00:00,31.1,-52.4,70.0,1,LILI_1984_12
1984355S16129,1985,South Indian,FRANK,1984-12-25 06:00:00,-17.6,117.3,75.0,1,FRANK_1984_12
1984361S08178,1985,South Pacific,UNNAMED,1984-12-27 06:00:00,-9.0,179.7,45.0,0,UNNAMED_1984_12
1984361S12146,1985,South Pacific,MONICA,1984-12-28 00:00:00,-18.9,156.1,70.0,1,MONICA_1984_12
1984362S11165,1985,South Pacific,UNNAMED,1984-12-28 18:00:00,-18.0,170.6,45.0,0,UNNAMED_1984_12
1985004N04131,1985,Western Pacific,FABIAN,1985-01-09 06:00:00,10.4,135.3,55.0,0,FABIAN_1985_01
1985005N04157,1985,Western Pacific,ELSIE,1985-01-07 12:00:00,8.3,152.2,40.0,0,ELSIE_1985_01
1985009S11072,1985,South Indian,CELESTINA,1985-01-13 18:00:00,-17.1,55.7,65.0,1,CELESTINA_1985_01
1985009S12182,1985,South Pacific,DRENA,1985-01-12 06:00:00,-16.7,-174.0,50.0,0,DRENA_1985_01
1985012S11085,1985,South Indian,UNNAMED,1985-01-15 12:00:00,-15.2,85.2,35.0,0,UNNAMED_1985_01
1985012S16161,1985,South Pacific,ERIC,1985-01-17 12:00:00,-18.1,178.3,100.0,3,ERIC_1985_01
1985014S16151,1985,South Pacific,NIGEL,1985-01-19 00:00:00,-16.7,175.2,105.0,3,NIGEL_1985_01
1985017S15146,1985,South Pacific,ODETTE,1985-01-19 06:00:00,-16.2,158.4,100.0,3,ODETTE_1985_01
1985025S09073,1985,South Indian,DITRA,1985-01-28 18:00:00,-17.6,65.5,70.0,1,DITRA_1985_01
1985025S15203,1985,South Pacific,FREDA,1985-01-28 18:00:00,-27.0,-171.8,80.0,1,FREDA_1985_01
1985026S16126,1985,South Indian,GERTIE,1985-01-30 12:00:00,-18.7,117.3,55.0,0,GERTIE_1985_01
1985033S12157,1985,South Pacific,UNNAMED,1985-02-02 06:00:00,-12.6,156.6,35.0,0,UNNAMED_1985_02
1985034S12082,1985,South Indian,ESITERA,1985-02-09 06:00:00,-16.6,53.3,50.0,0,ESITERA_1985_02
1985041S14129,1985,South Indian,HUBERT,1985-02-13 06:00:00,-16.2,117.6,55.0,0,HUBERT_1985_02
1985042S08101,1985,South Indian,ISOBEL,1985-02-16 12:00:00,-14.6,105.5,50.0,0,ISOBEL_1985_02
1985042S18060,1985,South Indian,GERIMENA,1985-02-21 18:00:00,-21.4,50.1,65.0,1,GERIMENA_1985_02
1985043S16042,1985,South Indian,FELIKSA,1985-02-15 18:00:00,-13.3,45.3,50.0,0,FELIKSA_1985_02
1985046S09128,1985,South Indian,JACOB,1985-02-20 18:00:00,-15.7,110.8,75.0,1,JACOB_1985_02
1985049S12143,1985,South Pacific,PIERRE,1985-02-20 18:00:00,-17.4,147.9,45.0,0,PIERRE_1985_02
1985050S12076,1985,South Indian,UNNAMED,1985-02-18 18:00:00,-12.2,76.7,35.0,0,UNNAMED_1985_02
1985060S11112,1985,South Indian,KIRSTY,1985-03-10 00:00:00,-16.5,84.7,115.0,4,KIRSTY_1985_03
1985062S15170,1985,South Pacific,GAVIN,1985-03-07 00:00:00,-24.3,179.6,55.0,0,GAVIN_1985_03
1985065S09118,1985,South Indian,LINDSAY,1985-03-09 06:00:00,-16.0,120.7,55.0,0,LINDSAY_1985_03
1985070S17175,1985,South Pacific,HINA,1985-03-16 06:00:00,-15.3,173.8,135.0,4,HINA_1985_03
1985078S14138,1985,South Pacific,SANDY,1985-03-23 06:00:00,-15.2,138.4,120.0,4,SANDY_1985_03
1985086S13152,1985,South Pacific,TANYA,1985-03-30 06:00:00,-13.7,147.0,60.0,0,TANYA_1985_03
1985097S09076,1985,South Indian,HELISAONINA,1985-04-14 00:00:00,-18.0,63.1,110.0,3,HELISAONINA_1985_04
1985100S07104,1985,South Indian,MARGOT,1985-04-14 18:00:00,-13.9,103.1,70.0,1,MARGOT_1985_04
1985101S10136,1985,South Indian,GRETEL,1985-04-12 06:00:00,-11.0,132.6,45.0,0,GRETEL_1985_04
1985136N07129,1985,Western Pacific,GAY,1985-05-24 06:00:00,21.5,129.1,100.0,3,GAY_1985_05
1985142N16089,1985,North Indian,UNNAMED,1985-05-24 18:00:00,21.1,90.6,60.0,0,UNNAMED_1985_05
1985148N15067,1985,North Indian,UNNAMED,1985-05-29 12:00:00,18.4,68.1,50.0,0,UNNAMED_1985_05
1985157N16259,1985,Eastern Pacific,ANDRES,1985-06-07 12:00:00,17.0,-109.8,60.0,0,ANDRES_1985_06
1985158N10267,1985,Eastern Pacific,BLANCA,1985-06-14 00:00:00,16.5,-114.6,105.0,3,BLANCA_1985_06
1985159N09241,1985,Eastern Pacific,CARLOS,1985-06-10 00:00:00,8.8,-120.5,35.0,0,CARLOS_1985_06
1985162N05154,1985,Western Pacific,HAL,1985-06-23 00:00:00,20.9,117.9,100.0,3,HAL_1985_06
1985166N19111,1985,Western Pacific,UNNAMED,1985-06-18 00:00:00,16.2,110.6,30.0,-1,UNNAMED_1985_06
1985168N05156,1985,Western Pacific,IRMA,1985-06-29 00:00:00,24.4,130.2,90.0,2,IRMA_1985_06
1985177N10258,1985,Eastern Pacific,DOLORES,1985-07-01 06:00:00,17.5,-122.8,100.0,3,DOLORES_1985_07
1985178N10236,1985,Eastern Pacific,ENRIQUE,1985-06-29 00:00:00,12.4,-129.9,35.0,0,ENRIQUE_1985_06
1985184N15258,1985,Eastern Pacific,FEFA,1985-07-04 00:00:00,19.3,-107.8,60.0,0,FEFA_1985_07
1985189N12260,1985,Eastern Pacific,GUILLERMO,1985-07-09 18:00:00,19.6,-110.5,50.0,0,GUILLERMO_1985_07
1985197N29296,1985,North Atlantic,ANA,1985-07-19 00:00:00,44.2,-60.3,60.0,0,ANA_1985_07
1985199N08143,1985,Western Pacific,JEFF,1985-07-30 06:00:00,27.4,121.9,75.0,1,JEFF_1985_07
1985199N18248,1985,Eastern Pacific,HILDA,1985-07-19 00:00:00,21.5,-113.5,35.0,0,HILDA_1985_07
1985201N12256,1985,Eastern Pacific,JIMENA,1985-07-24 12:00:00,18.0,-116.1,115.0,4,JIMENA_1985_07
1985202N13226,1985,Eastern Pacific,IGNACIO,1985-07-23 18:00:00,14.8,-143.8,115.0,4,IGNACIO_1985_07
1985202N26275,1985,North Atlantic,BOB,1985-07-24 18:00:00,30.5,-80.5,65.0,1,BOB_1985_07
1985210N14257,1985,Eastern Pacific,KEVIN,1985-08-03 00:00:00,19.9,-117.6,55.0,0,KEVIN_1985_08
1985211N12237,1985,Eastern Pacific,LINDA,1985-07-31 12:00:00,13.7,-131.8,45.0,0,LINDA_1985_07
1985212N22148,1985,Western Pacific,KIT,1985-08-08 06:00:00,30.8,129.5,85.0,2,KIT_1985_08
1985219N14254,1985,Eastern Pacific,MARTY,1985-08-09 00:00:00,17.4,-113.7,65.0,1,MARTY_1985_08
1985220N18128,1985,Western Pacific,LEE,1985-08-13 00:00:00,29.6,126.3,60.0,0,LEE_1985_08
1985222N32280,1985,North Atlantic,CLAUDETTE,1985-08-15 12:00:00,35.8,-40.0,75.0,1,CLAUDETTE_1985_08
1985224N18279,1985,North Atlantic,DANNY,1985-08-15 12:00:00,28.9,-92.6,80.0,1,DANNY_1985_08
1985226N23126,1985,Western Pacific,MAMIE,1985-08-17 12:00:00,29.6,124.2,70.0,1,MAMIE_1985_08
1985227N16149,1985,Western Pacific,NELSON,1985-08-21 18:00:00,24.3,126.8,95.0,2,NELSON_1985_08
1985231N16142,1985,Western Pacific,ODESSA,1985-08-27 06:00:00,28.2,140.7,90.0,2,ODESSA_1985_08
1985232N16248,1985,Eastern Pacific,NORA,1985-08-22 00:00:00,19.0,-122.0,40.0,0,NORA_1985_08
1985233N15196,1985,Eastern Pacific,UNNAMED,1985-08-20 18:00:00,14.7,-164.0,30.0,-1,UNNAMED_1985_08
1985234N13258,1985,Eastern Pacific,OLAF,1985-08-26 18:00:00,20.0,-115.7,75.0,1,OLAF_1985_08
1985236N23125,1985,Western Pacific,PAT,1985-08-30 12:00:00,28.8,130.7,95.0,2,PAT_1985_08
1985237N21130,1985,Western Pacific,RUBY,1985-08-28 18:00:00,26.7,143.4,55.0,0,RUBY_1985_08
1985240N08148,1985,Western Pacific,TESS,1985-09-05 12:00:00,20.6,113.0,75.0,1,TESS_1985_09
1985240N09198,1985,Western Pacific,SKIP,1985-09-07 00:00:00,30.2,175.1,80.0,1,SKIP_1985_09
1985240N16256,1985,Eastern Pacific,PAULINE,1985-09-05 06:00:00,18.2,-138.1,75.0,1,PAULINE_1985_09
1985240N20286,1985,North Atlantic,ELENA,1985-09-01 18:00:00,28.9,-84.8,110.0,3,ELENA_1985_09
1985244N14254,1985,Eastern Pacific,RICK,1985-09-09 06:00:00,17.2,-139.4,125.0,4,RICK_1985_09
1985249N13265,1985,Eastern Pacific,SANDRA,1985-09-09 00:00:00,15.5,-109.5,110.0,3,SANDRA_1985_09
1985252N20333,1985,North Atlantic,UNNAMED,1985-09-09 06:00:00,21.0,-29.5,30.0,-1,UNNAMED_1985_09
1985255N12300,1985,North Atlantic,UNNAMED,1985-09-11 18:00:00,12.0,-61.2,30.0,-1,UNNAMED_1985_09
1985256N13146,1985,Western Pacific,VAL,1985-09-16 12:00:00,21.2,121.9,50.0,0,VAL_1985_09
1985259N12262,1985,Eastern Pacific,TERRY,1985-09-20 00:00:00,18.2,-110.7,100.0,3,TERRY_1985_09
1985259N24289,1985,North Atlantic,FABIAN,1985-09-17 12:00:00,28.1,-61.2,55.0,0,FABIAN_1985_09
1985260N13115,1985,Western Pacific,WINONA,1985-09-21 06:00:00,20.0,111.4,50.0,0,WINONA_1985_09
1985260N13336,1985,North Atlantic,GLORIA,1985-09-25 06:00:00,25.1,-70.9,125.0,4,GLORIA_1985_09
1985261N13243,1985,Eastern Pacific,VIVIAN,1985-09-20 00:00:00,15.2,-118.2,35.0,0,VIVIAN_1985_09
1985265N30286,1985,North Atlantic,HENRI,1985-09-23 12:00:00,36.0,-74.1,50.0,0,HENRI_1985_09
1985265S10080,1986,South Indian,UNNAMED,1985-09-24 18:00:00,-10.0,73.6,40.0,0,UNNAMED_1985_09
1985268N03161,1985,Western Pacific,BRENDAN,1985-10-03 06:00:00,20.6,124.3,90.0,2,BRENDAN_1985_10
1985268N16126,1985,Western Pacific,ANDY,1985-09-29 12:00:00,18.8,110.8,70.0,1,ANDY_1985_09
1985280N15254,1985,Eastern Pacific,WALDO,1985-10-09 06:00:00,23.1,-108.3,90.0,2,WALDO_1985_10
1985280N18291,1985,North Atlantic,ISABEL,1985-10-08 18:00:00,26.3,-72.0,60.0,0,ISABEL_1985_10
1985281N02144,1985,Western Pacific,CECIL,1985-10-15 06:00:00,15.9,110.6,100.0,3,CECIL_1985_10
1985282N12090,1985,North Indian,UNNAMED,1985-10-10 18:00:00,17.0,84.0,50.0,0,UNNAMED_1985_10
1985284N05159,1985,Western Pacific,DOT,1985-10-16 12:00:00,14.6,131.2,150.0,5,DOT_1985_10
1985286N05162,1985,Western Pacific,ELLIS,1985-10-18 00:00:00,9.3,149.8,50.0,0,ELLIS_1985_10
1985287N13093,1985,North Indian,UNNAMED,1985-10-16 00:00:00,20.9,86.9,50.0,0,UNNAMED_1985_10
1985294N10122,1985,Western Pacific,FAYE,1985-10-30 00:00:00,22.9,126.0,100.0,3,FAYE_1985_10
1985297N10201,1985,Eastern Pacific,NELE,1985-10-26 00:00:00,14.3,-164.2,80.0,1,NELE_1985_10
1985298N12249,1985,Eastern Pacific,XINA,1985-10-29 18:00:00,16.5,-121.3,100.0,3,XINA_1985_10
1985299N25270,1985,North Atlantic,JUAN,1985-10-28 12:00:00,29.4,-92.0,75.0,1,JUAN_1985_10
1985317N12082,1985,North Indian,UNNAMED,1985-11-17 06:00:00,14.7,80.2,55.0,0,UNNAMED_1985_11
1985320N21296,1985,North Atlantic,KATE,1985-11-20 12:00:00,25.2,-85.3,105.0,3,KATE_1985_11
1985323N05107,1985,Western Pacific,GORDON,1985-11-25 00:00:00,12.0,110.9,45.0,0,GORDON_1985_11
1985329S09104,1986,South Indian,NICHOLAS,1985-12-03 18:00:00,-10.0,114.2,75.0,1,NICHOLAS_1985_12
1985342N11283,1985,North Atlantic,UNNAMED,1985-12-08 12:00:00,10.6,-78.8,30.0,-1,UNNAMED_1985_12
1985343N04090,1985,North Indian,UNNAMED,1985-12-12 18:00:00,11.4,83.1,50.0,0,UNNAMED_1985_12
1985346S12145,1986,South Pacific,UNNAMED,1985-12-15 06:00:00,-14.1,158.6,30.0,-1,UNNAMED_1985_12
1985347N07155,1985,Western Pacific,HOPE,1985-12-20 06:00:00,13.6,132.4,100.0,3,HOPE_1985_12
1985347N09114,1985,Western Pacific,IRVING,1985-12-18 06:00:00,7.7,114.4,60.0,0,IRVING_1985_12
1986005S15043,1986,South Indian,BEROBIA,1986-01-09 12:00:00,-19.5,37.5,50.0,0,BEROBIA_1986_01
1986006N03087,1986,North Indian,UNNAMED,1986-01-08 06:00:00,5.3,83.4,45.0,0,UNNAMED_1986_01
1986007S07080,1986,South Indian,DELIFINA,1986-01-13 12:00:00,-17.8,81.2,110.0,3,DELIFINA_1986_01
1986007S09098,1986,South Indian,OPHELIA,1986-01-11 06:00:00,-11.9,97.2,35.0,0,OPHELIA_1986_01
1986007S11055,1986,South Indian,COSTA,1986-01-14 00:00:00,-18.3,63.8,70.0,1,COSTA_1986_01
1986011S12130,1986,South Indian,UNNAMED,1986-01-13 06:00:00,-13.4,122.3,35.0,0,UNNAMED_1986_01
1986017S12131,1986,South Indian,HECTOR,1986-01-20 06:00:00,-15.8,126.9,45.0,0,HECTOR_1986_01
1986018S14108,1986,South Indian,PANCHO,1986-01-20 18:00:00,-14.7,114.0,35.0,0,PANCHO_1986_01
1986021S16140,1986,South Pacific,VERNON,1986-01-24 00:00:00,-19.0,152.1,45.0,0,VERNON_1986_01
1986027S13145,1986,South Pacific,WINIFRED,1986-02-01 06:00:00,-17.4,146.5,90.0,2,WINIFRED_1986_02
1986029N04152,1986,Western Pacific,JUDY,1986-02-05 00:00:00,18.6,136.5,85.0,2,JUDY_1986_02
1986029S13069,1986,South Indian,ERINESTA,1986-02-04 12:00:00,-15.8,54.2,115.0,4,ERINESTA_1986_02
1986036S10082,1986,South Indian,FILOMENA,1986-02-07 18:00:00,-14.2,78.4,55.0,0,FILOMENA_1986_02
1986036S16187,1986,South Pacific,IMA,1986-02-08 00:00:00,-19.3,-156.1,75.0,1,IMA_1986_02
1986036S19216,1986,South Pacific,JUNE,1986-02-07 00:00:00,-24.1,-137.7,55.0,0,JUNE_1986_02
1986038S13158,1986,South Pacific,KELI,1986-02-09 00:00:00,-19.6,170.2,45.0,0,KELI_1986_02
1986048S16116,1986,South Indian,RHONDA,1986-02-19 12:00:00,-20.5,113.5,50.0,0,RHONDA_1986_02
1986049S18043,1986,South Indian,GISTA,1986-02-23 12:00:00,-30.8,40.4,85.0,2,GISTA_1986_02
1986052S13114,1986,South Indian,SELWYN,1986-02-24 06:00:00,-19.9,108.9,50.0,0,SELWYN_1986_02
1986056S09130,1986,South Indian,TIFFANY,1986-02-27 12:00:00,-17.6,113.9,35.0,0,TIFFANY_1986_02
1986060S16158,1986,South Pacific,LUSI,1986-03-05 00:00:00,-18.5,162.9,45.0,0,LUSI_1986_03
1986061S13124,1986,South Indian,VICTOR,1986-03-05 12:00:00,-18.1,115.5,105.0,3,VICTOR_1986_03
1986062S15150,1986,South Pacific,ALFRED,1986-03-07 18:00:00,-17.7,161.4,45.0,0,ALFRED_1986_03
1986067S11080,1986,South Indian,HONORININA,1986-03-13 12:00:00,-15.9,54.8,110.0,3,HONORININA_1986_03
1986070S13082,1986,South Indian,IARIMA,1986-03-14 12:00:00,-17.6,77.1,35.0,0,IARIMA_1986_03
1986085S13091,1986,South Indian,JEFOTRA,1986-03-29 12:00:00,-18.0,70.0,105.0,3,JEFOTRA_1986_03
1986095S11105,1986,South Indian,ALISON:KRISOSTOMA,1986-04-10 18:00:00,-15.9,86.7,75.0,1,ALISON:KRISOSTOMA_1986_04
1986099S12168,1986,South Pacific,MARTIN,1986-04-12 06:00:00,-15.9,178.9,75.0,1,MARTIN_1986_04
1986105S12174,1986,South Pacific,UNNAMED,1986-04-16 18:00:00,-15.8,172.4,30.0,-1,UNNAMED_1986_04
1986111S08156,1986,South Pacific,MANU,1986-04-24 12:00:00,-13.5,149.5,70.0,1,MANU_1986_04
1986112N02152,1986,Western Pacific,KEN,1986-04-28 06:00:00,9.9,139.2,90.0,2,KEN_1986_04
1986124S05090,1986,South Indian,BILLY:LILA,1986-05-10 18:00:00,-17.8,90.0,95.0,2,BILLY:LILA_1986_05
1986134N08149,1986,Western Pacific,LOLA,1986-05-19 18:00:00,12.4,155.3,150.0,5,LOLA_1986_05
1986135S07160,1986,South Pacific,NAMU,1986-05-20 12:00:00,-14.6,158.5,80.0,1,NAMU_1986_05
1986136N18114,1986,Western Pacific,MAC,1986-05-26 06:00:00,21.2,121.6,45.0,0,MAC_1986_05
1986142N13253,1986,Eastern Pacific,AGATHA,1986-05-26 00:00:00,15.8,-103.6,65.0,1,AGATHA_1986_05
1986156N26284,1986,North Atlantic,ANDREW,1986-06-06 12:00:00,30.7,-78.0,45.0,0,ANDREW_1986_06
1986169N07152,1986,Western Pacific,NANCY,1986-06-23 12:00:00,22.4,121.8,80.0,1,NANCY_1986_06
1986169N09247,1986,Eastern Pacific,BLAS,1986-06-18 00:00:00,9.0,-115.2,35.0,0,BLAS_1986_06
1986172N04161,1986,Western Pacific,OWEN,1986-06-29 18:00:00,16.8,129.2,50.0,0,OWEN_1986_06
1986175N26273,1986,North Atlantic,BONNIE,1986-06-26 06:00:00,29.0,-93.7,75.0,1,BONNIE_1986_06
1986176N11262,1986,Eastern Pacific,CELIA,1986-06-28 00:00:00,15.6,-108.8,75.0,1,CELIA_1986_06
1986179N11175,1986,Western Pacific,PEGGY,1986-07-07 00:00:00,16.7,130.4,140.0,5,PEGGY_1986_07
1986185N14256,1986,Eastern Pacific,DARBY,1986-07-05 18:00:00,18.1,-111.5,35.0,0,DARBY_1986_07
1986190N11162,1986,Western Pacific,ROGER,1986-07-15 12:00:00,25.2,129.9,85.0,2,ROGER_1986_07
1986198N10245,1986,Eastern Pacific,ESTELLE,1986-07-20 12:00:00,14.6,-134.6,115.0,4,ESTELLE_1986_07
1986205N24305,1986,North Atlantic,UNNAMED,1986-07-25 18:00:00,27.9,-63.8,30.0,-1,UNNAMED_1986_07
1986206N11265,1986,Eastern Pacific,FRANK,1986-07-31 12:00:00,17.8,-131.6,75.0,1,FRANK_1986_07
1986209N12213,1986,Eastern Pacific,UNNAMED,1986-07-28 00:00:00,11.5,-147.0,30.0,-1,UNNAMED_1986_07
1986209N13139,1986,Western Pacific,SARAH,1986-08-03 00:00:00,21.1,127.7,55.0,0,SARAH_1986_08
1986211N12219,1986,Eastern Pacific,UNNAMED,1986-07-29 12:00:00,11.5,-140.7,30.0,-1,UNNAMED_1986_07
1986212S08085,1987,South Indian,UNNAMED,1986-08-01 06:00:00,-7.6,79.2,45.0,0,UNNAMED_1986_08
1986214N09234,1986,Western Pacific,GEORGETTE,1986-08-10 18:00:00,15.7,170.4,65.0,1,GEORGETTE_1986_08
1986216N24267,1986,North Atlantic,UNNAMED,1986-08-04 18:00:00,25.1,-94.5,30.0,-1,UNNAMED_1986_08
1986221N17163,1986,Western Pacific,TIP,1986-08-16 06:00:00,24.9,153.5,80.0,1,TIP_1986_08
1986225N17134,1986,Western Pacific,VERA,1986-08-22 00:00:00,21.9,145.5,110.0,3,VERA_1986_08
1986226N30276,1986,North Atlantic,CHARLEY,1986-08-18 00:00:00,36.5,-75.8,70.0,1,CHARLEY_1986_08
1986228N19120,1986,Western Pacific,WAYNE,1986-09-04 00:00:00,18.8,116.8,90.0,2,WAYNE_1986_09
1986229N17256,1986,Eastern Pacific,HOWARD,1986-08-16 18:00:00,17.8,-105.7,35.0,0,HOWARD_1986_08
1986229N18130,1986,Western Pacific,UNNAMED,1986-08-16 18:00:00,18.4,129.9,40.0,0,UNNAMED_1986_08
1986232N15246,1986,Eastern Pacific,ISIS,1986-08-21 00:00:00,16.7,-120.2,45.0,0,ISIS_1986_08
1986233N10263,1986,Eastern Pacific,JAVIER,1986-08-25 00:00:00,17.1,-110.8,115.0,4,JAVIER_1986_08
1986241N18248,1986,Eastern Pacific,KAY,1986-08-31 18:00:00,18.7,-120.3,40.0,0,KAY_1986_08
1986243N13326,1986,North Atlantic,UNNAMED,1986-08-31 18:00:00,13.8,-40.8,30.0,-1,UNNAMED_1986_08
1986245N18274,1986,North Atlantic,UNNAMED,1986-09-03 06:00:00,20.2,-94.0,30.0,-1,UNNAMED_1986_09
1986250N11308,1986,North Atlantic,DANIELLE,1986-09-08 06:00:00,12.2,-59.4,50.0,0,DANIELLE_1986_09
1986252N06153,1986,Western Pacific,ABBY,1986-09-18 12:00:00,22.2,122.9,95.0,2,ABBY_1986_09
1986254N22309,1986,North Atlantic,EARL,1986-09-12 18:00:00,27.2,-55.4,90.0,2,EARL_1986_09
1986257N14230,1986,Eastern Pacific,LESTER,1986-09-15 12:00:00,16.0,-136.3,45.0,0,LESTER_1986_09
1986259N07170,1986,Western Pacific,BEN,1986-09-25 00:00:00,19.6,140.0,120.0,4,BEN_1986_09
1986259N13256,1986,Eastern Pacific,MADELINE,1986-09-18 06:00:00,13.2,-118.2,60.0,0,MADELINE_1986_09
1986262N12266,1986,Eastern Pacific,NEWTON,1986-09-23 06:00:00,25.2,-109.9,75.0,1,NEWTON_1986_09
1986264N12221,1986,Eastern Pacific,ORLENE,1986-09-22 12:00:00,14.8,-140.3,70.0,1,ORLENE_1986_09
1986270N05178,1986,Western Pacific,CARMEN,1986-10-05 18:00:00,19.7,138.4,100.0,3,CARMEN_1986_10
1986271N12267,1986,Eastern Pacific,PAINE,1986-10-02 00:00:00,22.5,-109.1,85.0,2,PAINE_1986_10
1986275N10134,1986,Western Pacific,DOM,1986-10-09 12:00:00,16.1,113.4,45.0,0,DOM_1986_10
1986276N07177,1986,Western Pacific,ELLEN,1986-10-14 12:00:00,17.8,117.6,80.0,1,ELLEN_1986_10
1986283N10179,1986,Western Pacific,FORREST,1986-10-17 06:00:00,19.4,144.3,110.0,3,FORREST_1986_10
1986287N09141,1986,Western Pacific,GEORGIA,1986-10-18 18:00:00,12.3,125.2,55.0,0,GEORGIA_1986_10
1986289N10267,1986,Eastern Pacific,ROSLYN,1986-10-19 06:00:00,13.4,-110.1,125.0,4,ROSLYN_1986_10
1986302N05178,1986,Western Pacific,HERBERT,1986-11-09 06:00:00,13.9,116.3,60.0,0,HERBERT_1986_11
1986308N11090,1986,North Indian,UNNAMED,1986-11-09 00:00:00,21.4,88.8,50.0,0,UNNAMED_1986_11
1986309N07162,1986,Western Pacific,IDA,1986-11-15 00:00:00,17.8,114.2,55.0,0,IDA_1986_11
1986311N12072,1986,North Indian,UNNAMED,1986-11-09 18:00:00,11.8,67.2,45.0,0,UNNAMED_1986_11
1986316N06146,1986,Western Pacific,JOE,1986-11-21 06:00:00,18.9,123.9,100.0,3,JOE_1986_11
1986323N23297,1986,North Atlantic,FRANCES,1986-11-20 12:00:00,27.8,-59.6,75.0,1,FRANCES_1986_11
1986325S10171,1987,South Pacific,OSEA,1986-11-24 00:00:00,-15.1,169.5,55.0,0,OSEA_1986_11
1986330N05173,1986,Western Pacific,KIM,1986-12-02 18:00:00,15.5,147.5,135.0,4,KIM_1986_12
1986333N04179,1986,Western Pacific,LEX,1986-12-04 06:00:00,8.2,161.4,40.0,0,LEX_1986_12
1986343N05176,1986,Western Pacific,MARGE,1986-12-20 06:00:00,10.8,133.0,95.0,2,MARGE_1986_12
1986346S12173,1987,South Pacific,PATSY,1986-12-15 18:00:00,-15.9,166.3,55.0,0,PATSY_1986_12
1986353N03178,1986,Western Pacific,NORRIS,1986-12-29 00:00:00,13.4,137.4,90.0,2,NORRIS_1986_12
1986356S07183,1987,South Pacific,RAJA,1986-12-29 18:00:00,-17.4,180.4,90.0,2,RAJA_1986_12
1986360S13195,1987,South Pacific,SALLY,1986-12-31 00:00:00,-17.2,-161.1,65.0,1,SALLY_1986_12
1987006S06076,1987,South Indian,UNNAMED,1987-01-10 18:00:00,-11.3,80.0,45.0,0,UNNAMED_1987_01
1987007N06162,1987,Western Pacific,ORCHID,1987-01-11 00:00:00,10.2,138.0,95.0,2,ORCHID_1987_01
1987009S08095,1987,South Indian,UNNAMED,1987-01-10 18:00:00,-9.9,97.9,55.0,0,UNNAMED_1987_01
1987015S09187,1987,South Pacific,TUSI,1987-01-18 12:00:00,-15.4,-168.7,100.0,3,TUSI_1987_01
1987015S16125,1987,South Indian,CONNIE,1987-01-18 06:00:00,-18.2,120.0,55.0,0,CONNIE_1987_01
1987016S13066,1987,South Indian,ALININA,1987-01-18 06:00:00,-17.4,69.0,75.0,1,ALININA_1987_01
1987019S12140,1987,South Pacific,IRMA,1987-01-19 06:00:00,-12.6,139.0,30.0,-1,IRMA_1987_01
1987030N06089,1987,North Indian,UNNAMED,1987-02-02 06:00:00,13.5,87.6,55.0,0,UNNAMED_1987_02
1987031S15124,1987,South Indian,DAMIEN,1987-02-03 18:00:00,-17.8,119.5,50.0,0,DAMIEN_1987_02
1987034S16187,1987,South Pacific,UNNAMED,1987-02-04 00:00:00,-16.0,-170.3,40.0,0,UNNAMED_1987_02
1987035S12160,1987,South Pacific,UMA:VELI,1987-02-06 18:00:00,-16.5,166.5,75.0,1,UMA:VELI_1987_02
1987036S12140,1987,South Pacific,JASON,1987-02-11 00:00:00,-12.7,135.5,65.0,1,JASON_1987_02
1987040S19051,1987,South Indian,CLOTILDA,1987-02-12 18:00:00,-20.8,54.8,45.0,0,CLOTILDA_1987_02
1987040S19174,1987,South Pacific,UNNAMED,1987-02-08 18:00:00,-18.5,173.6,25.0,-1,UNNAMED_1987_02
1987053S15127,1987,South Indian,ELSIE,1987-02-25 06:00:00,-19.3,120.9,60.0,0,ELSIE_1987_02
1987058S10173,1987,South Pacific,WINI,1987-03-03 18:00:00,-21.3,194.8,65.0,1,WINI_1987_03
1987059S12196,1987,South Pacific,UNNAMED,1987-03-01 12:00:00,-20.5,-158.6,40.0,0,UNNAMED_1987_03
1987062S13072,1987,South Indian,DAODO,1987-03-09 06:00:00,-14.0,73.4,75.0,1,DAODO_1987_03
1987065S11164,1987,South Pacific,YALI,1987-03-09 06:00:00,-17.3,163.7,65.0,1,YALI_1987_03
1987093N05155,1987,Western Pacific,PERCY,1987-04-11 00:00:00,9.3,142.9,40.0,0,PERCY_1987_04
1987096S11144,1987,South Indian,KAY,1987-04-12 18:00:00,-14.2,122.0,65.0,1,KAY_1987_04
1987110S07073,1987,South Indian,UNNAMED,1987-04-25 06:00:00,-14.3,74.9,45.0,0,UNNAMED_1987_04
1987110S10179,1987,South Pacific,ZUMAN,1987-04-24 00:00:00,-15.4,191.3,55.0,0,ZUMAN_1987_04
1987110S27050,1987,South Indian,ELIZABETHA,1987-04-24 06:00:00,-29.1,42.8,75.0,1,ELIZABETHA_1987_04
1987140S08170,1987,South Pacific,BLANCH:BLANCHE,1987-05-23 12:00:00,-14.4,158.4,45.0,0,BLANCH:BLANCHE_1987_05
1987145N21292,1987,North Atlantic,UNNAMED,1987-05-25 12:00:00,23.3,-69.3,30.0,-1,UNNAMED_1987_05
1987150N13095,1987,North Indian,UNNAMED,1987-06-04 06:00:00,21.1,90.5,55.0,0,UNNAMED_1987_06
1987155N16061,1987,North Indian,UNNAMED,1987-06-06 00:00:00,16.1,63.5,50.0,0,UNNAMED_1987_06
1987159N12264,1987,Eastern Pacific,ADRIAN,1987-06-08 06:00:00,12.3,-98.1,40.0,0,ADRIAN_1987_06
1987168N17118,1987,Western Pacific,RUTH,1987-06-18 18:00:00,20.8,112.7,35.0,0,RUTH_1987_06
1987176N10150,1987,Western Pacific,SPERRY,1987-06-28 18:00:00,16.3,134.4,75.0,1,SPERRY_1987_06
1987176S08087,1987,South Indian,UNNAMED,1987-06-25 00:00:00,-8.0,87.4,30.0,-1,UNNAMED_1987_06
1987185N13244,1987,Eastern Pacific,BEATRIZ,1987-07-05 12:00:00,16.5,-121.5,45.0,0,BEATRIZ_1987_07
1987187N13258,1987,Eastern Pacific,CALVIN,1987-07-08 12:00:00,14.8,-116.0,55.0,0,CALVIN_1987_07
1987188N10151,1987,Western Pacific,THELMA,1987-07-11 12:00:00,17.9,128.9,130.0,4,THELMA_1987_07
1987196N09146,1987,Western Pacific,VERNON,1987-07-19 12:00:00,17.9,125.4,65.0,1,VERNON_1987_07
1987196N15258,1987,Eastern Pacific,DORA,1987-07-17 12:00:00,17.9,-112.4,50.0,0,DORA_1987_07
1987200N04191,1987,Western Pacific,WYNNE,1987-07-26 06:00:00,18.4,143.6,125.0,4,WYNNE_1987_07
1987202N09144,1987,Western Pacific,ALEX,1987-07-25 12:00:00,18.6,124.6,65.0,1,ALEX_1987_07
1987203N11263,1987,Eastern Pacific,EUGENE,1987-07-25 06:00:00,18.5,-104.6,85.0,2,EUGENE_1987_07
1987205N12229,1987,Eastern Pacific,FERNANDA,1987-07-26 00:00:00,12.6,-139.8,55.0,0,FERNANDA_1987_07
1987209N12259,1987,Eastern Pacific,GREG,1987-08-01 00:00:00,19.8,-113.3,70.0,1,GREG_1987_08
1987213N11268,1987,Eastern Pacific,HILARY,1987-08-04 00:00:00,14.6,-106.4,105.0,3,HILARY_1987_08
1987216N10270,1987,Eastern Pacific,IRWIN,1987-08-06 18:00:00,15.3,-99.1,55.0,0,IRWIN_1987_08
1987219N08134,1987,Western Pacific,BETTY,1987-08-11 12:00:00,12.2,127.6,140.0,5,BETTY_1987_08
1987219N08155,1987,Western Pacific,CARY,1987-08-17 06:00:00,16.3,123.5,85.0,2,CARY_1987_08
1987220N34283,1987,North Atlantic,ARLENE,1987-08-22 06:00:00,36.5,-43.0,65.0,1,ARLENE_1987_08
1987222N26266,1987,North Atlantic,UNNAMED,1987-08-10 00:00:00,28.4,-94.4,40.0,0,UNNAMED_1987_08
1987225N13313,1987,North Atlantic,UNNAMED,1987-08-13 12:00:00,14.0,-51.0,30.0,-1,UNNAMED_1987_08
1987226N13241,1987,Eastern Pacific,JOVA,1987-08-17 18:00:00,14.1,-132.2,90.0,2,JOVA_1987_08
1987230N15340,1987,North Atlantic,BRET,1987-08-20 06:00:00,15.7,-35.5,45.0,0,BRET_1987_08
1987231N10159,1987,Western Pacific,DINAH,1987-08-26 00:00:00,17.9,130.3,130.0,4,DINAH_1987_08
1987232N07173,1987,Western Pacific,ED,1987-08-26 18:00:00,15.9,149.2,35.0,0,ED_1987_08
1987238N10213,1987,Eastern Pacific,OKA,1987-08-27 18:00:00,11.6,-155.5,50.0,0,OKA_1987_08
1987241N10241,1987,Eastern Pacific,KNUT,1987-08-29 06:00:00,10.2,-121.5,35.0,0,KNUT_1987_08
1987242N13257,1987,Eastern Pacific,LIDIA,1987-09-01 12:00:00,17.4,-114.3,75.0,1,LIDIA_1987_09
1987243N14328,1987,North Atlantic,UNNAMED,1987-08-31 00:00:00,14.5,-34.6,30.0,-1,UNNAMED_1987_08
1987244N11177,1987,Western Pacific,HOLLY,1987-09-09 12:00:00,18.4,155.8,140.0,5,HOLLY_1987_09
1987245N15133,1987,Western Pacific,GERALD,1987-09-08 18:00:00,20.6,122.5,105.0,3,GERALD_1987_09
1987247N09150,1987,Western Pacific,FREDA,1987-09-10 00:00:00,17.0,137.4,125.0,4,FREDA_1987_09
1987249N13297,1987,North Atlantic,UNNAMED,1987-09-06 06:00:00,12.9,-65.0,30.0,-1,UNNAMED_1987_09
1987249N15329,1987,North Atlantic,CINDY,1987-09-08 00:00:00,28.2,-39.4,45.0,0,CINDY_1987_09
1987250N29282,1987,North Atlantic,UNNAMED,1987-09-07 06:00:00,29.8,-78.5,30.0,-1,UNNAMED_1987_09
1987252N11342,1987,North Atlantic,DENNIS,1987-09-11 12:00:00,12.3,-27.7,45.0,0,DENNIS_1987_09
1987253N11260,1987,Eastern Pacific,MAX,1987-09-13 06:00:00,15.1,-116.8,135.0,4,MAX_1987_09
1987257N14306,1987,North Atlantic,UNNAMED,1987-09-14 00:00:00,15.0,-55.5,30.0,-1,UNNAMED_1987_09
1987258N15253,1987,Eastern Pacific,NORMA,1987-09-17 12:00:00,19.9,-113.4,65.0,1,NORMA_1987_09
1987263N10241,1987,Eastern Pacific,OTIS,1987-09-22 06:00:00,14.5,-121.8,100.0,3,OTIS_1987_09
1987263N10309,1987,North Atlantic,EMILY,1987-09-22 18:00:00,16.7,-69.1,110.0,3,EMILY_1987_09
1987264N10190,1987,Western Pacific,PEKE,1987-09-29 00:00:00,25.2,177.2,100.0,3,PEKE_1987_09
1987266N16148,1987,Western Pacific,IAN,1987-09-26 00:00:00,20.6,140.9,110.0,3,IAN_1987_09
1987267N17163,1987,Western Pacific,UNNAMED,1987-09-24 12:00:00,17.0,161.9,30.0,-1,UNNAMED_1987_09
1987270N15160,1987,Western Pacific,JUNE,1987-09-29 06:00:00,25.1,155.0,40.0,0,JUNE_1987_09
1987274N21249,1987,Eastern Pacific,PILAR,1987-10-01 06:00:00,22.4,-110.9,35.0,0,PILAR_1987_10
1987279N12256,1987,Eastern Pacific,RAMON,1987-10-09 06:00:00,15.1,-114.4,120.0,4,RAMON_1987_10
1987282N12137,1987,Western Pacific,KELLY,1987-10-15 12:00:00,26.6,131.8,95.0,2,KELLY_1987_10
1987282N15277,1987,North Atlantic,FLOYD,1987-10-12 12:00:00,24.0,-82.9,65.0,1,FLOYD_1987_10
1987287N12089,1987,North Indian,UNNAMED,1987-10-15 18:00:00,15.8,81.4,45.0,0,UNNAMED_1987_10
1987288N13168,1987,Western Pacific,LYNN,1987-10-20 00:00:00,17.3,141.2,140.0,5,LYNN_1987_10
1987300N10239,1987,Eastern Pacific,SELMA,1987-10-27 18:00:00,11.8,-124.4,35.0,0,SELMA_1987_10
1987303N06088,1987,North Indian,UNNAMED,1987-11-01 12:00:00,13.8,83.7,55.0,0,UNNAMED_1987_11
1987304S04086,1988,South Indian,UNNAMED,1987-11-07 00:00:00,-11.9,67.5,55.0,0,UNNAMED_1987_11
1987305N17283,1987,North Atlantic,UNNAMED,1987-10-31 18:00:00,16.5,-77.5,30.0,-1,UNNAMED_1987_10
1987311N10148,1987,Western Pacific,MAURY,1987-11-17 06:00:00,13.5,113.1,45.0,0,MAURY_1987_11
1987312N09095,1987,North Indian,UNNAMED,1987-11-12 18:00:00,15.4,81.3,50.0,0,UNNAMED_1987_11
1987320N03171,1987,Western Pacific,NINA,1987-11-25 12:00:00,13.1,124.5,145.0,5,NINA_1987_11
1987325N13126,1987,Western Pacific,OGDEN,1987-11-24 18:00:00,12.6,109.6,45.0,0,OGDEN_1987_11
1987325S06050,1988,South Indian,UNNAMED,1987-11-24 18:00:00,-11.5,41.1,40.0,0,UNNAMED_1987_11
1987336N10085,1987,North Indian,UNNAMED,1987-12-10 06:00:00,14.3,70.6,45.0,0,UNNAMED_1987_12
1987340S07095,1988,South Indian,ARINY,1987-12-11 00:00:00,-15.2,84.6,55.0,0,ARINY_1987_12
1987343N05154,1987,Western Pacific,PHYLLIS,1987-12-16 00:00:00,11.8,125.0,100.0,3,PHYLLIS_1987_12
1987351N09086,1987,North Indian,UNNAMED,1987-12-20 12:00:00,11.6,83.4,35.0,0,UNNAMED_1987_12
1987353S08177,1988,South Pacific,UNNAMED,1987-12-20 00:00:00,-8.9,177.6,35.0,0,UNNAMED_1987_12
1987358S10070,1988,South Indian,BENANDRO,1987-12-27 00:00:00,-13.9,69.9,35.0,0,BENANDRO_1987_12
1988003S12171,1988,South Pacific,AGI,1988-01-13 18:00:00,-17.1,158.4,70.0,1,AGI_1988_01
1988005N03174,1988,Western Pacific,ROY,1988-01-10 12:00:00,9.9,155.3,115.0,4,ROY_1988_01
1988006S05182,1988,South Pacific,ANNE,1988-01-11 00:00:00,-15.1,165.3,140.0,5,ANNE_1988_01
1988012S11061,1988,South Indian,CALIDERA,1988-01-15 00:00:00,-16.2,50.2,65.0,1,CALIDERA_1988_01
1988021S12080,1988,South Indian,DOAZA,1988-01-30 12:00:00,-24.0,38.2,115.0,4,DOAZA_1988_01
1988028S07100,1988,South Indian,FREDERIC,1988-02-01 00:00:00,-18.1,95.7,65.0,1,FREDERIC_1988_02
1988037S13109,1988,South Indian,EZENINA:GWENDA,1988-02-12 00:00:00,-17.1,90.1,90.0,2,EZENINA:GWENDA_1988_02
1988050S13155,1988,South Pacific,CHARLIE,1988-02-23 00:00:00,-14.6,155.6,45.0,0,CHARLIE_1988_02
1988055S10051,1988,South Indian,FILAO,1988-03-01 06:00:00,-18.9,38.4,85.0,2,FILAO_1988_03
1988055S10180,1988,South Pacific,BOLA,1988-03-01 12:00:00,-18.1,169.0,105.0,3,BOLA_1988_03
1988058S19198,1988,South Pacific,CILLA,1988-03-01 18:00:00,-25.3,-149.7,45.0,0,CILLA_1988_03
1988072S08088,1988,South Indian,GASITAO,1988-03-19 00:00:00,-16.2,62.9,130.0,4,GASITAO_1988_03
1988076S14056,1988,South Indian,HELY,1988-03-19 00:00:00,-11.4,52.6,45.0,0,HELY_1988_03
1988089S17048,1988,South Indian,UNNAMED,1988-03-28 18:00:00,-16.7,48.1,25.0,-1,UNNAMED_1988_03
1988100S15171,1988,South Pacific,DOVI,1988-04-12 06:00:00,-18.2,170.7,70.0,1,DOVI_1988_04
1988125S10071,1988,South Indian,IARISENA,1988-05-09 18:00:00,-15.3,64.7,40.0,0,IARISENA_1988_05
1988138S07092,1988,South Indian,HERBIE,1988-05-19 00:00:00,-12.6,96.5,35.0,0,HERBIE_1988_05
1988150N19119,1988,Western Pacific,SUSAN,1988-06-01 12:00:00,21.1,118.7,80.0,1,SUSAN_1988_06
1988153N20275,1988,North Atlantic,UNNAMED,1988-05-31 12:00:00,20.3,-84.7,25.0,-1,UNNAMED_1988_05
1988156N18128,1988,Western Pacific,UNNAMED,1988-06-04 06:00:00,18.7,126.3,30.0,-1,UNNAMED_1988_06
1988160N14074,1988,North Indian,UNNAMED,1988-06-09 06:00:00,16.9,70.6,35.0,0,UNNAMED_1988_06
1988168N13248,1988,Eastern Pacific,UNNAMED,1988-06-15 12:00:00,13.0,-112.0,30.0,-1,UNNAMED_1988_06
1988169N14259,1988,Eastern Pacific,ALETTA,1988-06-18 00:00:00,16.1,-101.6,60.0,0,ALETTA_1988_06
1988170N05141,1988,Western Pacific,THAD,1988-06-22 12:00:00,16.8,124.6,70.0,1,THAD_1988_06
1988173N12268,1988,Eastern Pacific,BUD,1988-06-22 06:00:00,15.1,-97.8,45.0,0,BUD_1988_06
1988177N07137,1988,Western Pacific,VANESSA,1988-06-27 06:00:00,10.1,126.1,45.0,0,VANESSA_1988_06
1988184N19251,1988,Eastern Pacific,UNNAMED,1988-07-02 00:00:00,19.0,-108.6,25.0,-1,UNNAMED_1988_07
1988191N13256,1988,Eastern Pacific,CARLOTTA,1988-07-11 06:00:00,17.3,-114.5,65.0,1,CARLOTTA_1988_07
1988193N09149,1988,Western Pacific,WARREN,1988-07-17 00:00:00,16.3,127.2,115.0,4,WARREN_1988_07
1988202N15248,1988,Eastern Pacific,DANIEL,1988-07-24 00:00:00,22.2,-128.3,55.0,0,DANIEL_1988_07
1988208N27135,1988,Western Pacific,AGNES,1988-07-30 00:00:00,25.7,141.7,45.0,0,AGNES_1988_07
1988210N14251,1988,Eastern Pacific,EMILIA,1988-07-30 12:00:00,15.4,-116.9,60.0,0,EMILIA_1988_07
1988211N12239,1988,Eastern Pacific,FABIO,1988-08-03 12:00:00,14.7,-143.8,120.0,4,FABIO_1988_08
1988211N15225,1988,Eastern Pacific,GILMA,1988-07-29 18:00:00,15.9,-136.2,45.0,0,GILMA_1988_07
1988211N18230,1988,Eastern Pacific,UNNAMED,1988-07-28 18:00:00,17.5,-129.6,25.0,-1,UNNAMED_1988_07
1988213N11262,1988,Eastern Pacific,HECTOR,1988-08-03 06:00:00,16.4,-115.2,125.0,4,HECTOR_1988_08
1988218N13264,1988,Eastern Pacific,IVA,1988-08-08 00:00:00,18.0,-110.5,90.0,2,IVA_1988_08
1988218N21128,1988,Western Pacific,BILL,1988-08-07 06:00:00,28.3,124.3,45.0,0,BILL_1988_08
1988219N27175,1988,Western Pacific,CLARA,1988-08-11 00:00:00,28.7,160.4,45.0,0,CLARA_1988_08
1988219N32283,1988,North Atlantic,ALBERTO,1988-08-07 12:00:00,41.5,-69.0,35.0,0,ALBERTO_1988_08
1988221N30270,1988,North Atlantic,BERYL,1988-08-09 00:00:00,29.3,-89.1,45.0,0,BERYL_1988_08
1988226N22173,1988,Western Pacific,DOYLE,1988-08-16 18:00:00,21.6,164.4,115.0,4,DOYLE_1988_08
1988226N25286,1988,North Atlantic,UNNAMED,1988-08-13 00:00:00,25.0,-74.5,30.0,-1,UNNAMED_1988_08
1988227N18250,1988,Eastern Pacific,UNNAMED,1988-08-14 12:00:00,18.7,-108.8,30.0,-1,UNNAMED_1988_08
1988230N18254,1988,Eastern Pacific,JOHN,1988-08-17 18:00:00,19.1,-107.8,35.0,0,JOHN_1988_08
1988234N13299,1988,North Atlantic,UNNAMED,1988-08-21 06:00:00,13.0,-63.5,30.0,-1,UNNAMED_1988_08
1988234N13339,1988,North Atlantic,UNNAMED,1988-08-21 06:00:00,13.5,-21.9,30.0,-1,UNNAMED_1988_08
1988235N15317,1988,North Atlantic,CHRIS,1988-08-28 12:00:00,30.8,-80.8,45.0,0,CHRIS_1988_08
1988237N23154,1988,Western Pacific,ELSIE,1988-08-28 12:00:00,22.4,158.3,35.0,0,ELSIE_1988_08
1988237N30143,1988,Western Pacific,FABIAN,1988-09-02 06:00:00,34.1,153.7,75.0,1,FABIAN_1988_09
1988240N15248,1988,Eastern Pacific,UNNAMED,1988-08-27 00:00:00,14.8,-112.1,30.0,-1,UNNAMED_1988_08
1988242N12215,1988,Eastern Pacific,ULEKI,1988-09-02 00:00:00,15.4,200.2,110.0,3,ULEKI_1988_09
1988242N13262,1988,Eastern Pacific,KRISTY,1988-09-01 00:00:00,18.4,-109.5,80.0,1,KRISTY_1988_09
1988245N20269,1988,North Atlantic,DEBBY,1988-09-02 18:00:00,20.8,-96.6,65.0,1,DEBBY_1988_09
1988246N26133,1988,Western Pacific,GAY,1988-09-03 00:00:00,28.5,138.0,45.0,0,GAY_1988_09
1988247N33300,1988,North Atlantic,ERNESTO,1988-09-05 00:00:00,43.1,-29.7,55.0,0,ERNESTO_1988_09
1988248N28267,1988,North Atlantic,UNNAMED,1988-09-04 00:00:00,28.0,-93.5,30.0,-1,UNNAMED_1988_09
1988249N18163,1988,Western Pacific,HAL,1988-09-11 12:00:00,19.8,145.8,105.0,3,HAL_1988_09
1988251N13343,1988,North Atlantic,UNNAMED,1988-09-08 12:00:00,17.5,-20.5,50.0,0,UNNAMED_1988_09
1988251N23268,1988,North Atlantic,FLORENCE,1988-09-09 23:00:00,28.5,-89.3,70.0,1,FLORENCE_1988_09
1988253N12306,1988,North Atlantic,GILBERT,1988-09-14 00:00:00,19.7,-83.8,160.0,5,GILBERT_1988_09
1988255N15132,1988,Western Pacific,JEFF,1988-09-14 12:00:00,18.2,138.2,45.0,0,JEFF_1988_09
1988255N21159,1988,Western Pacific,IRMA,1988-09-13 12:00:00,25.5,158.0,55.0,0,IRMA_1988_09
1988257N16252,1988,Eastern Pacific,UNNAMED,1988-09-12 18:00:00,16.3,-108.2,30.0,-1,UNNAMED_1988_09
1988260N15157,1988,Western Pacific,LEE,1988-09-21 18:00:00,18.7,131.4,55.0,0,LEE_1988_09
1988263N15126,1988,Western Pacific,KIT,1988-09-21 12:00:00,21.5,117.1,60.0,0,KIT_1988_09
1988263N18115,1988,Western Pacific,MAMIE,1988-09-22 12:00:00,17.8,112.8,45.0,0,MAMIE_1988_09
1988264N13328,1988,North Atlantic,HELENE,1988-09-23 18:00:00,15.3,-46.1,125.0,4,HELENE_1988_09
1988265N12218,1988,Eastern Pacific,WILA,1988-09-25 00:00:00,17.0,-145.4,35.0,0,WILA_1988_09
1988265N13263,1988,Eastern Pacific,LANE,1988-09-24 00:00:00,17.2,-110.2,90.0,2,LANE_1988_09
1988272N12339,1988,North Atlantic,UNNAMED,1988-09-27 18:00:00,11.5,-20.6,25.0,-1,UNNAMED_1988_09
1988273N09315,1988,North Atlantic,ISAAC,1988-10-01 00:00:00,11.8,-57.7,40.0,0,ISAAC_1988_10
1988274N12142,1988,Western Pacific,NELSON,1988-10-04 12:00:00,20.0,124.7,140.0,5,NELSON_1988_10
1988282N17153,1988,Western Pacific,ODESSA,1988-10-14 12:00:00,23.5,130.9,90.0,2,ODESSA_1988_10
1988285N09318,1988,North Atlantic,JOAN:MIRIAM,1988-10-22 06:00:00,11.9,-83.2,125.0,4,JOAN:MIRIAM_1988_10
1988285N18251,1988,Eastern Pacific,UNNAMED,1988-10-11 06:00:00,17.5,-109.3,30.0,-1,UNNAMED_1988_10
1988290N08145,1988,Western Pacific,PAT,1988-10-20 06:00:00,16.3,124.5,75.0,1,PAT_1988_10
1988291N15095,1988,North Indian,UNNAMED,1988-10-18 06:00:00,18.4,91.8,35.0,0,UNNAMED_1988_10
1988294N13287,1988,North Atlantic,UNNAMED,1988-10-20 00:00:00,13.0,-72.7,30.0,-1,UNNAMED_1988_10
1988295N10138,1988,Western Pacific,RUBY,1988-10-24 12:00:00,14.6,123.0,125.0,4,RUBY_1988_10
1988304S08077,1989,South Indian,ADELININA,1988-11-02 18:00:00,-12.3,78.3,75.0,1,ADELININA_1988_11
1988306N15130,1988,Western Pacific,UNNAMED,1988-11-01 18:00:00,12.3,125.6,25.0,-1,UNNAMED_1988_11
1988307N09131,1988,Western Pacific,TESS,1988-11-05 12:00:00,10.2,113.4,65.0,1,TESS_1988_11
1988308N09140,1988,Western Pacific,SKIP,1988-11-06 06:00:00,9.9,129.9,125.0,4,SKIP_1988_11
1988310S08100,1989,South Indian,BARISAONA,1988-11-16 06:00:00,-13.5,72.5,100.0,3,BARISAONA_1988_11
1988319N08090,1988,North Indian,UNNAMED,1988-11-18 12:00:00,19.7,93.0,55.0,0,UNNAMED_1988_11
1988323N15286,1988,North Atlantic,KEITH,1988-11-26 00:00:00,48.0,-43.0,65.0,-4,KEITH_1988_11
1988327N06100,1988,North Indian,UNNAMED,1988-11-29 12:00:00,21.8,89.0,110.0,3,UNNAMED_1988_11
1988341N08090,1988,North Indian,UNNAMED,1988-12-07 12:00:00,10.9,90.2,45.0,0,UNNAMED_1988_12
1988347S12128,1989,South Indian,ILONA,1988-12-17 00:00:00,-18.3,115.3,85.0,2,ILONA_1988_12
1988356N05142,1988,Western Pacific,VAL,1988-12-24 00:00:00,14.7,124.7,55.0,0,VAL_1988_12
1988364S17148,1989,South Pacific,DELILAH,1989-01-02 06:00:00,-20.2,165.0,60.0,0,DELILAH_1989_01
1989006S13184,1989,South Pacific,GINA,1989-01-08 00:00:00,-17.0,-171.6,45.0,0,GINA_1989_01
1989006S15044,1989,South Indian,CALASANJY,1989-01-12 18:00:00,-17.6,42.2,75.0,1,CALASANJY_1989_01
1989010N16212,1989,Western Pacific,WINONA,1989-01-19 00:00:00,15.2,145.6,55.0,0,WINONA_1989_01
1989018S10082,1989,South Indian,EDME,1989-01-23 18:00:00,-19.8,81.2,115.0,4,EDME_1989_01
1989024S11064,1989,South Indian,FIRINGA,1989-01-28 18:00:00,-19.5,57.6,90.0,2,FIRINGA_1989_01
1989035S11106,1989,South Indian,KIRRILY,1989-02-09 06:00:00,-20.9,107.2,75.0,1,KIRRILY_1989_02
1989037S16164,1989,South Pacific,HARRY,1989-02-14 12:00:00,-19.2,158.0,130.0,4,HARRY_1989_02
1989044S12102,1989,South Indian,HANITRA:LEON,1989-02-22 12:00:00,-13.9,82.3,125.0,4,HANITRA:LEON_1989_02
1989047S13079,1989,South Indian,GIZELA,1989-02-20 00:00:00,-18.7,72.5,65.0,1,GIZELA_1989_02
1989052S27233,1989,South Pacific,HINANO,1989-02-25 12:00:00,-26.9,-140.7,90.0,2,HINANO_1989_02
1989053S14210,1989,South Pacific,JUDY,1989-02-26 00:00:00,-22.4,-157.3,90.0,2,JUDY_1989_02
1989053S15170,1989,South Pacific,IVY,1989-02-27 00:00:00,-21.2,170.8,100.0,3,IVY_1989_02
1989054S17117,1989,South Indian,UNNAMED,1989-02-24 00:00:00,-20.0,117.3,45.0,0,UNNAMED_1989_02
1989060S09097,1989,South Indian,MARCIA,1989-03-03 06:00:00,-17.7,99.4,35.0,0,MARCIA_1989_03
1989067S17041,1989,South Indian,UNNAMED,1989-03-09 00:00:00,-22.3,41.5,35.0,0,UNNAMED_1989_03
1989080S16066,1989,South Indian,JINABO,1989-03-26 12:00:00,-19.5,50.1,65.0,1,JINABO_1989_03
1989084S18122,1989,South Indian,NED,1989-03-28 18:00:00,-20.3,109.1,100.0,3,NED_1989_03
1989086S08081,1989,South Indian,KRISY,1989-03-29 12:00:00,-10.6,73.7,30.0,-1,KRISY_1989_03
1989087S11073,1989,South Indian,KRISY,1989-04-02 00:00:00,-14.8,69.9,105.0,3,KRISY_1989_04
1989088S15187,1989,South Pacific,KERRY,1989-04-01 12:00:00,-21.8,177.6,50.0,0,KERRY_1989_04
1989089S11158,1989,South Pacific,AIVU,1989-04-03 12:00:00,-17.9,148.8,120.0,4,AIVU_1989_04
1989094S05086,1989,South Indian,LEZISSY,1989-04-07 00:00:00,-12.8,72.1,45.0,0,LEZISSY_1989_04
1989096S13159,1989,South Pacific,LILI,1989-04-09 18:00:00,-18.0,164.8,110.0,3,LILI_1989_04
1989103N07154,1989,Western Pacific,ANDY,1989-04-21 00:00:00,12.6,145.9,140.0,5,ANDY_1989_04
1989106S11128,1989,South Indian,ORSON,1989-04-22 06:00:00,-17.4,116.2,140.0,5,ORSON_1989_04
1989122S09162,1989,South Pacific,MEENA,1989-05-06 06:00:00,-15.0,155.7,50.0,0,MEENA_1989_05
1989126S13178,1989,South Pacific,ERNIE,1989-05-08 00:00:00,-12.2,166.1,35.0,0,ERNIE_1989_05
1989134N07138,1989,Western Pacific,BRENDA,1989-05-19 18:00:00,19.7,115.2,75.0,1,BRENDA_1989_05
1989142N11114,1989,Western Pacific,CECIL,1989-05-24 12:00:00,16.0,109.2,75.0,1,CECIL_1989_05
1989143N17090,1989,North Indian,UNNAMED,1989-05-26 12:00:00,21.3,87.3,55.0,0,UNNAMED_1989_05
1989150N09257,1989,Eastern Pacific,ADOLPH,1989-06-02 00:00:00,11.3,-119.5,55.0,0,ADOLPH_1989_06
1989153N04144,1989,Western Pacific,DOT,1989-06-09 00:00:00,16.6,113.6,100.0,3,DOT_1989_06
1989159N17072,1989,North Indian,UNNAMED,1989-06-12 06:00:00,21.4,65.7,35.0,0,UNNAMED_1989_06
1989165N11255,1989,Eastern Pacific,BARBARA,1989-06-18 06:00:00,16.2,-110.3,70.0,1,BARBARA_1989_06
1989167N21266,1989,North Atlantic,UNNAMED,1989-06-15 18:00:00,20.7,-94.3,25.0,-1,UNNAMED_1989_06
1989169N13265,1989,Eastern Pacific,COSME,1989-06-22 00:00:00,15.6,-99.3,75.0,1,COSME_1989_06
1989169N16142,1989,Western Pacific,ELLIS,1989-06-23 00:00:00,21.0,126.9,35.0,0,ELLIS_1989_06
1989176N27264,1989,North Atlantic,ALLISON,1989-06-26 18:00:00,29.1,-95.7,45.0,0,ALLISON_1989_06
1989187N15132,1989,Western Pacific,FAYE,1989-07-08 12:00:00,16.9,122.3,60.0,0,FAYE_1989_07
1989189S07088,1990,South Indian,UNNAMED,1989-07-10 06:00:00,-8.0,86.6,30.0,-1,UNNAMED_1989_07
1989190N08231,1989,Eastern Pacific,UNNAMED,1989-07-09 18:00:00,9.7,-133.1,30.0,-1,UNNAMED_1989_07
1989190N09240,1989,Eastern Pacific,UNNAMED,1989-07-10 00:00:00,12.4,-124.4,30.0,-1,UNNAMED_1989_07
1989190N13261,1989,Eastern Pacific,DALILIA,1989-07-16 12:00:00,13.9,-135.9,80.0,1,DALILIA_1989_07
1989190N20160,1989,Western Pacific,GORDON,1989-07-15 06:00:00,16.9,125.2,140.0,5,GORDON_1989_07
1989191N13322,1989,North Atlantic,BARRY,1989-07-12 00:00:00,21.4,-53.1,45.0,0,BARRY_1989_07
1989193N13220,1989,Eastern Pacific,UNNAMED,1989-07-11 12:00:00,12.5,-140.0,30.0,-1,UNNAMED_1989_07
1989194N13149,1989,Western Pacific,HOPE,1989-07-18 18:00:00,25.9,125.1,55.0,0,HOPE_1989_07
1989194S06095,1990,South Indian,UNNAMED,1989-07-15 06:00:00,-15.2,94.2,35.0,0,UNNAMED_1989_07
1989195N10219,1989,Eastern Pacific,UNNAMED,1989-07-14 00:00:00,10.0,-141.0,30.0,-1,UNNAMED_1989_07
1989196N14250,1989,Eastern Pacific,UNNAMED,1989-07-16 12:00:00,15.9,-120.3,30.0,-1,UNNAMED_1989_07
1989199N05139,1989,Western Pacific,IRVING,1989-07-23 18:00:00,18.7,106.4,55.0,0,IRVING_1989_07
1989200N12236,1989,Eastern Pacific,ERICK,1989-07-20 00:00:00,14.9,-130.5,35.0,0,ERICK_1989_07
1989201N11145,1989,Western Pacific,JUDY,1989-07-25 12:00:00,23.9,138.1,95.0,2,JUDY_1989_07
1989205N13260,1989,Eastern Pacific,FLOSSIE,1989-07-24 06:00:00,14.2,-102.3,35.0,0,FLOSSIE_1989_07
1989208N20133,1989,Western Pacific,UNNAMED,1989-07-29 06:00:00,24.8,125.0,30.0,-1,UNNAMED_1989_07
1989209N22130,1989,Western Pacific,KEN:LOLA,1989-07-31 06:00:00,29.1,132.5,50.0,0,KEN:LOLA_1989_07
1989210N14259,1989,Eastern Pacific,GIL,1989-08-01 00:00:00,18.7,-108.4,75.0,1,GIL_1989_08
1989211N24153,1989,Western Pacific,MAC,1989-08-03 18:00:00,26.5,145.0,80.0,1,MAC_1989_08
1989212N15318,1989,North Atlantic,DEAN,1989-08-07 00:00:00,34.0,-64.9,90.0,2,DEAN_1989_08
1989212N23270,1989,North Atlantic,CHANTAL,1989-08-01 06:00:00,28.7,-93.5,70.0,1,CHANTAL_1989_08
1989216N06159,1989,Western Pacific,OWEN,1989-08-14 12:00:00,23.6,151.9,75.0,1,OWEN_1989_08
1989221N10149,1989,Western Pacific,NANCY,1989-08-13 18:00:00,27.4,155.4,75.0,1,NANCY_1989_08
1989221N16339,1989,North Atlantic,UNNAMED,1989-08-16 12:00:00,16.1,-49.2,30.0,-1,UNNAMED_1989_08
1989227N12236,1989,Eastern Pacific,HENRIETTE,1989-08-16 12:00:00,17.0,-132.2,45.0,0,HENRIETTE_1989_08
1989227N13261,1989,Eastern Pacific,ISMAEL,1989-08-19 18:00:00,18.7,-116.8,105.0,3,ISMAEL_1989_08
1989227N16145,1989,Western Pacific,PEGGY,1989-08-16 12:00:00,21.5,148.8,35.0,0,PEGGY_1989_08
1989228N29127,1989,Western Pacific,UNNAMED,1989-08-18 00:00:00,27.3,123.3,30.0,-1,UNNAMED_1989_08
1989230N14338,1989,North Atlantic,ERIN,1989-08-24 12:00:00,34.1,-44.5,90.0,2,ERIN_1989_08
1989234N16244,1989,Eastern Pacific,JULIETTE,1989-08-23 00:00:00,18.9,-119.6,55.0,0,JULIETTE_1989_08
1989235N22146,1989,Western Pacific,UNNAMED,1989-08-25 12:00:00,29.1,153.1,30.0,-1,UNNAMED_1989_08
1989235N26122,1989,Western Pacific,ROGER,1989-08-27 00:00:00,33.3,134.1,50.0,0,ROGER_1989_08
1989238N17339,1989,North Atlantic,FELIX,1989-09-05 18:00:00,36.7,-48.3,75.0,1,FELIX_1989_09
1989238N22253,1989,Eastern Pacific,KIKO,1989-08-27 00:00:00,23.5,-109.3,105.0,3,KIKO_1989_08
1989239N13312,1989,North Atlantic,UNNAMED,1989-08-27 12:00:00,13.0,-49.1,25.0,-1,UNNAMED_1989_08
1989240N14256,1989,Eastern Pacific,LORENA,1989-09-01 06:00:00,20.6,-115.6,65.0,1,LORENA_1989_09
1989241N13265,1989,Eastern Pacific,MANUEL,1989-08-30 12:00:00,14.9,-101.4,40.0,0,MANUEL_1989_08
1989243N12339,1989,North Atlantic,GABRIELLE,1989-09-05 00:00:00,19.3,-55.7,125.0,4,GABRIELLE_1989_09
1989246N14263,1989,Eastern Pacific,NARDA,1989-09-05 00:00:00,15.9,-108.2,45.0,0,NARDA_1989_09
1989246N16159,1989,Western Pacific,SARAH,1989-09-11 12:00:00,23.3,122.0,125.0,4,SARAH_1989_09
1989250N17148,1989,Western Pacific,TIP,1989-09-13 00:00:00,36.9,158.8,50.0,0,TIP_1989_09
1989252N11260,1989,Eastern Pacific,OCTAVE,1989-09-13 00:00:00,20.9,-113.8,115.0,4,OCTAVE_1989_09
1989254N13340,1989,North Atlantic,HUGO,1989-09-15 18:00:00,14.6,-54.6,140.0,5,HUGO_1989_09
1989254N17145,1989,Western Pacific,VERA,1989-09-13 06:00:00,20.7,137.6,50.0,0,VERA_1989_09
1989259N20126,1989,Western Pacific,WAYNE,1989-09-19 00:00:00,30.2,128.5,65.0,1,WAYNE_1989_09
1989260N11316,1989,North Atlantic,IRIS,1989-09-19 12:00:00,19.2,-58.2,60.0,0,IRIS_1989_09
1989260N13264,1989,Eastern Pacific,PRISCILLA,1989-09-22 18:00:00,20.7,-110.0,55.0,0,PRISCILLA_1989_09
1989265S05085,1990,South Indian,UNNAMED,1989-09-25 18:00:00,-13.6,65.1,30.0,-1,UNNAMED_1989_09
1989268N14261,1989,Eastern Pacific,RAYMOND,1989-10-01 00:00:00,17.0,-113.4,125.0,4,RAYMOND_1989_10
1989269N14267,1989,Eastern Pacific,UNNAMED,1989-09-26 00:00:00,14.4,-93.7,30.0,-1,UNNAMED_1989_09
1989271N12142,1989,Western Pacific,ANGELA,1989-10-05 06:00:00,18.1,124.0,130.0,4,ANGELA_1989_10
1989271N14168,1989,Western Pacific,COLLEEN,1989-10-05 12:00:00,22.0,143.8,80.0,1,COLLEEN_1989_10
1989272N18120,1989,Western Pacific,BRIAN,1989-10-02 12:00:00,18.4,110.6,80.0,1,BRIAN_1989_10
1989275N12317,1989,North Atlantic,UNNAMED,1989-10-03 00:00:00,14.0,-48.4,30.0,-1,UNNAMED_1989_10
1989277N13257,1989,Eastern Pacific,UNNAMED,1989-10-03 18:00:00,13.5,-104.8,30.0,-1,UNNAMED_1989_10
1989279N07151,1989,Western Pacific,DAN,1989-10-12 06:00:00,16.6,112.3,70.0,1,DAN_1989_10
1989284S08080,1990,South Indian,UNNAMED,1989-10-12 06:00:00,-10.3,79.2,30.0,-1,UNNAMED_1989_10
1989286N14137,1989,Western Pacific,ELSIE,1989-10-18 18:00:00,16.4,124.1,140.0,5,ELSIE_1989_10
1989286N19268,1989,North Atlantic,JERRY,1989-10-16 00:00:00,29.1,-95.0,75.0,1,JERRY_1989_10
1989287N11259,1989,Eastern Pacific,UNNAMED,1989-10-14 06:00:00,11.3,-101.3,20.0,-1,UNNAMED_1989_10
1989289N16243,1989,Eastern Pacific,UNNAMED,1989-10-18 00:00:00,16.3,-118.4,30.0,-1,UNNAMED_1989_10
1989291N05158,1989,Western Pacific,FORREST,1989-10-27 00:00:00,22.6,137.6,95.0,2,FORREST_1989_10
1989302S05079,1990,South Indian,UNNAMED,1989-10-31 00:00:00,-7.8,84.6,35.0,0,UNNAMED_1989_10
1989305N07105,1989,North Indian,GAY,1989-11-08 18:00:00,14.8,80.3,140.0,5,GAY_1989_11
1989309S07100,1990,South Indian,PEDRO,1989-11-10 12:00:00,-13.2,96.0,65.0,1,PEDRO_1989_11
1989314N10152,1989,Western Pacific,HUNT,1989-11-19 06:00:00,14.6,127.0,90.0,2,HUNT_1989_11
1989324N17174,1989,Western Pacific,IRMA,1989-11-30 00:00:00,13.2,134.3,140.0,5,IRMA_1989_11
1989333N17276,1989,North Atlantic,KAREN,1989-11-30 12:00:00,20.8,-83.4,50.0,0,KAREN_1989_11
1989335N05162,1989,Western Pacific,UNNAMED,1989-12-07 00:00:00,10.8,139.4,30.0,-1,UNNAMED_1989_12
1989346S10133,1990,South Pacific,FELICITY,1989-12-15 06:00:00,-16.2,140.5,60.0,0,FELICITY_1989_12
1989349S08065,1990,South Indian,ALIBERA,1989-12-20 18:00:00,-10.9,55.7,135.0,4,ALIBERA_1989_12
1989354N05155,1989,Western Pacific,JACK,1989-12-25 18:00:00,13.8,148.2,125.0,4,JACK_1989_12
1989364S05095,1990,South Indian,BAOMAVO,1990-01-05 12:00:00,-18.1,84.6,85.0,2,BAOMAVO_1990_01
1990008N01172,1990,Western Pacific,KORYN,1990-01-15 00:00:00,15.5,145.8,75.0,1,KORYN_1990_01
1990012S12131,1990,South Indian,SAM,1990-01-15 18:00:00,-16.0,113.1,50.0,0,SAM_1990_01
1990024S14117,1990,South Indian,TINA,1990-01-26 18:00:00,-18.5,113.0,45.0,0,TINA_1990_01
1990027S18156,1990,South Pacific,NANCY,1990-01-31 18:00:00,-21.2,160.7,65.0,1,NANCY_1990_01
1990028S10183,1990,South Pacific,OFA,1990-02-04 06:00:00,-15.6,187.1,115.0,4,OFA_1990_02
1990031S09070,1990,South Indian,DETY,1990-02-04 12:00:00,-16.1,67.0,95.0,2,DETY_1990_02
1990032S11059,1990,South Indian,CEZERA,1990-02-02 18:00:00,-12.2,59.9,80.0,1,CEZERA_1990_02
1990043S09206,1990,South Pacific,PENI,1990-02-15 12:00:00,-19.0,-159.1,60.0,0,PENI_1990_02
1990056S11125,1990,South Indian,VINCENT,1990-03-04 12:00:00,-22.9,109.6,70.0,1,VINCENT_1990_03
1990058S16075,1990,South Indian,EDISOANA,1990-03-06 06:00:00,-20.8,61.2,100.0,3,EDISOANA_1990_03
1990059S13135,1990,South Pacific,GREG,1990-03-03 06:00:00,-13.3,140.1,30.0,-1,GREG_1990_03
1990060S15170,1990,South Pacific,HILDA,1990-03-06 18:00:00,-19.2,157.2,60.0,0,HILDA_1990_03
1990062S13091,1990,South Indian,GREGOARA:WALTER,1990-03-18 00:00:00,-16.6,81.6,110.0,3,GREGOARA:WALTER_1990_03
1990065S07083,1990,South Indian,FELANA,1990-03-09 00:00:00,-15.2,76.5,45.0,0,FELANA_1990_03
1990073S13170,1990,South Pacific,IVOR,1990-03-18 06:00:00,-13.9,147.9,75.0,1,IVOR_1990_03
1990074S12115,1990,South Indian,ALEX,1990-03-20 00:00:00,-16.9,100.4,130.0,4,ALEX_1990_03
1990076S12165,1990,South Pacific,RAE,1990-03-23 18:00:00,-23.2,182.9,40.0,0,RAE_1990_03
1990101S07048,1990,South Indian,HANTA,1990-04-12 18:00:00,-11.9,46.1,45.0,0,HANTA_1990_04
1990102S11092,1990,South Indian,BESSI,1990-04-15 12:00:00,-16.5,91.0,40.0,0,BESSI_1990_04
1990108N09087,1990,North Indian,UNNAMED,1990-04-17 18:00:00,10.5,86.4,25.0,-1,UNNAMED_1990_04
1990117N04152,1990,Western Pacific,LEWIS,1990-04-28 18:00:00,7.9,151.1,35.0,0,LEWIS_1990_04
1990124N09088,1990,North Indian,UNNAMED,1990-05-08 06:00:00,13.6,81.5,125.0,4,UNNAMED_1990_05
1990129N05138,1990,Western Pacific,MARIAN,1990-05-17 12:00:00,17.2,112.7,90.0,2,MARIAN_1990_05
1990130S03081,1990,South Indian,IKONJO,1990-05-17 12:00:00,-8.7,54.9,55.0,0,IKONJO_1990_05
1990133N09259,1990,Eastern Pacific,ALMA,1990-05-16 06:00:00,13.4,-117.1,75.0,1,ALMA_1990_05
1990145N19276,1990,North Atlantic,UNNAMED,1990-05-24 18:00:00,18.8,-84.0,25.0,-1,UNNAMED_1990_05
1990154N11260,1990,Eastern Pacific,BORIS,1990-06-05 12:00:00,16.7,-113.4,80.0,1,BORIS_1990_06
1990160N12250,1990,Eastern Pacific,CRISTINA,1990-06-12 06:00:00,15.0,-113.9,55.0,0,CRISTINA_1990_06
1990163N08133,1990,Western Pacific,NATHAN,1990-06-17 12:00:00,19.4,111.6,55.0,0,NATHAN_1990_06
1990164N14112,1990,Western Pacific,UNNAMED,1990-06-14 06:00:00,14.3,112.8,30.0,-1,UNNAMED_1990_06
1990166N06141,1990,Western Pacific,OFELIA,1990-06-22 18:00:00,21.0,121.5,90.0,2,OFELIA_1990_06
1990170N13260,1990,Eastern Pacific,DOUGLAS,1990-06-21 00:00:00,16.7,-103.7,55.0,0,DOUGLAS_1990_06
1990171N11148,1990,Western Pacific,PERCY,1990-06-25 06:00:00,12.3,130.0,115.0,4,PERCY_1990_06
1990177N14257,1990,Eastern Pacific,ELIDA,1990-06-28 06:00:00,18.6,-110.8,70.0,1,ELIDA_1990_06
1990180N09159,1990,Western Pacific,ROBYN,1990-07-09 12:00:00,23.3,124.4,45.0,0,ROBYN_1990_07
1990181N10259,1990,Eastern Pacific,UNNAMED,1990-06-30 06:00:00,11.0,-103.2,30.0,-1,UNNAMED_1990_06
1990187N13258,1990,Eastern Pacific,FAUSTO,1990-07-08 18:00:00,18.9,-110.1,75.0,1,FAUSTO_1990_07
1990191N10266,1990,Eastern Pacific,GENEVIEVE,1990-07-15 12:00:00,20.2,-117.0,90.0,2,GENEVIEVE_1990_07
1990201N12254,1990,Eastern Pacific,HERNAN,1990-07-23 12:00:00,17.3,-117.2,135.0,4,HERNAN_1990_07
1990202N10264,1990,Eastern Pacific,ISELLE,1990-07-25 12:00:00,19.2,-111.7,105.0,3,ISELLE_1990_07
1990202N13130,1990,Western Pacific,TASHA,1990-07-30 18:00:00,22.3,115.7,55.0,0,TASHA_1990_07
1990203N09318,1990,North Atlantic,ARTHUR,1990-07-25 18:00:00,13.1,-63.7,60.0,0,ARTHUR_1990_07
1990205N13231,1990,Eastern Pacific,UNNAMED,1990-07-24 18:00:00,13.9,-129.8,25.0,-1,UNNAMED_1990_07
1990205N16141,1990,Western Pacific,STEVE,1990-07-28 06:00:00,22.9,144.9,115.0,4,STEVE_1990_07
1990206N34285,1990,North Atlantic,BERTHA,1990-07-31 00:00:00,36.6,-67.0,70.0,1,BERTHA_1990_07
1990208N18132,1990,Western Pacific,VERNON,1990-08-01 06:00:00,24.7,139.2,95.0,2,VERNON_1990_08
1990212N10338,1990,North Atlantic,CESAR,1990-08-02 06:00:00,16.1,-33.5,45.0,0,CESAR_1990_08
1990215N38337,1990,North Atlantic,EDOUARD,1990-08-03 18:00:00,39.5,-23.9,40.0,-2,EDOUARD_1990_08
1990216N13281,1990,North Atlantic,DIANA,1990-08-07 18:00:00,20.9,-96.8,85.0,2,DIANA_1990_08
1990216N29125,1990,Western Pacific,WINONA,1990-08-09 12:00:00,32.3,137.4,65.0,1,WINONA_1990_08
1990219N10214,1990,Eastern Pacific,AKA,1990-08-10 12:00:00,11.3,195.5,55.0,0,AKA_1990_08
1990221N07162,1990,Western Pacific,YANCY,1990-08-18 00:00:00,21.7,124.7,90.0,2,YANCY_1990_08
1990222N11219,1990,Eastern Pacific,UNNAMED,1990-08-10 18:00:00,11.0,-142.5,30.0,-1,UNNAMED_1990_08
1990224N09328,1990,North Atlantic,FRAN,1990-08-13 18:00:00,9.0,-53.6,35.0,0,FRAN_1990_08
1990228N15141,1990,Western Pacific,ZOLA,1990-08-21 06:00:00,28.3,134.9,100.0,3,ZOLA_1990_08
1990229N11249,1990,Eastern Pacific,UNNAMED,1990-08-18 00:00:00,11.1,-118.6,30.0,-1,UNNAMED_1990_08
1990229N11261,1990,Eastern Pacific,JULIO,1990-08-21 06:00:00,16.7,-119.5,100.0,3,JULIO_1990_08
1990232N13141,1990,Western Pacific,BECKY,1990-08-27 12:00:00,17.7,116.4,70.0,1,BECKY_1990_08
1990234N14248,1990,Eastern Pacific,KENNA,1990-08-26 00:00:00,15.8,-129.3,75.0,1,KENNA_1990_08
1990235N10152,1990,Western Pacific,ABE,1990-08-30 00:00:00,25.2,124.7,90.0,2,ABE_1990_08
1990236N13314,1990,North Atlantic,GUSTAV,1990-08-31 06:00:00,30.3,-57.5,105.0,3,GUSTAV_1990_08
1990236N14264,1990,Eastern Pacific,LOWELL,1990-08-27 06:00:00,19.5,-112.5,65.0,1,LOWELL_1990_08
1990237N13325,1990,North Atlantic,HORTENSE,1990-08-28 06:00:00,21.7,-43.6,55.0,0,HORTENSE_1990_08
1990245N16149,1990,Western Pacific,DOT,1990-09-06 18:00:00,21.0,125.4,75.0,1,DOT_1990_09
1990245N20123,1990,Western Pacific,CECIL,1990-09-04 12:00:00,27.1,120.2,45.0,0,CECIL_1990_09
1990247N07337,1990,North Atlantic,ISIDORE,1990-09-07 12:00:00,18.5,-37.6,85.0,2,ISIDORE_1990_09
1990250N13157,1990,Western Pacific,ED,1990-09-16 18:00:00,16.1,113.0,90.0,2,ED_1990_09
1990251N06171,1990,Western Pacific,FLO,1990-09-17 06:00:00,25.6,128.9,145.0,5,FLO_1990_09
1990251N12238,1990,Eastern Pacific,MARIE,1990-09-11 00:00:00,14.8,-132.1,120.0,4,MARIE_1990_09
1990253N12248,1990,Eastern Pacific,NORBERT,1990-09-15 06:00:00,21.1,-124.4,70.0,1,NORBERT_1990_09
1990253N13258,1990,Eastern Pacific,UNNAMED,1990-09-12 00:00:00,19.9,-112.5,30.0,-1,UNNAMED_1990_09
1990261N12141,1990,Western Pacific,GENE,1990-09-26 18:00:00,24.7,126.2,80.0,1,GENE_1990_09
1990262N15315,1990,North Atlantic,UNNAMED,1990-09-18 12:00:00,15.0,-45.0,30.0,-1,UNNAMED_1990_09
1990262S07074,1991,South Indian,UNNAMED,1990-09-20 12:00:00,-6.2,72.2,30.0,-1,UNNAMED_1990_09
1990264N14328,1990,North Atlantic,JOSEPHINE,1990-10-05 18:00:00,34.1,-38.4,75.0,1,JOSEPHINE_1990_10
1990267N13252,1990,Eastern Pacific,ODILE,1990-09-26 12:00:00,15.2,-122.1,125.0,4,ODILE_1990_09
1990270N13261,1990,Eastern Pacific,RACHEL,1990-10-02 00:00:00,20.3,-112.1,55.0,0,RACHEL_1990_10
1990271N13153,1990,Western Pacific,HATTIE,1990-10-04 00:00:00,22.1,132.5,90.0,2,HATTIE_1990_10
1990272N10223,1990,Eastern Pacific,POLO,1990-09-30 06:00:00,15.0,-139.0,65.0,1,POLO_1990_09
1990272N11121,1990,Western Pacific,IRA,1990-10-02 12:00:00,13.3,112.0,35.0,0,IRA_1990_10
1990277N16301,1990,North Atlantic,KLAUS,1990-10-05 12:00:00,17.2,-61.2,70.0,1,KLAUS_1990_10
1990279N36316,1990,North Atlantic,LILI,1990-10-11 00:00:00,31.2,-55.9,65.0,1,LILI_1990_10
1990282N15250,1990,Eastern Pacific,SIMON,1990-10-11 12:00:00,17.9,-120.0,60.0,0,SIMON_1990_10
1990283N15129,1990,Western Pacific,JEANA,1990-10-13 18:00:00,13.0,110.5,35.0,0,JEANA_1990_10
1990283N23281,1990,North Atlantic,MARCO,1990-10-11 06:00:00,26.7,-82.6,55.0,0,MARCO_1990_10
1990287N13156,1990,Western Pacific,KYLE,1990-10-19 00:00:00,19.9,143.6,90.0,2,KYLE_1990_10
1990288N15118,1990,Western Pacific,LOLA,1990-10-18 00:00:00,13.8,110.0,40.0,0,LOLA_1990_10
1990288S08074,1991,South Indian,UNNAMED,1990-10-16 18:00:00,-8.1,72.7,30.0,-1,UNNAMED_1990_10
1990289N10261,1990,Eastern Pacific,TRUDY,1990-10-20 12:00:00,15.5,-111.0,135.0,4,TRUDY_1990_10
1990289N22300,1990,North Atlantic,NANA,1990-10-18 06:00:00,24.1,-63.8,75.0,1,NANA_1990_10
1990295N11261,1990,Eastern Pacific,VANCE,1990-10-26 00:00:00,17.9,-107.9,85.0,2,VANCE_1990_10
1990304N08092,1990,North Indian,UNNAMED,1990-11-01 18:00:00,16.1,86.2,30.0,-1,UNNAMED_1990_11
1990309N08167,1990,Western Pacific,PAGE,1990-11-26 12:00:00,13.1,129.2,140.0,5,PAGE_1990_11
1990310N07152,1990,Western Pacific,MIKE,1990-11-10 18:00:00,7.9,134.2,150.0,5,MIKE_1990_11
1990312N12121,1990,Western Pacific,NELL,1990-11-11 12:00:00,12.7,111.5,50.0,0,NELL_1990_11
1990319N07197,1990,Western Pacific,OWEN,1990-11-27 06:00:00,8.3,152.1,140.0,5,OWEN_1990_11
1990327S07175,1991,South Pacific,SINA,1990-11-27 00:00:00,-16.6,174.8,125.0,4,SINA_1990_11
1990334S08078,1991,South Indian,UNNAMED,1990-12-03 06:00:00,-14.9,79.5,55.0,0,UNNAMED_1990_12
1990343S10128,1991,South Indian,LAURENCE,1990-12-11 18:00:00,-13.6,128.0,35.0,0,LAURENCE_1990_12
1990347N05173,1990,Western Pacific,RUSS,1990-12-19 06:00:00,11.2,149.5,125.0,4,RUSS_1990_12
1990348N04087,1990,North Indian,UNNAMED,1990-12-16 18:00:00,14.7,86.2,45.0,0,UNNAMED_1990_12
1990350S11165,1991,South Pacific,JOY,1990-12-23 00:00:00,-16.1,146.7,90.0,2,JOY_1990_12
1991008S09078,1991,South Indian,ALISON,1991-01-15 00:00:00,-13.4,81.1,65.0,1,ALISON_1991_01
1991013S04096,1991,South Indian,BELLA,1991-01-29 18:00:00,-17.7,61.8,130.0,4,BELLA_1991_01
1991015N02087,1991,North Indian,UNNAMED,1991-01-17 12:00:00,3.7,75.5,35.0,0,UNNAMED_1991_01
1991046S15122,1991,South Indian,CHRIS,1991-02-18 12:00:00,-15.5,119.5,50.0,0,CHRIS_1991_02
1991046S18150,1991,South Indian,DAPHNE,1991-02-23 18:00:00,-20.5,113.6,60.0,0,DAPHNE_1991_02
1991047S16041,1991,South Indian,CYNTHIA,1991-02-17 12:00:00,-20.0,44.3,50.0,0,CYNTHIA_1991_02
1991053S21040,1991,South Indian,DEBRA,1991-02-26 06:00:00,-25.5,37.8,90.0,2,DEBRA_1991_02
1991055S12142,1991,South Pacific,KELVIN,1991-02-25 18:00:00,-16.5,150.7,55.0,0,KELVIN_1991_02
1991057S10087,1991,South Indian,ELMA,1991-02-28 00:00:00,-16.1,88.2,60.0,0,ELMA_1991_02
1991062N04156,1991,Western Pacific,SHARON,1991-03-09 18:00:00,6.4,138.4,60.0,0,SHARON_1991_03
1991062S09168,1991,South Pacific,UNNAMED,1991-03-05 06:00:00,-17.1,158.2,30.0,-1,UNNAMED_1991_03
1991074S11158,1991,South Pacific,UNNAMED,1991-03-18 00:00:00,-16.0,163.8,30.0,-1,UNNAMED_1991_03
1991077N03165,1991,Western Pacific,TIM,1991-03-23 18:00:00,16.6,152.8,70.0,1,TIM_1991_03
1991080S06092,1991,South Indian,FATIMA,1991-03-26 12:00:00,-12.0,80.7,90.0,2,FATIMA_1991_03
1991083S11100,1991,South Indian,ERROL,1991-03-25 18:00:00,-10.5,99.9,110.0,3,ERROL_1991_03
1991099S10132,1991,South Indian,MARIAN,1991-04-13 18:00:00,-14.1,119.7,95.0,2,MARIAN_1991_04
1991105S12103,1991,South Indian,FIFI,1991-04-18 00:00:00,-15.6,102.2,55.0,0,FIFI_1991_04
1991111N04145,1991,Western Pacific,VANESSA,1991-04-26 18:00:00,12.8,114.2,45.0,0,VANESSA_1991_04
1991113N10091,1991,North Indian,UNNAMED,1991-04-29 12:00:00,20.6,90.6,140.0,5,UNNAMED_1991_04
1991124N05152,1991,Western Pacific,WALT,1991-05-12 06:00:00,14.8,130.6,140.0,5,WALT_1991_05
1991124S08154,1991,South Pacific,LISA,1991-05-10 06:00:00,-15.6,156.3,80.0,1,LISA_1991_05
1991136N11238,1991,Eastern Pacific,ANDRES,1991-05-17 12:00:00,10.7,-123.0,55.0,0,ANDRES_1991_05
1991150N14091,1991,North Indian,UNNAMED,1991-06-02 00:00:00,22.3,91.0,50.0,0,UNNAMED_1991_06
1991156S07084,1991,South Indian,GRITELLE,1991-06-09 18:00:00,-10.5,69.8,40.0,0,GRITELLE_1991_06
1991163N11128,1991,Western Pacific,YUNYA,1991-06-14 06:00:00,14.4,123.5,105.0,3,YUNYA_1991_06
1991166N10257,1991,Eastern Pacific,BLANCA,1991-06-20 00:00:00,12.6,-121.5,55.0,0,BLANCA_1991_06
1991168N11265,1991,Eastern Pacific,CARLOS,1991-06-24 06:00:00,15.3,-127.0,105.0,3,CARLOS_1991_06
1991174N13259,1991,Eastern Pacific,DELORES,1991-06-25 18:00:00,17.8,-106.7,75.0,1,DELORES_1991_06
1991180N13267,1991,Eastern Pacific,UNNAMED,1991-06-29 12:00:00,15.4,-95.0,30.0,-1,UNNAMED_1991_06
1991181N26282,1991,North Atlantic,ANA,1991-07-04 06:00:00,37.1,-67.8,45.0,0,ANA_1991_07
1991187N06139,1991,Western Pacific,ZEKE,1991-07-12 18:00:00,18.5,110.8,80.0,1,ZEKE_1991_07
1991187N23264,1991,North Atlantic,UNNAMED,1991-07-06 12:00:00,23.3,-97.0,30.0,-1,UNNAMED_1991_07
1991194N11147,1991,Western Pacific,AMY,1991-07-18 12:00:00,20.6,122.4,125.0,4,AMY_1991_07
1991196N06153,1991,Western Pacific,BRENDAN,1991-07-22 06:00:00,17.5,122.1,70.0,1,BRENDAN_1991_07
1991197N09248,1991,Eastern Pacific,ENRIQUE,1991-07-17 06:00:00,12.6,238.5,65.0,1,ENRIQUE_1991_07
1991200N05157,1991,Western Pacific,CAITLIN,1991-07-27 18:00:00,27.2,126.8,95.0,2,CAITLIN_1991_07
1991210N11253,1991,Eastern Pacific,FEFA,1991-08-02 00:00:00,16.6,-122.7,105.0,3,FEFA_1991_08
1991216N12262,1991,Eastern Pacific,GUILLERMO,1991-08-05 18:00:00,15.6,-104.8,70.0,1,GUILLERMO_1991_08
1991219N25165,1991,Western Pacific,DOUG,1991-08-09 12:00:00,29.6,158.4,35.0,0,DOUG_1991_08
1991220N10133,1991,Western Pacific,FRED,1991-08-16 00:00:00,20.3,110.4,95.0,2,FRED_1991_08
1991220N13258,1991,Eastern Pacific,HILDA,1991-08-11 00:00:00,19.0,-113.5,55.0,0,HILDA_1991_08
1991220N20160,1991,Western Pacific,ELLIE,1991-08-14 18:00:00,26.5,136.7,85.0,2,ELLIE_1991_08
1991223N19162,1991,Western Pacific,UNNAMED,1991-08-12 06:00:00,22.0,157.1,25.0,-1,UNNAMED_1991_08
1991226N18159,1991,Western Pacific,GLADYS,1991-08-21 06:00:00,29.0,130.1,65.0,1,GLADYS_1991_08
1991228N26286,1991,North Atlantic,BOB,1991-08-19 06:00:00,36.5,-74.5,100.0,3,BOB_1991_08
1991233N22147,1991,Western Pacific,UNNAMED,1991-08-25 18:00:00,27.0,138.8,30.0,-1,UNNAMED_1991_08
1991237N15337,1991,North Atlantic,UNNAMED,1991-08-24 18:00:00,14.9,-23.9,30.0,-1,UNNAMED_1991_08
1991239N20133,1991,Western Pacific,HARRY,1991-08-30 06:00:00,31.1,135.4,40.0,0,HARRY_1991_08
1991241N11329,1991,North Atlantic,UNNAMED,1991-08-28 18:00:00,10.7,-32.4,30.0,-1,UNNAMED_1991_08
1991243N05172,1991,Western Pacific,IVY,1991-09-07 06:00:00,26.2,139.0,115.0,4,IVY_1991_09
1991244N19126,1991,Western Pacific,JOEL,1991-09-06 12:00:00,22.6,115.4,55.0,0,JOEL_1991_09
1991248N27304,1991,North Atlantic,CLAUDETTE,1991-09-07 10:00:00,27.0,-61.5,115.0,4,CLAUDETTE_1991_09
1991250N10334,1991,North Atlantic,DANNY,1991-09-09 06:00:00,11.8,-39.6,45.0,0,DANNY_1991_09
1991251N12138,1991,Western Pacific,KINNA,1991-09-13 00:00:00,26.8,127.7,90.0,2,KINNA_1991_09
1991252N24311,1991,North Atlantic,ERIKA,1991-09-10 12:00:00,34.7,-46.1,50.0,0,ERIKA_1991_09
1991253S09080,1992,South Indian,UNNAMED,1991-09-12 06:00:00,-11.3,81.0,45.0,0,UNNAMED_1991_09
1991256N13171,1991,Western Pacific,MIREILLE,1991-09-22 12:00:00,16.3,133.2,130.0,4,MIREILLE_1991_09
1991256N14148,1991,Western Pacific,LUKE,1991-09-17 06:00:00,23.1,131.1,50.0,0,LUKE_1991_09
1991256N17253,1991,Eastern Pacific,UNNAMED,1991-09-13 06:00:00,18.8,-107.2,30.0,-1,UNNAMED_1991_09
1991257N16130,1991,Western Pacific,NAT,1991-09-22 06:00:00,21.8,123.3,110.0,3,NAT_1991_09
1991259N14258,1991,Eastern Pacific,IGNACIO,1991-09-17 12:00:00,17.5,-103.5,55.0,0,IGNACIO_1991_09
1991264N10260,1991,Eastern Pacific,JIMENA,1991-09-23 18:00:00,13.4,-108.9,115.0,4,JIMENA_1991_09
1991268N12264,1991,Eastern Pacific,KEVIN,1991-10-01 00:00:00,17.6,-112.0,125.0,4,KEVIN_1991_10
1991274N08164,1991,Western Pacific,PAT,1991-10-08 06:00:00,18.3,151.1,125.0,4,PAT_1991_10
1991274N14149,1991,Western Pacific,ORCHID,1991-10-07 06:00:00,19.4,131.1,115.0,4,ORCHID_1991_10
1991277N13251,1991,Eastern Pacific,LINDA,1991-10-05 18:00:00,16.7,-108.6,105.0,3,LINDA_1991_10
1991281N12265,1991,Eastern Pacific,MARTY,1991-10-11 12:00:00,17.3,-108.4,70.0,1,MARTY_1991_10
1991285S08064,1992,South Indian,UNNAMED,1991-10-18 00:00:00,-11.1,52.4,35.0,0,UNNAMED_1991_10
1991288N19274,1991,North Atlantic,FABIAN,1991-10-15 18:00:00,21.2,-83.1,40.0,0,FABIAN_1991_10
1991289N06156,1991,Western Pacific,RUTH,1991-10-24 06:00:00,14.8,134.3,145.0,5,RUTH_1991_10
1991298N13318,1991,North Atlantic,UNNAMED,1991-10-24 12:00:00,13.4,-42.3,25.0,-1,UNNAMED_1991_10
1991299N27295,1991,North Atlantic,GRACE,1991-10-29 14:00:00,31.5,-61.8,90.0,2,GRACE_1991_10
1991300N06149,1991,Western Pacific,UNNAMED,1991-10-30 12:00:00,9.3,138.9,25.0,-1,UNNAMED_1991_10
1991301N08173,1991,Western Pacific,SETH,1991-11-03 18:00:00,16.0,145.1,130.0,4,SETH_1991_11
1991302N44301,1991,North Atlantic,UNNAMED,1991-11-01 18:00:00,38.2,-66.5,65.0,1,UNNAMED_1991_11
1991304N08140,1991,Western Pacific,THELMA,1991-11-04 12:00:00,12.1,126.5,45.0,0,THELMA_1991_11
1991307N06177,1991,Western Pacific,VERNE,1991-11-08 18:00:00,16.3,148.7,55.0,0,VERNE_1991_11
1991311N10256,1991,Eastern Pacific,NORA,1991-11-09 18:00:00,13.3,-113.3,90.0,2,NORA_1991_11
1991313N10095,1991,North Indian,UNNAMED,1991-11-14 18:00:00,11.1,80.2,40.0,0,UNNAMED_1991_11
1991317N09141,1991,Western Pacific,WILDA,1991-11-16 00:00:00,12.8,125.2,45.0,0,WILDA_1991_11
1991317S07164,1992,South Pacific,TIA,1991-11-18 06:00:00,-13.3,169.1,95.0,2,TIA_1991_11
1991320N06171,1991,Western Pacific,YURI,1991-11-27 06:00:00,11.6,145.5,150.0,5,YURI_1991_11
1991324S08074,1992,South Indian,UNNAMED,1991-11-23 18:00:00,-14.4,71.7,45.0,0,UNNAMED_1991_11
1991329N04181,1991,Western Pacific,ZELDA,1991-11-30 12:00:00,11.2,159.6,80.0,1,ZELDA_1991_11
1991335S04095,1992,South Indian,GRAHAM,1991-12-06 00:00:00,-11.1,97.7,120.0,4,GRAHAM_1991_12
1991338S08181,1992,South Pacific,VAL,1991-12-08 00:00:00,-13.8,-172.5,125.0,4,VAL_1991_12
1991339S10203,1992,South Pacific,WASA,1991-12-08 00:00:00,-13.2,-159.0,105.0,3,WASA_1991_12
1991348S23218,1992,South Pacific,ARTHUR,1991-12-15 12:00:00,-18.6,-134.7,45.0,0,ARTHUR_1991_12
1991352S08066,1992,South Indian,ALEXANDRA,1991-12-22 12:00:00,-16.6,79.2,105.0,3,ALEXANDRA_1991_12
1991360S13058,1992,South Indian,BRYNA,1992-01-01 06:00:00,-15.0,53.9,45.0,0,BRYNA_1992_01
1992003N03176,1992,Western Pacific,AXEL,1992-01-08 00:00:00,6.0,168.1,70.0,1,AXEL_1992_01
1992005S07172,1992,South Pacific,BETSY,1992-01-09 06:00:00,-16.8,166.9,95.0,2,BETSY_1992_01
1992006S13134,1992,South Pacific,MARK,1992-01-09 18:00:00,-13.4,141.0,55.0,0,MARK_1992_01
1992017S12198,1992,South Pacific,UNNAMED,1992-01-18 06:00:00,-18.8,-154.0,35.0,0,UNNAMED_1992_01
1992027N05206,1992,Eastern Pacific,EKEKA,1992-02-02 00:00:00,9.2,186.3,100.0,3,EKEKA_1992_02
1992036S11212,1992,South Pacific,CLIFF,1992-02-07 00:00:00,-15.0,-139.1,70.0,1,CLIFF_1992_02
1992039S14063,1992,South Indian,CELESTA,1992-02-11 12:00:00,-23.8,68.7,45.0,0,CELESTA_1992_02
1992044S09181,1992,South Pacific,DAMAN,1992-02-17 00:00:00,-19.6,161.5,85.0,2,DAMAN_1992_02
1992044S14128,1992,South Indian,UNNAMED,1992-02-13 00:00:00,-13.9,126.5,25.0,-1,UNNAMED_1992_02
1992048S18067,1992,South Indian,DAVILIA,1992-02-23 06:00:00,-20.8,71.9,35.0,0,DAVILIA_1992_02
1992050S19155,1992,South Pacific,UNNAMED,1992-02-20 06:00:00,-22.3,151.9,35.0,0,UNNAMED_1992_02
1992055S11086,1992,South Indian,FARIDA,1992-02-28 18:00:00,-18.9,75.7,120.0,4,FARIDA_1992_02
1992055S12119,1992,South Indian,IAN,1992-03-01 18:00:00,-17.8,116.7,115.0,4,IAN_1992_03
1992055S13169,1992,South Pacific,ESAU,1992-02-29 06:00:00,-13.8,159.5,130.0,4,ESAU_1992_02
1992056S11102,1992,South Indian,HARRIET:HEATHER,1992-03-01 12:00:00,-15.1,89.4,120.0,4,HARRIET:HEATHER_1992_03
1992058S15060,1992,South Indian,GERDA,1992-02-27 06:00:00,-15.3,61.2,35.0,0,GERDA_1992_02
1992064S10184,1992,South Pacific,FRAN,1992-03-08 18:00:00,-17.3,170.8,140.0,5,FRAN_1992_03
1992074S12185,1992,South Pacific,GENE,1992-03-17 06:00:00,-20.0,-161.9,60.0,0,GENE_1992_03
1992084S10212,1992,South Pacific,HETTIE,1992-03-27 12:00:00,-23.5,-143.8,55.0,0,HETTIE_1992_03
1992088N05188,1992,Eastern Pacific,HALI,1992-03-29 18:00:00,6.0,-174.1,45.0,0,HALI_1992_03
1992096S05101,1992,South Indian,IRNA:JANE,1992-04-14 12:00:00,-14.7,87.3,120.0,4,IRNA:JANE_1992_04
1992096S08132,1992,South Indian,NEVILLE,1992-04-09 00:00:00,-11.4,128.5,120.0,4,NEVILLE_1992_04
1992113N24301,1992,North Atlantic,UNNAMED,1992-04-22 06:00:00,24.9,-61.5,45.0,-2,UNNAMED_1992_04
1992118S11179,1992,South Pacific,INNIS,1992-04-29 18:00:00,-13.4,169.5,65.0,1,INNIS_1992_04
1992136N10090,1992,North Indian,UNNAMED,1992-05-19 00:00:00,18.5,93.6,65.0,1,UNNAMED_1992_05
1992154N11258,1992,Eastern Pacific,AGATHA,1992-06-02 18:00:00,15.0,-102.7,60.0,0,AGATHA_1992_06
1992155N10070,1992,North Indian,UNNAMED,1992-06-06 00:00:00,10.3,63.9,35.0,0,UNNAMED_1992_06
1992167N12088,1992,North Indian,UNNAMED,1992-06-17 18:00:00,20.4,87.0,45.0,0,UNNAMED_1992_06
1992169N14246,1992,Eastern Pacific,UNNAMED,1992-06-16 18:00:00,13.6,-114.0,30.0,-1,UNNAMED_1992_06
1992172N07144,1992,Western Pacific,BOBBIE,1992-06-26 18:00:00,19.1,124.4,120.0,4,BOBBIE_1992_06
1992174N13126,1992,Western Pacific,CHUCK,1992-06-28 00:00:00,18.5,109.9,80.0,1,CHUCK_1992_06
1992175N12269,1992,Eastern Pacific,CELIA,1992-06-27 06:00:00,14.7,-110.7,125.0,4,CELIA_1992_06
1992175N16249,1992,Eastern Pacific,BLAS,1992-06-23 00:00:00,16.5,-112.8,35.0,0,BLAS_1992_06
1992176N06145,1992,Western Pacific,DEANNA,1992-07-02 06:00:00,19.1,127.7,40.0,0,DEANNA_1992_07
1992178N25275,1992,North Atlantic,UNNAMED,1992-06-25 18:00:00,25.7,-85.5,30.0,-1,UNNAMED_1992_06
1992185N13265,1992,Eastern Pacific,DARBY,1992-07-06 06:00:00,19.9,-113.0,105.0,3,DARBY_1992_07
1992188N07156,1992,Western Pacific,ELI,1992-07-11 00:00:00,15.7,122.3,75.0,1,ELI_1992_07
1992191N12252,1992,Eastern Pacific,ESTELLE,1992-07-13 18:00:00,16.8,-122.3,120.0,4,ESTELLE_1992_07
1992194N07140,1992,Western Pacific,FAYE,1992-07-18 00:00:00,22.3,113.7,55.0,0,FAYE_1992_07
1992195N14254,1992,Eastern Pacific,FRANK,1992-07-18 06:00:00,15.9,-120.6,125.0,4,FRANK_1992_07
1992197N11266,1992,Eastern Pacific,GEORGETTE,1992-07-17 18:00:00,14.8,-107.0,95.0,2,GEORGETTE_1992_07
1992198N13135,1992,Western Pacific,GARY,1992-07-22 12:00:00,20.4,111.4,65.0,1,GARY_1992_07
1992206N25161,1992,Western Pacific,HELEN,1992-07-26 06:00:00,26.7,157.9,45.0,0,HELEN_1992_07
1992207N18090,1992,North Indian,UNNAMED,1992-07-26 18:00:00,20.3,86.4,40.0,0,UNNAMED_1992_07
1992207N29298,1992,North Atlantic,UNNAMED,1992-07-25 00:00:00,28.8,-62.7,30.0,-1,UNNAMED_1992_07
1992208N13246,1992,Eastern Pacific,HOWARD,1992-07-28 06:00:00,12.7,-122.2,55.0,0,HOWARD_1992_07
1992210N14254,1992,Eastern Pacific,ISIS,1992-07-30 18:00:00,20.7,-116.2,55.0,0,ISIS_1992_07
1992211N39164,1992,Western Pacific,UNNAMED,1992-07-28 18:00:00,38.5,164.1,25.0,-1,UNNAMED_1992_07
1992212N05154,1992,Western Pacific,JANIS,1992-08-06 00:00:00,21.8,133.2,115.0,4,JANIS_1992_08
1992212N20135,1992,Western Pacific,IRVING,1992-08-04 00:00:00,32.3,133.9,80.0,1,IRVING_1992_08
1992213N12256,1992,Eastern Pacific,JAVIER,1992-08-05 18:00:00,18.4,-128.6,70.0,1,JAVIER_1992_08
1992216N06182,1992,Western Pacific,KENT,1992-08-11 12:00:00,21.2,147.8,130.0,4,KENT_1992_08
1992223N15236,1992,Eastern Pacific,UNNAMED,1992-08-10 06:00:00,15.2,-125.2,30.0,-1,UNNAMED_1992_08
1992227N13130,1992,Western Pacific,LOIS,1992-08-17 18:00:00,19.5,136.0,40.0,0,LOIS_1992_08
1992227N17112,1992,Western Pacific,MARK,1992-08-17 06:00:00,21.8,117.7,50.0,0,MARK_1992_08
1992229N24162,1992,Western Pacific,NINA,1992-08-19 18:00:00,31.4,155.7,45.0,0,NINA_1992_08
1992230N11325,1992,North Atlantic,ANDREW,1992-08-23 18:00:00,25.4,-75.8,150.0,5,ANDREW_1992_08
1992231N19249,1992,Eastern Pacific,KAY,1992-08-19 12:00:00,19.1,-118.4,45.0,0,KAY_1992_08
1992233N07173,1992,Western Pacific,UNNAMED,1992-08-23 18:00:00,7.7,158.8,25.0,-1,UNNAMED_1992_08
1992233N16254,1992,Eastern Pacific,LESTER,1992-08-22 18:00:00,24.0,-114.1,70.0,1,LESTER_1992_08
1992236N07159,1992,Western Pacific,OMAR,1992-08-29 18:00:00,14.7,140.6,130.0,4,OMAR_1992_08
1992237N14144,1992,Western Pacific,POLLY,1992-08-29 06:00:00,22.9,122.9,50.0,0,POLLY_1992_08
1992241N11253,1992,Eastern Pacific,NEWTON,1992-08-29 18:00:00,13.0,-119.8,45.0,0,NEWTON_1992_08
1992241N13237,1992,Eastern Pacific,MADELINE,1992-08-28 18:00:00,14.3,-128.9,45.0,0,MADELINE_1992_08
1992242N13166,1992,Western Pacific,RYAN,1992-09-07 00:00:00,24.9,149.3,115.0,4,RYAN_1992_09
1992247N10258,1992,Eastern Pacific,ORLENE,1992-09-06 00:00:00,14.0,-121.7,125.0,4,ORLENE_1992_09
1992248N19166,1992,Western Pacific,SIBYL,1992-09-11 18:00:00,26.3,158.3,110.0,3,SIBYL_1992_09
1992249N12229,1992,Eastern Pacific,INIKI,1992-09-11 18:00:00,19.5,-160.0,125.0,4,INIKI_1992_09
1992255N19247,1992,Eastern Pacific,PAINE,1992-09-13 18:00:00,17.8,-122.8,65.0,1,PAINE_1992_09
1992258N17249,1992,Eastern Pacific,ROSLYN,1992-09-23 06:00:00,18.9,-134.8,85.0,2,ROSLYN_1992_09
1992259N11159,1992,Western Pacific,TED,1992-09-21 18:00:00,21.1,121.9,65.0,1,TED_1992_09
1992262N10262,1992,Eastern Pacific,TINA,1992-09-30 12:00:00,17.3,-117.7,130.0,4,TINA_1992_09
1992262N17252,1992,Eastern Pacific,SEYMOUR,1992-09-20 12:00:00,22.3,-114.3,75.0,1,SEYMOUR_1992_09
1992262N34301,1992,North Atlantic,BONNIE,1992-09-21 18:00:00,37.5,-52.3,95.0,2,BONNIE_1992_09
1992263N05175,1992,Western Pacific,VAL,1992-09-26 00:00:00,26.0,153.2,55.0,0,VAL_1992_09
1992265N18099,1992,North Indian,UNNAMED,1992-09-22 00:00:00,18.6,93.0,30.0,-1,UNNAMED_1992_09
1992266N30327,1992,North Atlantic,CHARLEY,1992-09-24 18:00:00,36.1,-34.1,95.0,2,CHARLEY_1992_09
1992267N33285,1992,North Atlantic,DANIELLE,1992-09-25 12:00:00,35.9,-75.2,55.0,0,DANIELLE_1992_09
1992268N11193,1992,Western Pacific,WARD,1992-10-02 12:00:00,24.0,163.0,95.0,2,WARD_1992_10
1992269S05087,1993,South Indian,AVIONA,1992-09-28 00:00:00,-9.4,87.4,65.0,1,AVIONA_1992_09
1992270N11325,1992,North Atlantic,UNNAMED,1992-09-25 18:00:00,11.1,-36.2,30.0,-1,UNNAMED_1992_09
1992271N26291,1992,North Atlantic,EARL,1992-10-01 18:00:00,28.4,-70.3,55.0,0,EARL_1992_10
1992273N12077,1992,North Indian,UNNAMED,1992-10-02 06:00:00,17.7,61.7,55.0,0,UNNAMED_1992_10
1992275N14260,1992,Eastern Pacific,VIRGIL,1992-10-03 00:00:00,15.9,-102.6,115.0,4,VIRGIL_1992_10
1992277N16140,1992,Western Pacific,YVETTE,1992-10-13 18:00:00,19.1,129.4,155.0,5,YVETTE_1992_10
1992279N08175,1992,Western Pacific,ZACK,1992-10-13 18:00:00,24.3,153.8,40.0,0,ZACK_1992_10
1992279N10097,1992,North Indian,UNNAMED,1992-10-08 06:00:00,14.3,83.7,45.0,0,UNNAMED_1992_10
1992281N11263,1992,Eastern Pacific,WINIFRED,1992-10-09 12:00:00,17.5,-104.3,100.0,3,WINIFRED_1992_10
1992286N12115,1992,Western Pacific,ANGELA,1992-10-19 06:00:00,11.9,114.0,90.0,2,ANGELA_1992_10
1992288N10089,1992,North Indian,UNNAMED,1992-10-21 06:00:00,20.2,90.8,30.0,-1,UNNAMED_1992_10
1992288N10253,1992,Eastern Pacific,XAVIER,1992-10-14 00:00:00,10.2,-107.6,40.0,0,XAVIER_1992_10
1992289N08135,1992,Western Pacific,COLLEEN,1992-10-20 06:00:00,14.5,130.2,80.0,1,COLLEEN_1992_10
1992289N09171,1992,Western Pacific,BRIAN,1992-10-22 18:00:00,19.0,140.4,95.0,2,BRIAN_1992_10
1992290N11253,1992,Eastern Pacific,YOLANDA,1992-10-18 18:00:00,15.7,-129.2,55.0,0,YOLANDA_1992_10
1992292S09083,1993,South Indian,BABIE,1992-10-20 00:00:00,-11.8,81.2,45.0,0,BABIE_1992_10
1992297N26299,1992,North Atlantic,FRANCES,1992-10-24 12:00:00,30.6,-58.8,75.0,1,FRANCES_1992_10
1992298N10188,1992,Western Pacific,DAN,1992-10-28 00:00:00,18.6,167.1,110.0,3,DAN_1992_10
1992300N13249,1992,Eastern Pacific,ZEKE,1992-10-29 18:00:00,19.3,-114.9,45.0,0,ZEKE_1992_10
1992302N06150,1992,Western Pacific,ELSIE,1992-11-05 06:00:00,17.9,135.1,145.0,5,ELSIE_1992_11
1992304N18178,1992,Western Pacific,UNNAMED,1992-10-31 12:00:00,18.8,171.9,25.0,-1,UNNAMED_1992_10
1992306N12093,1992,North Indian,UNNAMED,1992-11-05 12:00:00,16.3,86.0,55.0,0,UNNAMED_1992_11
1992311N06107,1992,North Indian,UNNAMED,1992-11-13 06:00:00,7.9,78.3,70.0,1,UNNAMED_1992_11
1992314N08141,1992,North Indian,FORREST,1992-11-20 00:00:00,18.5,89.0,125.0,4,FORREST_1992_11
1992318N06182,1992,Western Pacific,GAY,1992-11-21 00:00:00,11.3,156.0,160.0,5,GAY_1992_11
1992318N11160,1992,Western Pacific,HUNT,1992-11-20 00:00:00,18.9,139.4,125.0,4,HUNT_1992_11
1992327N11206,1992,Eastern Pacific,UNNAMED,1992-11-22 00:00:00,10.7,-154.1,30.0,-1,UNNAMED_1992_11
1992331S11082,1993,South Indian,UNNAMED,1992-12-07 18:00:00,-8.6,49.0,35.0,0,UNNAMED_1992_12
1992335N03077,1992,North Indian,UNNAMED,1992-12-02 00:00:00,5.3,76.8,50.0,0,UNNAMED_1992_12
1992338S04173,1993,South Pacific,JONI,1992-12-10 00:00:00,-16.8,176.7,110.0,3,JONI_1992_12
1992352S11100,1993,South Indian,KEN,1992-12-19 18:00:00,-13.2,95.3,45.0,0,KEN_1992_12
1992354N03075,1992,North Indian,UNNAMED,1992-12-23 12:00:00,7.6,53.3,50.0,0,UNNAMED_1992_12
1992357S13143,1993,South Pacific,NINA,1993-01-01 12:00:00,-11.6,160.5,75.0,1,NINA_1993_01
1992358S07161,1993,South Pacific,KINA,1992-12-29 06:00:00,-14.2,172.6,120.0,4,KINA_1992_12
1993002S17196,1993,South Pacific,UNNAMED,1993-01-02 12:00:00,-19.9,-156.7,45.0,0,UNNAMED_1993_01
1993011S12214,1993,South Pacific,UNNAMED,1993-01-11 12:00:00,-12.2,-148.5,30.0,-1,UNNAMED_1993_01
1993012S09074,1993,South Indian,COLINA,1993-01-19 12:00:00,-20.1,55.2,95.0,2,COLINA_1993_01
1993016S06091,1993,South Indian,EDWINA,1993-01-24 12:00:00,-14.8,69.6,110.0,3,EDWINA_1993_01
1993016S16042,1993,South Indian,DESSILIA,1993-01-19 12:00:00,-19.5,41.3,35.0,0,DESSILIA_1993_01
1993023S14120,1993,South Indian,LENA,1993-01-26 00:00:00,-16.2,118.1,55.0,0,LENA_1993_01
1993025S12136,1993,South Pacific,UNNAMED,1993-01-26 18:00:00,-14.2,135.7,35.0,0,UNNAMED_1993_01
1993029S11178,1993,South Pacific,LIN,1993-02-02 00:00:00,-19.2,192.0,90.0,2,LIN_1993_02
1993034S12151,1993,South Pacific,OLIVER,1993-02-07 18:00:00,-17.4,151.9,115.0,4,OLIVER_1993_02
1993034S14191,1993,South Pacific,MICK,1993-02-07 06:00:00,-19.3,182.9,45.0,0,MICK_1993_02
1993041S16052,1993,South Indian,FINELLA,1993-02-14 06:00:00,-26.2,54.8,75.0,1,FINELLA_1993_02
1993043S11193,1993,South Pacific,NISHA,1993-02-14 06:00:00,-20.8,-158.7,65.0,1,NISHA_1993_02
1993045S13170,1993,South Pacific,OLI,1993-02-17 00:00:00,-19.5,178.3,50.0,0,OLI_1993_02
1993053S12161,1993,South Pacific,POLLY,1993-02-28 06:00:00,-19.1,160.1,100.0,3,POLLY_1993_02
1993059N05136,1993,Western Pacific,UNNAMED,1993-02-28 18:00:00,8.2,129.6,25.0,-1,UNNAMED_1993_02
1993064N03174,1993,Western Pacific,IRMA,1993-03-13 18:00:00,10.0,155.7,55.0,0,IRMA_1993_03
1993069S08164,1993,South Pacific,ROGER,1993-03-15 00:00:00,-18.7,155.8,55.0,0,ROGER_1993_03
1993083S12181,1993,South Pacific,PREMA,1993-03-29 06:00:00,-16.4,168.8,125.0,4,PREMA_1993_03
1993091S13092,1993,South Indian,JOURDANNE,1993-04-06 00:00:00,-18.2,76.0,125.0,4,JOURDANNE_1993_04
1993096N08148,1993,Western Pacific,UNNAMED,1993-04-11 06:00:00,6.7,133.0,25.0,-1,UNNAMED_1993_04
1993096S11101,1993,South Indian,MONTY,1993-04-11 00:00:00,-16.8,105.7,50.0,0,MONTY_1993_04
1993105N06165,1993,Western Pacific,UNNAMED,1993-04-22 12:00:00,6.6,145.7,30.0,-1,UNNAMED_1993_04
1993120S10075,1993,South Indian,KONITA,1993-05-05 06:00:00,-11.1,68.4,90.0,2,KONITA_1993_05
1993131S04158,1993,South Pacific,ADEL,1993-05-14 00:00:00,-8.5,152.8,45.0,0,ADEL_1993_05
1993134N04160,1993,Western Pacific,JACK,1993-05-20 00:00:00,12.5,155.2,35.0,0,JACK_1993_05
1993152N22276,1993,North Atlantic,UNNAMED,1993-06-02 12:00:00,28.4,-69.9,35.0,-4,UNNAMED_1993_06
1993162N10245,1993,Eastern Pacific,ADRIAN,1993-06-16 00:00:00,13.0,-119.6,75.0,1,ADRIAN_1993_06
1993164N04160,1993,Western Pacific,KORYN,1993-06-24 06:00:00,13.6,129.8,130.0,4,KORYN_1993_06
1993166N06131,1993,Western Pacific,UNNAMED,1993-06-18 06:00:00,11.2,127.7,30.0,-1,UNNAMED_1993_06
1993169N13265,1993,Eastern Pacific,BEATRIZ,1993-06-19 18:00:00,15.9,-97.8,55.0,0,BEATRIZ_1993_06
1993169N21268,1993,North Atlantic,ARLENE,1993-06-19 12:00:00,25.9,-95.9,35.0,0,ARLENE_1993_06
1993178N14265,1993,Eastern Pacific,UNNAMED,1993-06-27 12:00:00,14.6,-96.1,30.0,-1,UNNAMED_1993_06
1993185N09137,1993,Western Pacific,LEWIS,1993-07-10 06:00:00,18.1,111.9,85.0,2,LEWIS_1993_07
1993186N13262,1993,Eastern Pacific,CALVIN,1993-07-07 12:00:00,18.2,-104.1,95.0,2,CALVIN_1993_07
1993193N08144,1993,Western Pacific,MARIAN,1993-07-14 18:00:00,12.5,130.7,45.0,0,MARIAN_1993_07
1993196N11241,1993,Eastern Pacific,DORA,1993-07-16 18:00:00,13.8,-128.0,115.0,4,DORA_1993_07
1993197N11247,1993,Eastern Pacific,EUGENE,1993-07-19 12:00:00,14.9,-122.3,110.0,3,EUGENE_1993_07
1993199N10156,1993,Western Pacific,NATHAN,1993-07-24 06:00:00,29.6,137.7,70.0,1,NATHAN_1993_07
1993205N15137,1993,Western Pacific,OFELIA,1993-07-26 00:00:00,24.8,134.2,45.0,0,OFELIA_1993_07
1993207N19130,1993,Western Pacific,PERCY,1993-07-29 12:00:00,31.7,129.5,65.0,1,PERCY_1993_07
1993211N07161,1993,Western Pacific,ROBYN,1993-08-07 12:00:00,20.9,131.9,120.0,4,ROBYN_1993_08
1993215N08154,1993,Western Pacific,STEVE,1993-08-10 06:00:00,16.8,137.8,65.0,1,STEVE_1993_08
1993217N10320,1993,North Atlantic,BRET,1993-08-06 06:00:00,10.1,-52.9,50.0,0,BRET_1993_08
1993221N12216,1993,Eastern Pacific,KEONI,1993-08-16 12:00:00,14.8,189.4,115.0,4,KEONI_1993_08
1993221N13256,1993,Eastern Pacific,FERNANDA,1993-08-12 00:00:00,14.8,-123.9,125.0,4,FERNANDA_1993_08
1993223N07185,1993,Western Pacific,UNNAMED,1993-08-13 00:00:00,6.9,176.8,25.0,-1,UNNAMED_1993_08
1993224N07153,1993,Western Pacific,TASHA,1993-08-20 06:00:00,20.5,113.3,80.0,1,TASHA_1993_08
1993227N14301,1993,North Atlantic,CINDY,1993-08-16 12:00:00,17.3,-69.3,40.0,0,CINDY_1993_08
1993227N15258,1993,Eastern Pacific,GREG,1993-08-19 12:00:00,18.2,-115.8,115.0,4,GREG_1993_08
1993229N10159,1993,Western Pacific,VERNON,1993-08-24 18:00:00,26.0,147.5,80.0,1,VERNON_1993_08
1993229N13265,1993,Eastern Pacific,HILARY,1993-08-21 12:00:00,18.6,-107.9,105.0,3,HILARY_1993_08
1993231N09134,1993,Western Pacific,WINONA,1993-08-24 06:00:00,14.2,117.0,45.0,0,WINONA_1993_08
1993233N13260,1993,Eastern Pacific,IRWIN,1993-08-22 00:00:00,16.7,-102.9,60.0,0,IRWIN_1993_08
1993235N20307,1993,North Atlantic,EMILY,1993-08-31 18:00:00,34.5,-75.2,100.0,3,EMILY_1993_08
1993236N14329,1993,North Atlantic,DENNIS,1993-08-25 00:00:00,16.4,-35.8,45.0,0,DENNIS_1993_08
1993240N17142,1993,Western Pacific,YANCY,1993-09-02 06:00:00,26.0,126.3,130.0,4,YANCY_1993_09
1993241N14264,1993,Eastern Pacific,JOVA,1993-09-01 06:00:00,17.5,-105.9,115.0,4,JOVA_1993_09
1993246N16129,1993,Western Pacific,ZOLA,1993-09-08 18:00:00,32.8,134.3,55.0,0,ZOLA_1993_09
1993249N12253,1993,Eastern Pacific,KENNETH,1993-09-11 06:00:00,17.2,-119.6,130.0,4,KENNETH_1993_09
1993250N17119,1993,Western Pacific,ABE,1993-09-13 06:00:00,22.1,117.9,110.0,3,ABE_1993_09
1993251N25293,1993,North Atlantic,FLOYD,1993-09-12 12:00:00,48.0,-7.5,70.0,-4,FLOYD_1993_09
1993252N11265,1993,Eastern Pacific,LIDIA,1993-09-11 06:00:00,16.7,-105.4,130.0,4,LIDIA_1993_09
1993253N06150,1993,Western Pacific,BECKY,1993-09-16 18:00:00,20.9,115.1,65.0,1,BECKY_1993_09
1993258N11279,1993,North Atlantic,GERT,1993-09-20 18:00:00,21.3,-97.0,85.0,2,GERT_1993_09
1993261N11131,1993,Western Pacific,DOT,1993-09-26 00:00:00,21.1,112.4,80.0,1,DOT_1993_09
1993262N27298,1993,North Atlantic,HARVEY,1993-09-20 18:00:00,35.6,-55.2,65.0,1,HARVEY_1993_09
1993263N11168,1993,Western Pacific,CECIL,1993-09-25 18:00:00,22.9,144.7,100.0,3,CECIL_1993_09
1993270N07153,1993,Western Pacific,ED,1993-10-04 12:00:00,19.8,132.7,140.0,5,ED_1993_10
1993271N14134,1993,Western Pacific,FLO,1993-10-04 00:00:00,16.6,122.8,70.0,1,FLO_1993_10
1993273N11245,1993,Eastern Pacific,MAX,1993-10-02 00:00:00,11.0,-116.7,40.0,0,MAX_1993_10
1993273N30297,1993,North Atlantic,UNNAMED,1993-09-29 18:00:00,30.0,-63.2,30.0,-1,UNNAMED_1993_09
1993275N04159,1993,Western Pacific,GENE,1993-10-08 18:00:00,16.9,134.5,35.0,0,GENE_1993_10
1993276N13249,1993,Eastern Pacific,NORMA,1993-10-04 00:00:00,17.5,-114.4,45.0,0,NORMA_1993_10
1993279N12114,1993,Western Pacific,UNNAMED,1993-10-07 06:00:00,14.2,119.5,25.0,-1,UNNAMED_1993_10
1993285N12192,1993,Western Pacific,HATTIE,1993-10-23 12:00:00,24.6,153.8,50.0,0,HATTIE_1993_10
1993285N16239,1993,Eastern Pacific,UNNAMED,1993-10-12 00:00:00,16.5,-121.7,30.0,-1,UNNAMED_1993_10
1993298N11154,1993,Western Pacific,IRA,1993-10-31 12:00:00,15.6,125.0,120.0,4,IRA_1993_10
1993306N10168,1993,Western Pacific,JEANA,1993-11-10 06:00:00,20.3,135.8,50.0,0,JEANA_1993_11
1993309N06072,1993,North Indian,UNNAMED,1993-11-13 00:00:00,16.0,64.3,45.0,0,UNNAMED_1993_11
1993312S06080,1994,South Indian,ALEXINA,1993-11-10 18:00:00,-11.3,79.7,60.0,0,ALEXINA_1993_11
1993316N09177,1993,Western Pacific,UNNAMED,1993-11-18 06:00:00,14.5,161.4,25.0,-1,UNNAMED_1993_11
1993316N11070,1993,North Indian,UNNAMED,1993-11-14 12:00:00,20.6,64.4,80.0,1,UNNAMED_1993_11
1993317N08149,1993,Western Pacific,UNNAMED,1993-11-18 00:00:00,7.7,129.7,25.0,-1,UNNAMED_1993_11
1993322N09137,1993,Western Pacific,KYLE,1993-11-23 06:00:00,12.9,110.5,95.0,2,KYLE_1993_11
1993327S07093,1994,South Indian,BETTINA,1993-11-27 18:00:00,-15.9,77.4,55.0,0,BETTINA_1993_11
1993331N05172,1993,Western Pacific,LOLA,1993-12-08 12:00:00,11.4,110.5,105.0,3,LOLA_1993_12
1993331N07108,1993,North Indian,UNNAMED,1993-12-03 18:00:00,10.2,81.3,75.0,1,UNNAMED_1993_12
1993336N05164,1993,Western Pacific,MANNY,1993-12-09 12:00:00,13.4,126.4,120.0,4,MANNY_1993_12
1993345S08083,1994,South Indian,CECILIA,1993-12-18 00:00:00,-17.2,60.2,85.0,2,CECILIA_1993_12
1993348S13120,1994,South Indian,NAOMI,1993-12-17 00:00:00,-18.5,121.4,55.0,0,NAOMI_1993_12
1993353N05159,1993,Western Pacific,NELL,1993-12-26 00:00:00,9.2,126.8,70.0,1,NELL_1993_12
1993360S04171,1994,South Pacific,REWA,1994-01-02 18:00:00,-17.8,154.1,125.0,4,REWA_1994_01
1993362S12130,1994,South Indian,OSCAR,1994-01-01 12:00:00,-14.0,123.4,40.0,0,OSCAR_1994_01
1994001N05156,1994,Western Pacific,UNNAMED,1994-01-02 06:00:00,6.6,148.2,25.0,-1,UNNAMED_1994_01
1994006S18182,1994,South Pacific,UNNAMED,1994-01-06 18:00:00,-18.5,-177.5,30.0,-1,UNNAMED_1994_01
1994007S16056,1994,South Indian,DAISY,1994-01-13 12:00:00,-19.2,49.4,95.0,2,DAISY_1994_01
1994010S17124,1994,South Indian,FARAH:PEARL,1994-01-17 12:00:00,-16.4,93.2,95.0,2,FARAH:PEARL_1994_01
1994012S09075,1994,South Indian,EDMEA,1994-01-14 18:00:00,-13.5,68.3,50.0,0,EDMEA_1994_01
1994019S17174,1994,South Pacific,SARAH,1994-01-23 18:00:00,-14.3,161.7,100.0,3,SARAH_1994_01
1994022S12113,1994,South Indian,QUENTON,1994-01-26 18:00:00,-17.0,104.5,75.0,1,QUENTON_1994_01
1994026S11078,1994,South Indian,GERALDA,1994-01-31 06:00:00,-14.5,57.3,145.0,5,GERALDA_1994_01
1994028S11136,1994,South Pacific,SADIE,1994-01-30 12:00:00,-15.3,140.8,35.0,0,SADIE_1994_01
1994036S09075,1994,South Indian,HOLLANDA,1994-02-11 00:00:00,-20.6,56.7,105.0,3,HOLLANDA_1994_02
1994037S12095,1994,South Indian,IVY,1994-02-17 06:00:00,-23.8,62.4,100.0,3,IVY_1994_02
1994047S16124,1994,South Indian,UNNAMED,1994-02-19 12:00:00,-18.1,121.6,35.0,0,UNNAMED_1994_02
1994053S08155,1994,South Pacific,THEODORE,1994-02-26 00:00:00,-15.6,159.3,115.0,4,THEODORE_1994_02
1994064S13099,1994,South Indian,LITANNE,1994-03-13 18:00:00,-17.9,56.2,130.0,4,LITANNE_1994_03
1994064S15052,1994,South Indian,KELVINA,1994-03-08 06:00:00,-20.9,52.4,50.0,0,KELVINA_1994_03
1994067S14109,1994,South Indian,MARIOLA,1994-03-12 12:00:00,-15.2,82.7,90.0,2,MARIOLA_1994_03
1994071S10119,1994,South Indian,SHARON,1994-03-16 00:00:00,-17.3,112.5,110.0,3,SHARON_1994_03
1994076S14078,1994,South Indian,NADIA,1994-03-22 00:00:00,-12.9,55.4,120.0,4,NADIA_1994_03
1994078N06096,1994,North Indian,UNNAMED,1994-03-23 06:00:00,13.3,90.3,40.0,0,UNNAMED_1994_03
1994078S06184,1994,South Pacific,THOMAS:TOMAS,1994-03-25 00:00:00,-20.6,174.0,105.0,3,THOMAS:TOMAS_1994_03
1994081S11154,1994,South Pacific,USHA,1994-03-26 12:00:00,-17.2,168.9,55.0,0,USHA_1994_03
1994086S08092,1994,South Indian,ODILLE,1994-04-11 06:00:00,-15.9,60.0,105.0,3,ODILLE_1994_04
1994087S10115,1994,South Indian,TIM,1994-03-31 00:00:00,-11.4,108.4,40.0,0,TIM_1994_03
1994088N09148,1994,Western Pacific,OWEN,1994-04-03 18:00:00,10.3,126.4,75.0,1,OWEN_1994_04
1994095S08129,1994,South Indian,VIVIENNE,1994-04-09 00:00:00,-14.4,118.7,70.0,1,VIVIENNE_1994_04
1994110S08160,1994,South Pacific,UNNAMED,1994-04-24 00:00:00,-14.6,160.3,30.0,-1,UNNAMED_1994_04
1994116S05095,1994,South Indian,WILLY,1994-04-29 12:00:00,-11.5,96.0,40.0,0,WILLY_1994_04
1994117N07096,1994,North Indian,UNNAMED,1994-05-02 06:00:00,19.6,91.6,125.0,4,UNNAMED_1994_05
1994128N04155,1994,Western Pacific,PAGE,1994-05-15 06:00:00,20.3,137.4,90.0,2,PAGE_1994_05
1994134N05161,1994,Western Pacific,UNNAMED,1994-05-24 12:00:00,11.9,123.4,30.0,-1,UNNAMED_1994_05
1994153N19113,1994,Western Pacific,RUSS,1994-06-06 06:00:00,19.6,115.4,55.0,0,RUSS_1994_06
1994157N17074,1994,North Indian,UNNAMED,1994-06-07 18:00:00,19.2,63.0,45.0,0,UNNAMED_1994_06
1994169N06152,1994,Western Pacific,SHARON,1994-06-23 18:00:00,17.3,116.3,45.0,0,SHARON_1994_06
1994169N13240,1994,Eastern Pacific,ALETTA,1994-06-20 00:00:00,13.8,-124.2,45.0,0,ALETTA_1994_06
1994178N16248,1994,Eastern Pacific,BUD,1994-06-28 00:00:00,16.0,-114.5,40.0,0,BUD_1994_06
1994180N12255,1994,Eastern Pacific,CARLOTTA,1994-06-30 12:00:00,16.6,-112.9,90.0,2,CARLOTTA_1994_06
1994181N17137,1994,Western Pacific,UNNAMED,1994-07-03 12:00:00,19.7,113.1,30.0,-1,UNNAMED_1994_07
1994181N22276,1994,North Atlantic,ALBERTO,1994-07-03 12:00:00,29.9,-86.7,55.0,0,ALBERTO_1994_07
1994186N09139,1994,Western Pacific,TIM,1994-07-10 06:00:00,21.9,122.5,125.0,4,TIM_1994_07
1994189N16117,1994,Western Pacific,VANESSA,1994-07-10 06:00:00,15.6,117.8,45.0,0,VANESSA_1994_07
1994190N13239,1994,Eastern Pacific,DANIEL,1994-07-09 18:00:00,11.5,-127.8,55.0,0,DANIEL_1994_07
1994191N08141,1994,Western Pacific,ZEKE,1994-07-22 06:00:00,28.7,154.7,65.0,1,ZEKE_1994_07
1994192N05139,1994,Western Pacific,WALT,1994-07-19 06:00:00,21.7,133.1,130.0,4,WALT_1994_07
1994197N09229,1994,Eastern Pacific,EMILIA,1994-07-19 18:00:00,11.7,-149.6,140.0,5,EMILIA_1994_07
1994197N14115,1994,Western Pacific,YUNYA,1994-07-18 18:00:00,17.4,119.9,45.0,0,YUNYA_1994_07
1994200N13235,1994,Eastern Pacific,FABIO,1994-07-19 18:00:00,14.1,-127.9,40.0,0,FABIO_1994_07
1994201N32281,1994,North Atlantic,UNNAMED,1994-07-20 12:00:00,33.0,-79.1,30.0,-1,UNNAMED_1994_07
1994202N11238,1994,Eastern Pacific,GILMA,1994-07-24 18:00:00,12.1,-143.3,140.0,5,GILMA_1994_07
1994205N13148,1994,Western Pacific,UNNAMED,1994-07-25 06:00:00,15.5,146.4,25.0,-1,UNNAMED_1994_07
1994206N14131,1994,Western Pacific,BRENDAN,1994-07-31 12:00:00,31.7,125.5,50.0,0,BRENDAN_1994_07
1994206N22107,1994,Western Pacific,AMY,1994-07-30 00:00:00,19.0,107.8,40.0,0,AMY_1994_07
1994210N16144,1994,Western Pacific,CAITLIN,1994-08-03 06:00:00,22.6,122.0,60.0,0,CAITLIN_1994_08
1994211N12152,1994,Western Pacific,DOUG,1994-08-05 18:00:00,16.9,128.5,140.0,5,DOUG_1994_08
1994212N11240,1994,Eastern Pacific,LI,1994-08-12 12:00:00,12.6,181.2,65.0,1,LI_1994_08
1994215N30149,1994,Western Pacific,ELLIE,1994-08-12 12:00:00,28.8,132.9,80.0,1,ELLIE_1994_08
1994219N19252,1994,Eastern Pacific,HECTOR,1994-08-08 12:00:00,21.9,-111.7,55.0,0,HECTOR_1994_08
1994221N15215,1994,Eastern Pacific,UNNAMED,1994-08-09 12:00:00,15.6,-145.8,30.0,-1,UNNAMED_1994_08
1994222N11267,1994,Eastern Pacific,JOHN,1994-08-23 06:00:00,14.2,204.9,150.0,5,JOHN_1994_08
1994223N15253,1994,Eastern Pacific,ILEANA,1994-08-12 18:00:00,21.0,-111.2,65.0,1,ILEANA_1994_08
1994224N16240,1994,Eastern Pacific,UNNAMED,1994-08-12 00:00:00,16.3,-119.6,30.0,-1,UNNAMED_1994_08
1994224N20152,1994,Western Pacific,FRED,1994-08-19 12:00:00,22.2,126.0,130.0,4,FRED_1994_08
1994227N29273,1994,North Atlantic,BERYL,1994-08-16 00:00:00,30.0,-85.6,50.0,0,BERYL_1994_08
1994229N11321,1994,North Atlantic,CHRIS,1994-08-19 00:00:00,17.0,-50.6,70.0,1,CHRIS_1994_08
1994231N12157,1994,Western Pacific,GLADYS,1994-09-01 00:00:00,24.1,122.4,105.0,3,GLADYS_1994_09
1994232N10144,1994,Western Pacific,HARRY,1994-08-27 06:00:00,20.3,111.5,60.0,0,HARRY_1994_08
1994237N24167,1994,Western Pacific,IVY,1994-08-31 00:00:00,28.2,159.0,75.0,1,IVY_1994_08
1994241N14236,1994,Eastern Pacific,KRISTY,1994-09-01 00:00:00,16.5,-144.1,90.0,2,KRISTY_1994_09
1994242N12112,1994,Western Pacific,JOEL,1994-09-06 12:00:00,19.2,108.5,45.0,0,JOEL_1994_09
1994242N20267,1994,North Atlantic,UNNAMED,1994-08-29 12:00:00,20.5,-93.0,30.0,-1,UNNAMED_1994_08
1994244N07151,1994,Western Pacific,KINNA,1994-09-10 06:00:00,30.5,139.2,85.0,2,KINNA_1994_09
1994247N18251,1994,Eastern Pacific,LANE,1994-09-06 18:00:00,18.4,-123.9,115.0,4,LANE_1994_09
1994249N11200,1994,Eastern Pacific,MELE,1994-09-07 00:00:00,11.6,-165.0,35.0,0,MELE_1994_09
1994249N12136,1994,Western Pacific,UNNAMED,1994-09-08 00:00:00,13.4,130.3,30.0,-1,UNNAMED_1994_09
1994249N21220,1994,Eastern Pacific,LANE,1994-09-06 00:00:00,21.4,-140.0,25.0,-1,LANE_1994_09
1994250N14133,1994,Western Pacific,LUKE,1994-09-12 06:00:00,19.4,112.2,50.0,0,LUKE_1994_09
1994251N10180,1994,Western Pacific,MELISSA,1994-09-15 12:00:00,20.2,159.6,135.0,4,MELISSA_1994_09
1994253N13303,1994,North Atlantic,DEBBY,1994-09-10 06:00:00,14.1,-61.6,60.0,0,DEBBY_1994_09
1994257N13139,1994,Western Pacific,NAT,1994-09-17 00:00:00,15.8,152.1,45.0,0,NAT_1994_09
1994259N12128,1994,Western Pacific,ORCHID,1994-09-25 00:00:00,20.2,136.7,135.0,4,ORCHID_1994_09
1994259N13244,1994,Eastern Pacific,MIRIAM,1994-09-18 06:00:00,16.3,-126.1,40.0,0,MIRIAM_1994_09
1994262N16249,1994,Eastern Pacific,NORMAN,1994-09-20 00:00:00,18.1,-114.7,35.0,0,NORMAN_1994_09
1994263N17170,1994,Western Pacific,PAT,1994-09-23 06:00:00,22.1,162.7,95.0,2,PAT_1994_09
1994265N10330,1994,North Atlantic,ERNESTO,1994-09-23 00:00:00,13.1,-30.4,50.0,0,ERNESTO_1994_09
1994265N13251,1994,Eastern Pacific,OLIVIA,1994-09-25 12:00:00,17.8,-119.8,130.0,4,OLIVIA_1994_09
1994265N16149,1994,Western Pacific,PAT:RUTH,1994-09-26 12:00:00,31.7,149.2,50.0,0,PAT:RUTH_1994_09
1994268N15232,1994,Eastern Pacific,PAUL,1994-09-27 00:00:00,15.6,-128.3,40.0,0,PAUL_1994_09
1994268N16276,1994,North Atlantic,UNNAMED,1994-09-24 18:00:00,16.3,-85.1,30.0,-1,UNNAMED_1994_09
1994271N14339,1994,North Atlantic,UNNAMED,1994-09-27 12:00:00,13.8,-20.8,30.0,-1,UNNAMED_1994_09
1994271N25169,1994,Western Pacific,UNNAMED,1994-09-30 06:00:00,29.7,159.0,30.0,-1,UNNAMED_1994_09
1994272N20274,1994,North Atlantic,UNNAMED,1994-09-29 18:00:00,22.0,-85.0,30.0,-1,UNNAMED_1994_09
1994273N08176,1994,Western Pacific,SETH,1994-10-07 12:00:00,17.6,127.4,120.0,4,SETH_1994_10
1994282N17247,1994,Eastern Pacific,ROSA,1994-10-14 00:00:00,19.8,-107.5,90.0,2,ROSA_1994_10
1994287N08176,1994,Western Pacific,VERNE,1994-10-23 18:00:00,18.2,130.0,115.0,4,VERNE_1994_10
1994287N14156,1994,Western Pacific,TERESA,1994-10-20 06:00:00,15.5,124.4,80.0,1,TERESA_1994_10
1994291N12170,1994,Western Pacific,WILDA,1994-10-23 18:00:00,16.6,149.8,125.0,4,WILDA_1994_10
1994294N13203,1994,Eastern Pacific,NONA,1994-10-25 12:00:00,12.0,-168.4,35.0,0,NONA_1994_10
1994295N25188,1994,Western Pacific,YURI,1994-10-23 18:00:00,24.1,168.5,35.0,0,YURI_1994_10
1994298N25161,1994,Western Pacific,ZELDA,1994-11-04 06:00:00,18.3,141.4,135.0,4,ZELDA_1994_11
1994302N11086,1994,North Indian,UNNAMED,1994-10-31 00:00:00,12.9,80.2,45.0,0,UNNAMED_1994_10
1994306N23313,1994,North Atlantic,FLORENCE,1994-11-08 00:00:00,37.0,-49.9,95.0,2,FLORENCE_1994_11
1994313N12278,1994,North Atlantic,GORDON,1994-11-18 00:00:00,33.1,-74.2,75.0,1,GORDON_1994_11
1994315S07168,1995,South Pacific,VANIA,1994-11-15 12:00:00,-17.3,168.2,60.0,0,VANIA_1994_11
1994317N07070,1994,North Indian,UNNAMED,1994-11-19 00:00:00,8.0,54.4,55.0,0,UNNAMED_1994_11
1994325S06076,1995,South Indian,ALBERTINE,1994-11-27 06:00:00,-11.0,71.5,115.0,4,ALBERTINE_1994_11
1994344S09112,1995,South Indian,ANNETTE,1994-12-18 00:00:00,-18.2,120.2,110.0,3,ANNETTE_1994_12
1994345N06165,1994,Western Pacific,AXEL,1994-12-20 12:00:00,11.2,128.6,115.0,4,AXEL_1994_12
1994347S09167,1995,South Pacific,UNNAMED,1994-12-15 12:00:00,-15.5,179.7,35.0,0,UNNAMED_1994_12
1994348N04175,1994,Western Pacific,BOBBIE,1994-12-21 12:00:00,13.3,154.4,50.0,0,BOBBIE_1994_12
1994362S11054,1995,South Indian,CHRISTELLE,1995-01-07 00:00:00,-16.7,57.8,40.0,0,CHRISTELLE_1995_01
1994364S11195,1995,South Pacific,WILLIAM,1995-01-02 06:00:00,-19.3,-159.2,65.0,1,WILLIAM_1995_01
1994365S06063,1995,South Indian,BENTHA,1995-01-05 06:00:00,-17.8,58.6,55.0,0,BENTHA_1995_01
1995005N04189,1995,Western Pacific,UNNAMED,1995-01-07 18:00:00,7.4,177.6,30.0,-1,UNNAMED_1995_01
1995017S10078,1995,South Indian,DORINA,1995-01-22 00:00:00,-17.5,76.6,100.0,3,DORINA_1995_01
1995020S20038,1995,South Indian,FODAH,1995-01-24 06:00:00,-22.2,40.9,45.0,0,FODAH_1995_01
1995032S10074,1995,South Indian,GAIL,1995-02-07 12:00:00,-16.2,67.9,75.0,1,GAIL_1995_02
1995032S10095,1995,South Indian,HEIDA,1995-02-06 00:00:00,-18.5,83.3,40.0,0,HEIDA_1995_02
1995049S11133,1995,South Indian,BOBBY,1995-02-24 12:00:00,-21.3,115.5,110.0,3,BOBBY_1995_02
1995053S14065,1995,South Indian,INGRID,1995-02-28 00:00:00,-24.6,59.7,100.0,3,INGRID_1995_02
1995059S11155,1995,South Pacific,VIOLET,1995-03-05 12:00:00,-22.3,158.2,75.0,1,VIOLET_1995_03
1995063S13141,1995,South Pacific,WARREN,1995-03-05 12:00:00,-16.3,139.3,55.0,0,WARREN_1995_03
1995064S13042,1995,South Indian,JOSTA,1995-03-09 18:00:00,-13.9,43.0,65.0,1,JOSTA_1995_03
1995064S13055,1995,South Indian,KYLIE,1995-03-12 00:00:00,-15.7,57.1,85.0,2,KYLIE_1995_03
1995074S17175,1995,South Pacific,UNNAMED,1995-03-16 12:00:00,-22.9,181.0,30.0,-1,UNNAMED_1995_03
1995088S10078,1995,South Indian,MARLENE,1995-04-03 18:00:00,-16.4,69.4,125.0,4,MARLENE_1995_04
1995089S09131,1995,South Indian,CHLOE,1995-04-07 12:00:00,-15.0,123.7,125.0,4,CHLOE_1995_04
1995091S11145,1995,South Pacific,UNNAMED,1995-04-03 00:00:00,-11.3,136.2,25.0,-1,UNNAMED_1995_04
1995106S09144,1995,South Pacific,AGNES,1995-04-19 00:00:00,-12.9,147.7,110.0,3,AGNES_1995_04
1995113N06169,1995,Western Pacific,CHUCK,1995-04-29 00:00:00,7.5,165.5,35.0,0,CHUCK_1995_04
1995141N13256,1995,Eastern Pacific,UNNAMED,1995-05-21 06:00:00,13.2,-104.2,30.0,-1,UNNAMED_1995_05
1995148N07150,1995,Western Pacific,DEANNA,1995-06-03 06:00:00,14.2,119.5,50.0,0,DEANNA_1995_06
1995150N05156,1995,Western Pacific,ELI,1995-06-04 06:00:00,13.2,144.0,40.0,0,ELI_1995_06
1995154N17276,1995,North Atlantic,ALLISON,1995-06-04 12:00:00,24.7,-86.2,65.0,1,ALLISON_1995_06
1995167N11254,1995,Eastern Pacific,ADOLPH,1995-06-18 06:00:00,17.1,-107.8,115.0,4,ADOLPH_1995_06
1995186N32288,1995,North Atlantic,BARRY,1995-07-07 18:00:00,33.2,-70.2,60.0,0,BARRY_1995_07
1995189N11257,1995,Eastern Pacific,BARBARA,1995-07-13 18:00:00,14.2,-124.5,120.0,4,BARBARA_1995_07
1995193N06156,1995,Western Pacific,FAYE,1995-07-21 12:00:00,25.5,126.7,105.0,3,FAYE_1995_07
1995193N17305,1995,North Atlantic,CHANTAL,1995-07-17 00:00:00,27.2,-69.4,60.0,0,CHANTAL_1995_07
1995198N17252,1995,Eastern Pacific,COSME,1995-07-19 18:00:00,20.8,-115.4,65.0,1,COSME_1995_07
1995206N13252,1995,Eastern Pacific,DALILA,1995-07-28 18:00:00,16.2,-115.9,55.0,0,DALILA_1995_07
1995206N15133,1995,Western Pacific,GARY,1995-07-30 06:00:00,19.5,117.3,65.0,1,GARY_1995_07
1995209N17122,1995,Western Pacific,UNNAMED,1995-07-28 00:00:00,17.3,122.4,35.0,0,UNNAMED_1995_07
1995210N26273,1995,North Atlantic,DEAN,1995-07-31 00:00:00,29.0,-95.0,40.0,0,DEAN_1995_07
1995212N22287,1995,North Atlantic,ERIN,1995-08-03 13:30:00,30.0,-86.8,85.0,2,ERIN_1995_08
1995214N15249,1995,Eastern Pacific,ERICK,1995-08-05 00:00:00,17.2,-119.2,55.0,0,ERICK_1995_08
1995215N12145,1995,Western Pacific,HELEN,1995-08-12 00:00:00,22.5,114.7,70.0,1,HELEN_1995_08
1995218N20265,1995,North Atlantic,UNNAMED,1995-08-06 18:00:00,21.2,-96.7,30.0,-1,UNNAMED_1995_08
1995220N14329,1995,North Atlantic,FELIX,1995-08-12 18:00:00,24.3,-61.0,120.0,4,FELIX_1995_08
1995220N15256,1995,Eastern Pacific,FLOSSIE,1995-08-10 12:00:00,20.0,-109.3,70.0,1,FLOSSIE_1995_08
1995222N24265,1995,North Atlantic,GABRIELLE,1995-08-11 18:00:00,23.6,-97.5,60.0,0,GABRIELLE_1995_08
1995225N12124,1995,Western Pacific,IRVING,1995-08-19 00:00:00,19.6,111.6,60.0,0,IRVING_1995_08
1995229N12144,1995,Western Pacific,JANIS,1995-08-24 12:00:00,27.5,122.5,55.0,0,JANIS_1995_08
1995233N15261,1995,Eastern Pacific,GIL,1995-08-24 12:00:00,19.7,-114.7,55.0,0,GIL_1995_08
1995233N16115,1995,Western Pacific,LOIS,1995-08-28 00:00:00,18.4,110.3,65.0,1,LOIS_1995_08
1995233N23130,1995,Western Pacific,UNNAMED,1995-08-22 00:00:00,24.6,126.2,25.0,-1,UNNAMED_1995_08
1995234N13327,1995,North Atlantic,HUMBERTO,1995-08-24 18:00:00,15.7,-43.2,95.0,2,HUMBERTO_1995_08
1995235N13311,1995,North Atlantic,IRIS,1995-09-01 06:00:00,25.5,-58.8,95.0,2,IRIS_1995_09
1995235N24281,1995,North Atlantic,JERRY,1995-08-23 12:00:00,26.4,-79.7,35.0,0,JERRY_1995_08
1995236N10134,1995,Western Pacific,KENT,1995-08-29 12:00:00,19.0,124.1,130.0,4,KENT_1995_08
1995239N15327,1995,North Atlantic,KAREN,1995-08-28 18:00:00,17.4,-43.6,45.0,0,KAREN_1995_08
1995240N24151,1995,Western Pacific,MARK,1995-09-01 06:00:00,34.8,160.7,95.0,2,MARK_1995_09
1995241N11333,1995,North Atlantic,LUIS,1995-09-04 06:00:00,17.0,-56.8,130.0,4,LUIS_1995_09
1995244N08139,1995,Western Pacific,NINA,1995-09-06 18:00:00,19.7,111.8,45.0,0,NINA_1995_09
1995244N16256,1995,Eastern Pacific,HENRIETTE,1995-09-04 12:00:00,22.6,-109.7,85.0,2,HENRIETTE_1995_09
1995247N05144,1995,Western Pacific,UNNAMED,1995-09-10 06:00:00,13.9,110.0,30.0,-1,UNNAMED_1995_09
1995250N09161,1995,Western Pacific,OSCAR,1995-09-15 06:00:00,24.0,137.4,140.0,5,OSCAR_1995_09
1995252N08142,1995,Western Pacific,POLLY,1995-09-18 12:00:00,23.0,137.8,90.0,2,POLLY_1995_09
1995253N18318,1995,North Atlantic,UNNAMED,1995-09-11 06:00:00,22.6,-52.2,30.0,-1,UNNAMED_1995_09
1995255N14104,1995,North Indian,UNNAMED,1995-09-16 18:00:00,21.3,87.5,45.0,0,UNNAMED_1995_09
1995256N12309,1995,North Atlantic,MARILYN,1995-09-16 18:00:00,19.7,-66.4,100.0,3,MARILYN_1995_09
1995256N15253,1995,Eastern Pacific,ISMAEL,1995-09-14 12:00:00,20.8,-108.5,70.0,1,ISMAEL_1995_09
1995258N14115,1995,Western Pacific,RYAN,1995-09-21 18:00:00,20.8,119.7,130.0,4,RYAN_1995_09
1995260N15255,1995,Eastern Pacific,JULIETTE,1995-09-20 12:00:00,17.8,-113.5,130.0,4,JULIETTE_1995_09
1995262N04161,1995,Western Pacific,UNNAMED,1995-09-25 06:00:00,9.2,126.2,25.0,-1,UNNAMED_1995_09
1995264N06174,1995,Western Pacific,SIBYL,1995-09-30 12:00:00,13.7,121.7,95.0,2,SIBYL_1995_09
1995270N10322,1995,North Atlantic,NOEL,1995-09-28 18:00:00,15.2,-42.6,65.0,1,NOEL_1995_09
1995271N19273,1995,North Atlantic,OPAL,1995-10-04 10:00:00,26.6,-88.8,130.0,4,OPAL_1995_10
1995271N30178,1995,Western Pacific,UNNAMED,1995-10-01 00:00:00,27.8,164.2,30.0,-1,UNNAMED_1995_10
1995276N13124,1995,Western Pacific,UNNAMED,1995-10-05 12:00:00,15.0,114.3,25.0,-1,UNNAMED_1995_10
1995277N07141,1995,Western Pacific,TED,1995-10-12 00:00:00,18.0,108.3,75.0,1,TED_1995_10
1995278N08329,1995,North Atlantic,PABLO,1995-10-06 00:00:00,11.5,-41.9,50.0,0,PABLO_1995_10
1995279N15153,1995,Western Pacific,VAL,1995-10-10 18:00:00,24.7,140.2,45.0,0,VAL_1995_10
1995281N14278,1995,North Atlantic,ROXANNE,1995-10-10 21:52:00,20.0,-86.7,100.0,3,ROXANNE_1995_10
1995284N17074,1995,North Indian,UNNAMED,1995-10-13 12:00:00,17.1,68.4,50.0,0,UNNAMED_1995_10
1995287N08163,1995,Western Pacific,WARD,1995-10-19 12:00:00,20.9,134.8,140.0,5,WARD_1995_10
1995292N08150,1995,Western Pacific,YVETTE,1995-10-26 00:00:00,13.4,109.7,65.0,1,YVETTE_1995_10
1995293N05177,1995,Western Pacific,ANGELA,1995-11-01 00:00:00,12.7,129.6,155.0,5,ANGELA_1995_11
1995294N05163,1995,Western Pacific,ZACK,1995-10-30 12:00:00,13.8,114.8,120.0,4,ZACK_1995_10
1995294N14306,1995,North Atlantic,SEBASTIEN,1995-10-22 18:00:00,21.5,-58.5,55.0,0,SEBASTIEN_1995_10
1995300N25301,1995,North Atlantic,TANYA,1995-10-30 18:00:00,33.8,-51.8,75.0,1,TANYA_1995_10
1995302N17174,1995,Western Pacific,BRIAN,1995-11-02 12:00:00,25.8,151.9,50.0,0,BRIAN_1995_11
1995310N09096,1995,North Indian,UNNAMED,1995-11-08 18:00:00,16.8,84.7,70.0,1,UNNAMED_1995_11
1995314N25186,1995,Western Pacific,COLLEEN,1995-11-12 06:00:00,16.6,178.1,35.0,0,COLLEEN_1995_11
1995319S05092,1996,South Indian,AGNIELLE:DARYL,1995-11-21 06:00:00,-12.8,84.6,150.0,5,AGNIELLE:DARYL_1995_11
1995323N05097,1995,North Indian,UNNAMED,1995-11-24 06:00:00,15.1,85.4,105.0,3,UNNAMED_1995_11
1995334N09129,1995,Western Pacific,UNNAMED,1995-12-02 06:00:00,11.8,127.0,30.0,-1,UNNAMED_1995_12
1995336S10106,1996,South Indian,EMMA,1995-12-08 18:00:00,-9.3,92.5,40.0,0,EMMA_1995_12
1995340S10116,1996,South Indian,FRANK,1995-12-10 06:00:00,-19.8,114.7,115.0,4,FRANK_1995_12
1995341N08115,1995,Western Pacific,UNNAMED,1995-12-08 00:00:00,8.2,113.6,30.0,-1,UNNAMED_1995_12
1995348S15135,1996,South Indian,GERTIE,1995-12-20 12:00:00,-21.2,122.4,75.0,1,GERTIE_1995_12
1995357N07139,1995,Western Pacific,DAN,1995-12-27 18:00:00,10.0,128.0,55.0,0,DAN_1995_12
1996001S08075,1996,South Indian,BONITA,1996-01-09 12:00:00,-18.7,54.3,135.0,4,BONITA_1996_01
1996002S15133,1996,South Pacific,BARRY,1996-01-05 06:00:00,-16.1,140.9,80.0,1,BARRY_1996_01
1996007S10100,1996,South Indian,CORYNA:HUBERT,1996-01-09 00:00:00,-13.4,92.5,75.0,1,CORYNA:HUBERT_1996_01
1996015S18182,1996,South Pacific,YASI,1996-01-17 00:00:00,-22.3,-171.9,45.0,0,YASI_1996_01
1996021S16152,1996,South Pacific,CELESTE,1996-01-27 00:00:00,-19.6,148.1,65.0,1,CELESTE_1996_01
1996025S14125,1996,South Indian,ISOBEL,1996-01-29 00:00:00,-13.3,117.3,45.0,0,ISOBEL_1996_01
1996026S14143,1996,South Indian,JACOB,1996-02-03 18:00:00,-17.9,117.4,90.0,2,JACOB_1996_02
1996032N10150,1996,Western Pacific,UNNAMED,1996-02-01 06:00:00,10.5,148.8,25.0,-1,UNNAMED_1996_02
1996037S09095,1996,South Indian,UNNAMED,1996-02-07 06:00:00,-10.8,93.2,35.0,0,UNNAMED_1996_02
1996042S13139,1996,South Pacific,DENNIS,1996-02-16 06:00:00,-13.1,146.2,45.0,0,DENNIS_1996_02
1996043S07053,1996,South Indian,DOLORESSE,1996-02-17 06:00:00,-10.6,42.4,75.0,1,DOLORESSE_1996_02
1996046S14087,1996,South Indian,UNNAMED,1996-02-15 18:00:00,-15.3,82.9,35.0,0,UNNAMED_1996_02
1996049S10068,1996,South Indian,EDWIGE,1996-02-26 18:00:00,-20.5,48.8,95.0,2,EDWIGE_1996_02
1996054N04149,1996,Western Pacific,UNNAMED,1996-02-24 12:00:00,4.2,148.3,25.0,-1,UNNAMED_1996_02
1996057S12074,1996,South Indian,FLOSSY,1996-02-28 18:00:00,-16.9,66.1,115.0,4,FLOSSY_1996_02
1996058N06137,1996,Western Pacific,UNNAMED,1996-02-29 06:00:00,9.9,126.4,30.0,-1,UNNAMED_1996_02
1996064S12155,1996,South Pacific,ATU,1996-03-12 06:00:00,-22.0,171.2,55.0,0,ATU_1996_03
1996066S17129,1996,South Indian,KIRSTY,1996-03-11 18:00:00,-19.8,119.7,100.0,3,KIRSTY_1996_03
1996067S16138,1996,South Pacific,ETHEL,1996-03-09 18:00:00,-12.5,141.9,45.0,0,ETHEL_1996_03
1996069S21166,1996,South Pacific,ZAKA,1996-03-10 06:00:00,-24.2,174.1,40.0,0,ZAKA_1996_03
1996078S12072,1996,South Indian,GUYLIANNE,1996-03-22 06:00:00,-18.3,57.6,35.0,0,GUYLIANNE_1996_03
1996079S12170,1996,South Pacific,BETI,1996-03-26 18:00:00,-19.7,164.8,105.0,3,BETI_1996_03
1996090N04150,1996,Western Pacific,ANN,1996-04-06 18:00:00,10.6,126.5,40.0,0,ANN_1996_04
1996093S16074,1996,South Indian,HANSELLA,1996-04-06 06:00:00,-19.9,63.7,95.0,2,HANSELLA_1996_04
1996095S09133,1996,South Indian,OLIVIA,1996-04-10 00:00:00,-18.6,114.8,125.0,4,OLIVIA_1996_04
1996098S13085,1996,South Indian,ITELLE,1996-04-14 00:00:00,-15.0,63.5,140.0,5,ITELLE_1996_04
1996103S12129,1996,South Indian,UNNAMED,1996-04-16 06:00:00,-15.2,115.7,30.0,-1,UNNAMED_1996_04
1996116N08114,1996,Western Pacific,UNNAMED,1996-04-25 06:00:00,7.3,113.1,25.0,-1,UNNAMED_1996_04
1996122N08092,1996,North Indian,UNNAMED,1996-05-07 18:00:00,20.4,90.7,40.0,0,UNNAMED_1996_05
1996122S05093,1996,South Indian,JENNA,1996-05-05 00:00:00,-14.2,89.2,60.0,0,JENNA_1996_05
1996128N07138,1996,Western Pacific,BART,1996-05-14 00:00:00,15.7,125.7,125.0,4,BART_1996_05
1996134N11246,1996,Eastern Pacific,UNNAMED,1996-05-14 06:00:00,12.1,-118.8,45.0,0,UNNAMED_1996_05
1996137N13111,1996,Western Pacific,CAM,1996-05-22 18:00:00,20.5,121.7,60.0,0,CAM_1996_05
1996137N13251,1996,Eastern Pacific,UNNAMED,1996-05-15 12:00:00,12.8,-108.7,30.0,-1,UNNAMED_1996_05
1996161N17063,1996,North Indian,UNNAMED,1996-06-11 00:00:00,18.6,58.7,40.0,0,UNNAMED_1996_06
1996163N08088,1996,North Indian,UNNAMED,1996-06-13 00:00:00,12.1,83.9,45.0,0,UNNAMED_1996_06
1996167N16072,1996,North Indian,UNNAMED,1996-06-18 18:00:00,20.4,70.7,65.0,1,UNNAMED_1996_06
1996170N27282,1996,North Atlantic,ARTHUR,1996-06-21 18:00:00,37.8,-56.2,45.0,-4,ARTHUR_1996_06
1996172N13261,1996,Eastern Pacific,ALMA,1996-06-23 12:00:00,17.2,-102.8,90.0,2,ALMA_1996_06
1996179N13266,1996,Eastern Pacific,BORIS,1996-06-29 12:00:00,16.6,-100.8,80.0,1,BORIS_1996_06
1996184N09271,1996,Eastern Pacific,CRISTINA,1996-07-03 06:00:00,15.3,-95.9,60.0,0,CRISTINA_1996_07
1996186N19156,1996,Western Pacific,DAN,1996-07-09 00:00:00,25.5,140.5,75.0,1,DAN_1996_07
1996187N10326,1996,North Atlantic,BERTHA,1996-07-09 06:00:00,20.3,-67.7,100.0,3,BERTHA_1996_07
1996187N17251,1996,Eastern Pacific,UNNAMED,1996-07-05 00:00:00,17.5,-109.0,30.0,-1,UNNAMED_1996_07
1996190S07096,1997,South Indian,LINDSAY,1996-07-10 18:00:00,-12.0,92.1,35.0,0,LINDSAY_1996_07
1996192N19152,1996,Western Pacific,EVE,1996-07-16 00:00:00,24.1,135.3,140.0,5,EVE_1996_07
1996201N07137,1996,Western Pacific,GLORIA,1996-07-24 12:00:00,17.8,123.4,90.0,2,GLORIA_1996_07
1996202N17115,1996,Western Pacific,FRANKIE,1996-07-23 12:00:00,20.0,107.2,90.0,2,FRANKIE_1996_07
1996203N12152,1996,Western Pacific,HERB,1996-07-30 18:00:00,23.2,126.0,140.0,5,HERB_1996_07
1996207N12297,1996,North Atlantic,CESAR,1996-07-28 04:00:00,12.2,-83.9,75.0,1,CESAR_1996_07
1996208N20165,1996,Western Pacific,JOY,1996-08-01 18:00:00,30.5,151.8,75.0,1,JOY_1996_08
1996209N12144,1996,Western Pacific,IAN,1996-07-29 06:00:00,18.9,141.2,40.0,0,IAN_1996_07
1996210N05156,1996,Western Pacific,KIRK,1996-08-12 06:00:00,26.3,127.9,95.0,2,KIRK_1996_08
1996211N13270,1996,Eastern Pacific,DOUGLAS,1996-08-01 00:00:00,17.6,-108.0,115.0,4,DOUGLAS_1996_08
1996217N16111,1996,Western Pacific,LISA,1996-08-05 18:00:00,18.8,114.2,40.0,0,LISA_1996_08
1996223N29158,1996,Western Pacific,UNNAMED,1996-08-12 00:00:00,32.7,159.2,30.0,-1,UNNAMED_1996_08
1996225N23108,1996,Western Pacific,MARTY,1996-08-13 18:00:00,20.6,106.9,50.0,0,MARTY_1996_08
1996227N08156,1996,Western Pacific,NIKI,1996-08-21 18:00:00,18.2,110.3,95.0,2,NIKI_1996_08
1996227N15176,1996,Western Pacific,ORSON,1996-08-25 06:00:00,24.7,147.4,115.0,4,ORSON_1996_08
1996227N30177,1996,Western Pacific,UNNAMED,1996-08-14 00:00:00,30.2,178.7,30.0,-1,UNNAMED_1996_08
1996228S05084,1997,South Indian,UNNAMED,1996-08-18 00:00:00,-11.7,86.1,45.0,0,UNNAMED_1996_08
1996232N17280,1996,North Atlantic,DOLLY,1996-08-23 12:00:00,21.6,-97.7,70.0,1,DOLLY_1996_08
1996232N21170,1996,Western Pacific,PIPER,1996-08-25 00:00:00,34.1,158.8,65.0,1,PIPER_1996_08
1996233N12340,1996,North Atlantic,EDOUARD,1996-08-25 06:00:00,15.4,-47.0,125.0,4,EDOUARD_1996_08
1996237N14339,1996,North Atlantic,FRAN,1996-09-04 12:00:00,27.0,-74.7,105.0,3,FRAN_1996_09
1996238N27155,1996,Western Pacific,UNNAMED,1996-08-25 12:00:00,29.6,161.0,25.0,-1,UNNAMED_1996_08
1996239N13337,1996,North Atlantic,GUSTAV,1996-08-29 00:00:00,12.5,-35.2,40.0,0,GUSTAV_1996_08
1996240N22168,1996,Western Pacific,RICK,1996-08-27 12:00:00,22.8,169.0,35.0,0,RICK_1996_08
1996244N13257,1996,Eastern Pacific,ELIDA,1996-09-04 00:00:00,21.7,-111.8,55.0,0,ELIDA_1996_09
1996246N08148,1996,Western Pacific,SALLY,1996-09-07 18:00:00,19.2,121.8,140.0,5,SALLY_1996_09
1996247S09084,1997,South Indian,UNNAMED,1996-09-07 06:00:00,-8.7,76.6,40.0,0,UNNAMED_1996_09
1996248N15319,1996,North Atlantic,HORTENSE,1996-09-13 00:00:00,25.9,-71.5,120.0,4,HORTENSE_1996_09
1996250N08148,1996,Western Pacific,UNNAMED,1996-09-12 06:00:00,15.8,110.0,45.0,0,UNNAMED_1996_09
1996252N11162,1996,Western Pacific,TOM,1996-09-15 18:00:00,21.7,145.1,75.0,1,TOM_1996_09
1996254N13138,1996,Western Pacific,VIOLET,1996-09-15 18:00:00,19.4,126.6,130.0,4,VIOLET_1996_09
1996254N14258,1996,Eastern Pacific,FAUSTO,1996-09-12 06:00:00,19.8,-109.5,105.0,3,FAUSTO_1996_09
1996260N14217,1996,Eastern Pacific,UNNAMED,1996-09-16 00:00:00,13.2,-143.5,30.0,-1,UNNAMED_1996_09
1996260N19107,1996,Western Pacific,WILLIE,1996-09-19 06:00:00,19.9,111.4,65.0,1,WILLIE_1996_09
1996261N08184,1996,Western Pacific,YATES,1996-09-25 00:00:00,16.0,147.9,130.0,4,YATES_1996_09
1996265N06154,1996,Western Pacific,UNNAMED,1996-09-24 00:00:00,13.1,139.8,30.0,-1,UNNAMED_1996_09
1996268N15140,1996,Western Pacific,ZANE,1996-09-28 00:00:00,22.8,125.3,110.0,3,ZANE_1996_09
1996269N09337,1996,North Atlantic,ISIDORE,1996-09-28 00:00:00,15.8,-42.9,100.0,3,ISIDORE_1996_09
1996272N16250,1996,Eastern Pacific,GENEVIEVE,1996-09-28 18:00:00,15.4,-113.6,45.0,0,GENEVIEVE_1996_09
1996274N13261,1996,Eastern Pacific,HERNAN,1996-10-02 12:00:00,17.9,-103.1,75.0,1,HERNAN_1996_10
1996279N23264,1996,North Atlantic,JOSEPHINE,1996-10-07 12:00:00,26.9,-87.3,60.0,0,JOSEPHINE_1996_10
1996282N11162,1996,Western Pacific,ABEL:BETH,1996-10-17 12:00:00,17.7,122.7,90.0,2,ABEL:BETH_1996_10
1996283N12133,1996,Western Pacific,BETH,1996-10-12 12:00:00,17.9,119.2,50.0,0,BETH_1996_10
1996284N09158,1996,Western Pacific,UNNAMED,1996-10-13 00:00:00,14.4,150.5,25.0,-1,UNNAMED_1996_10
1996286N17274,1996,North Atlantic,KYLE,1996-10-11 18:00:00,16.9,-87.1,45.0,0,KYLE_1996_10
1996288N09092,1996,North Indian,UNNAMED,1996-10-23 18:00:00,16.7,70.4,65.0,1,UNNAMED_1996_10
1996289N13280,1996,North Atlantic,LILI,1996-10-19 12:00:00,24.4,-74.0,100.0,3,LILI_1996_10
1996289S05093,1997,South Indian,ANTOINETTE,1996-10-18 06:00:00,-11.1,79.0,65.0,1,ANTOINETTE_1996_10
1996291N17168,1996,Western Pacific,CARLO,1996-10-24 00:00:00,22.6,144.8,105.0,3,CARLO_1996_10
1996296N09093,1996,North Indian,UNNAMED,1996-10-26 12:00:00,13.6,85.4,45.0,0,UNNAMED_1996_10
1996299N11121,1996,Western Pacific,UNNAMED,1996-10-27 12:00:00,5.9,109.6,30.0,-1,UNNAMED_1996_10
1996302S07095,1997,South Indian,BELLAMINE:MELANIE,1996-11-07 00:00:00,-12.3,78.9,125.0,4,BELLAMINE:MELANIE_1996_11
1996303N07155,1996,Western Pacific,ERNIE,1996-11-07 06:00:00,11.9,120.3,50.0,0,ERNIE_1996_11
1996305N11121,1996,Western Pacific,UNNAMED,1996-11-02 12:00:00,13.8,111.3,40.0,0,UNNAMED_1996_11
1996306N15097,1996,North Indian,UNNAMED,1996-11-06 06:00:00,16.2,83.2,115.0,4,UNNAMED_1996_11
1996307N09154,1996,Western Pacific,DALE,1996-11-09 12:00:00,14.6,136.5,140.0,5,DALE_1996_11
1996309N21175,1996,Western Pacific,UNNAMED,1996-11-05 00:00:00,23.5,173.7,50.0,0,UNNAMED_1996_11
1996312N13251,1996,Eastern Pacific,UNNAMED,1996-11-07 00:00:00,12.5,-109.2,30.0,-1,UNNAMED_1996_11
1996312N14125,1996,Western Pacific,ERNIE,1996-11-10 00:00:00,19.4,117.9,45.0,0,ERNIE_1996_11
1996319N11283,1996,North Atlantic,MARCO,1996-11-20 06:00:00,13.8,-78.5,65.0,1,MARCO_1996_11
1996324S04164,1997,South Pacific,CYRIL,1996-11-24 00:00:00,-16.2,160.9,50.0,0,CYRIL_1996_11
1996325S08104,1997,South Indian,CHANTELLE:DANIELLA,1996-12-05 18:00:00,-14.3,56.1,120.0,4,CHANTELLE:DANIELLA_1996_12
1996328N08151,1996,Western Pacific,UNNAMED,1996-11-25 12:00:00,16.1,142.4,25.0,-1,UNNAMED_1996_11
1996332N09092,1996,North Indian,UNNAMED,1996-12-04 12:00:00,14.9,81.9,75.0,1,UNNAMED_1996_12
1996339S03094,1997,South Indian,ELVINA,1996-12-11 12:00:00,-13.0,79.1,55.0,0,ELVINA_1996_12
1996346S09129,1997,South Indian,NICHOLAS,1996-12-14 00:00:00,-14.7,123.7,45.0,0,NICHOLAS_1996_12
1996348N04104,1996,Western Pacific,UNNAMED,1996-12-17 00:00:00,4.4,110.3,30.0,-1,UNNAMED_1996_12
1996348S09108,1997,South Indian,OPHELIA,1996-12-16 00:00:00,-11.5,110.4,55.0,0,OPHELIA_1996_12
1996353N05151,1996,Western Pacific,FERN,1996-12-26 12:00:00,11.8,138.6,80.0,1,FERN_1996_12
1996354S05170,1997,South Pacific,FERGUS,1996-12-27 18:00:00,-17.5,167.0,90.0,2,FERGUS_1996_12
1996356N08110,1996,Western Pacific,GREG,1996-12-25 00:00:00,6.6,113.9,45.0,0,GREG_1996_12
1996357S10136,1997,South Indian,PHIL,1996-12-29 06:00:00,-15.6,119.7,85.0,2,PHIL_1996_12
1996361S12060,1997,South Indian,FABRIOLA,1997-01-04 06:00:00,-15.7,50.3,60.0,0,FABRIOLA_1997_01
1996364N17145,1996,Western Pacific,UNNAMED,1996-12-29 06:00:00,17.2,144.6,50.0,0,UNNAMED_1996_12
1996365S15137,1997,South Indian,RACHEL,1997-01-06 18:00:00,-18.9,119.3,80.0,1,RACHEL_1997_01
1997001S10176,1997,South Pacific,DRENA,1997-01-05 06:00:00,-15.6,159.2,120.0,4,DRENA_1997_01
1997008S16093,1997,South Indian,UNNAMED,1997-01-11 12:00:00,-19.1,91.5,45.0,0,UNNAMED_1997_01
1997009S16188,1997,South Pacific,EVAN,1997-01-15 00:00:00,-21.3,-165.9,70.0,1,EVAN_1997_01
1997011N04176,1997,Western Pacific,HANNAH,1997-01-20 00:00:00,6.9,137.5,50.0,0,HANNAH_1997_01
1997013S08101,1997,South Indian,HELINDA:PANCHO,1997-01-22 06:00:00,-13.0,91.2,125.0,4,HELINDA:PANCHO_1997_01
1997018S10074,1997,South Indian,ILETTA,1997-01-27 00:00:00,-16.2,70.8,75.0,1,ILETTA_1997_01
1997018S11059,1997,South Indian,GRETELLE,1997-01-24 06:00:00,-22.6,48.6,115.0,4,GRETELLE_1997_01
1997021S16172,1997,South Pacific,FREDA,1997-01-27 06:00:00,-23.8,176.5,65.0,1,FREDA_1997_01
1997032S17055,1997,South Indian,JOSIE,1997-02-13 12:00:00,-22.4,40.1,90.0,2,JOSIE_1997_02
1997039S10155,1997,South Pacific,GILLIAN,1997-02-10 18:00:00,-15.6,149.3,45.0,0,GILLIAN_1997_02
1997042S13096,1997,South Indian,KARLETTE,1997-02-21 18:00:00,-20.3,63.5,65.0,1,KARLETTE_1997_02
1997045S11163,1997,South Pacific,HAROLD,1997-02-17 18:00:00,-17.1,155.3,55.0,0,HAROLD_1997_02
1997048S12103,1997,South Indian,UNNAMED,1997-02-20 00:00:00,-17.4,114.8,45.0,0,UNNAMED_1997_02
1997053S12142,1997,South Pacific,ITA,1997-02-24 00:00:00,-17.3,148.7,35.0,0,ITA_1997_02
1997053S16206,1997,South Pacific,UNNAMED,1997-02-24 06:00:00,-20.3,-161.3,25.0,-1,UNNAMED_1997_02
1997054S18201,1997,South Pacific,UNNAMED,1997-03-01 00:00:00,-45.0,-170.0,50.0,0,UNNAMED_1997_03
1997056S15041,1997,South Indian,LISETTE,1997-03-01 12:00:00,-20.1,37.1,75.0,1,LISETTE_1997_03
1997061S08171,1997,South Pacific,GAVIN,1997-03-08 18:00:00,-21.1,176.7,120.0,4,GAVIN_1997_03
1997062S16158,1997,South Pacific,JUSTIN,1997-03-17 18:00:00,-12.2,155.1,90.0,2,JUSTIN_1997_03
1997071S13176,1997,South Pacific,HINA,1997-03-17 12:00:00,-27.8,192.2,75.0,1,HINA_1997_03
1997099N06153,1997,Western Pacific,ISA,1997-04-20 00:00:00,16.6,137.7,145.0,5,ISA_1997_04
1997105S10168,1997,South Pacific,IAN,1997-04-17 12:00:00,-20.4,177.3,55.0,0,IAN_1997_04
1997108N05168,1997,Western Pacific,JIMMY,1997-04-24 00:00:00,17.4,153.7,55.0,0,JIMMY_1997_04
1997118S09166,1997,South Pacific,JUNE,1997-05-04 00:00:00,-15.5,176.5,65.0,1,JUNE_1997_05
1997124N03171,1997,Western Pacific,KELLY,1997-05-08 12:00:00,11.7,167.1,45.0,0,KELLY_1997_05
1997125S08079,1997,South Indian,RHONDA,1997-05-14 00:00:00,-15.4,96.1,100.0,3,RHONDA_1997_05
1997133N03092,1997,North Indian,UNNAMED,1997-05-19 06:00:00,20.8,91.2,115.0,4,UNNAMED_1997_05
1997143N17111,1997,Western Pacific,LEVI,1997-05-28 12:00:00,21.8,126.7,45.0,0,LEVI_1997_05
1997146N09161,1997,Western Pacific,MARIE,1997-05-31 00:00:00,22.0,160.3,90.0,2,MARIE_1997_05
1997147S12168,1997,South Pacific,UNNAMED,1997-05-29 00:00:00,-16.0,167.8,35.0,0,UNNAMED_1997_05
1997152N06171,1997,Western Pacific,NESTOR,1997-06-10 12:00:00,18.3,147.5,140.0,5,NESTOR_1997_06
1997152N10265,1997,Eastern Pacific,ANDRES,1997-06-04 00:00:00,14.6,-95.1,45.0,0,ANDRES_1997_06
1997152N29283,1997,North Atlantic,UNNAMED,1997-06-01 18:00:00,35.5,-74.1,45.0,-2,UNNAMED_1997_06
1997156S11192,1997,South Pacific,KELI,1997-06-12 18:00:00,-12.0,182.0,115.0,4,KELI_1997_06
1997161N14266,1997,Eastern Pacific,BLANCA,1997-06-10 06:00:00,14.8,-96.9,40.0,0,BLANCA_1997_06
1997165N12139,1997,Western Pacific,OPAL,1997-06-17 12:00:00,18.3,132.8,90.0,2,OPAL_1997_06
1997167N06162,1997,Western Pacific,PETER,1997-06-30 00:00:00,45.9,154.7,70.0,1,PETER_1997_06
1997173N14243,1997,Eastern Pacific,UNNAMED,1997-06-21 18:00:00,14.4,-117.2,30.0,-1,UNNAMED_1997_06
1997176N16252,1997,Eastern Pacific,CARLOS,1997-06-26 06:00:00,18.2,-111.1,45.0,0,CARLOS_1997_06
1997181N14250,1997,Eastern Pacific,UNNAMED,1997-06-29 18:00:00,14.1,-110.2,30.0,-1,UNNAMED_1997_06
1997182N32283,1997,North Atlantic,ANA,1997-07-01 12:00:00,31.7,-74.6,40.0,0,ANA_1997_07
1997187N13250,1997,Eastern Pacific,DOLORES,1997-07-09 06:00:00,17.5,-127.5,80.0,1,DOLORES_1997_07
1997192N30290,1997,North Atlantic,BILL,1997-07-12 12:00:00,37.9,-61.1,65.0,1,BILL_1997_07
1997193N09248,1997,Eastern Pacific,ENRIQUE,1997-07-14 18:00:00,15.5,-124.5,100.0,3,ENRIQUE_1997_07
1997194N31286,1997,North Atlantic,CLAUDETTE,1997-07-13 18:00:00,31.9,-73.0,40.0,0,CLAUDETTE_1997_07
1997196N08142,1997,Western Pacific,ROSIE,1997-07-22 12:00:00,18.2,132.1,140.0,5,ROSIE_1997_07
1997196N10251,1997,Eastern Pacific,FELICIA,1997-07-19 06:00:00,15.6,-126.7,115.0,4,FELICIA_1997_07
1997198N12309,1997,North Atlantic,UNNAMED,1997-07-17 12:00:00,12.5,-52.7,30.0,-1,UNNAMED_1997_07
1997198N27267,1997,North Atlantic,DANNY,1997-07-18 12:00:00,29.5,-89.4,70.0,1,DANNY_1997_07
1997199S04079,1998,South Indian,UNNAMED,1997-07-21 06:00:00,-7.1,76.3,45.0,0,UNNAMED_1997_07
1997201N24152,1997,Western Pacific,SCOTT,1997-07-29 06:00:00,25.5,155.9,55.0,0,SCOTT_1997_07
1997202N04152,1997,Western Pacific,TINA,1997-08-05 06:00:00,20.9,126.7,90.0,2,TINA_1997_08
1997207N11198,1997,Eastern Pacific,UNNAMED,1997-07-26 12:00:00,11.4,-163.8,25.0,-1,UNNAMED_1997_07
1997210N15120,1997,Western Pacific,VICTOR,1997-08-02 12:00:00,22.3,114.1,65.0,1,VICTOR_1997_08
1997212N11265,1997,Eastern Pacific,GUILLERMO,1997-08-04 18:00:00,14.2,-116.6,140.0,5,GUILLERMO_1997_08
1997217N06168,1997,Western Pacific,WINNIE,1997-08-12 00:00:00,17.2,147.1,140.0,5,WINNIE_1997_08
1997221N03179,1997,Western Pacific,YULE,1997-08-23 12:00:00,43.7,167.0,65.0,1,YULE_1997_08
1997222N11246,1997,Eastern Pacific,HILDA,1997-08-12 06:00:00,13.1,-118.4,45.0,0,HILDA_1997_08
1997225N09186,1997,Western Pacific,UNNAMED,1997-08-17 18:00:00,16.7,171.7,30.0,-1,UNNAMED_1997_08
1997229N19242,1997,Eastern Pacific,IGNACIO,1997-08-17 12:00:00,20.4,-119.4,35.0,0,IGNACIO_1997_08
1997232N14136,1997,Western Pacific,AMBER,1997-08-27 12:00:00,19.8,125.1,110.0,3,AMBER_1997_08
1997232N17115,1997,Western Pacific,ZITA,1997-08-22 06:00:00,20.9,110.1,75.0,1,ZITA_1997_08
1997236N10172,1997,Western Pacific,BING,1997-09-01 06:00:00,23.9,139.0,135.0,4,BING_1997_09
1997238N11227,1997,Eastern Pacific,JIMENA,1997-08-28 15:00:00,18.0,-137.5,120.0,4,JIMENA_1997_08
1997238N19112,1997,Western Pacific,CASS,1997-08-29 12:00:00,19.7,118.0,45.0,0,CASS_1997_08
1997240N12193,1997,Western Pacific,OLIWA,1997-09-09 18:00:00,18.4,153.6,140.0,5,OLIWA_1997_09
1997246N11316,1997,North Atlantic,ERIKA,1997-09-08 18:00:00,23.2,-62.5,110.0,3,ERIKA_1997_09
1997247N18248,1997,Eastern Pacific,KEVIN,1997-09-05 00:00:00,20.0,-117.8,50.0,0,KEVIN_1997_09
1997252N10171,1997,Western Pacific,DAVID,1997-09-14 18:00:00,20.2,160.5,95.0,2,DAVID_1997_09
1997253N12255,1997,Eastern Pacific,LINDA,1997-09-12 06:00:00,17.1,-109.6,160.0,5,LINDA_1997_09
1997256N14227,1997,Eastern Pacific,MARTY,1997-09-14 06:00:00,13.6,-135.6,40.0,0,MARTY_1997_09
1997259N13258,1997,Eastern Pacific,NORA,1997-09-21 12:00:00,16.6,-108.0,115.0,4,NORA_1997_09
1997261N13114,1997,Western Pacific,FRITZ,1997-09-24 06:00:00,15.8,110.4,75.0,1,FRITZ_1997_09
1997262N22184,1997,Western Pacific,ELLA,1997-09-22 00:00:00,26.4,162.5,40.0,0,ELLA_1997_09
1997263N14084,1997,North Indian,UNNAMED,1997-09-26 18:00:00,21.9,90.7,65.0,1,UNNAMED_1997_09
1997265N10175,1997,Western Pacific,GINGER,1997-09-27 00:00:00,21.7,159.3,145.0,5,GINGER_1997_09
1997270N11265,1997,Eastern Pacific,OLAF,1997-09-27 18:00:00,14.5,-94.8,60.0,0,OLAF_1997_09
1997270N18111,1997,Western Pacific,HANK,1997-10-03 00:00:00,14.8,111.8,40.0,0,HANK_1997_10
1997273N13151,1997,Western Pacific,UNNAMED,1997-10-03 00:00:00,17.1,140.9,30.0,-1,UNNAMED_1997_10
1997277S04170,1998,South Pacific,LUSI,1997-10-10 12:00:00,-14.5,172.4,60.0,0,LUSI_1997_10
1997278N24296,1997,North Atlantic,FABIAN,1997-10-08 18:00:00,29.2,-48.8,40.0,-4,FABIAN_1997_10
1997279N12263,1997,Eastern Pacific,PAULINE,1997-10-07 12:00:00,13.2,-94.5,115.0,4,PAULINE_1997_10
1997279N14221,1997,Eastern Pacific,UNNAMED,1997-10-05 12:00:00,14.0,-139.5,25.0,-1,UNNAMED_1997_10
1997283N07177,1997,Western Pacific,IVAN,1997-10-17 18:00:00,14.7,128.3,160.0,5,IVAN_1997_10
1997284N04179,1997,Western Pacific,JOAN,1997-10-17 06:00:00,14.6,150.2,160.0,5,JOAN_1997_10
1997288N20291,1997,North Atlantic,GRACE,1997-10-15 12:00:00,20.6,-68.0,40.0,-4,GRACE_1997_10
1997296N07176,1997,Western Pacific,UNNAMED,1997-10-30 00:00:00,7.6,162.0,55.0,0,UNNAMED_1997_10
1997297S11177,1998,South Pacific,UNNAMED,1997-10-26 06:00:00,-12.9,174.1,35.0,0,UNNAMED_1997_10
1997298N06140,1997,Western Pacific,LINDA,1997-11-02 18:00:00,9.3,103.7,65.0,1,LINDA_1997_11
1997299N07169,1997,Western Pacific,KEITH,1997-11-01 12:00:00,12.7,150.2,155.0,5,KEITH_1997_11
1997301N09202,1997,Eastern Pacific,UNNAMED,1997-10-29 12:00:00,11.0,-161.3,35.0,0,UNNAMED_1997_10
1997302S08199,1998,South Pacific,MARTIN,1997-11-03 12:00:00,-16.5,-154.3,100.0,3,MARTIN_1997_11
1997307N08082,1997,North Indian,UNNAMED,1997-11-11 06:00:00,12.4,66.1,55.0,0,UNNAMED_1997_11
1997308N08069,1997,North Indian,UNNAMED,1997-11-08 00:00:00,10.2,55.5,35.0,0,UNNAMED_1997_11
1997311N09258,1997,Eastern Pacific,RICK,1997-11-09 12:00:00,15.3,-99.8,85.0,2,RICK_1997_11
1997311N10151,1997,Western Pacific,MORT,1997-11-12 18:00:00,13.5,133.2,65.0,1,MORT_1997_11
1997319S09180,1998,South Pacific,NUTE,1997-11-19 18:00:00,-16.1,159.7,70.0,1,NUTE_1997_11
1997326S09203,1998,South Pacific,OSEA,1997-11-26 06:00:00,-17.2,-152.0,90.0,2,OSEA_1997_11
1997333N06194,1997,Western Pacific,PAKA,1997-12-18 00:00:00,14.3,139.7,160.0,5,PAKA_1997_12
1997336S09195,1998,South Pacific,PAM,1997-12-06 12:00:00,-12.0,-162.9,65.0,1,PAM_1997_12
1997355S05189,1998,South Pacific,SUSAN,1998-01-05 06:00:00,-14.4,170.1,140.0,5,SUSAN_1998_01
1997359S12129,1998,South Pacific,SID,1997-12-27 00:00:00,-12.1,135.5,40.0,0,SID_1997_12
1997360S12111,1998,South Indian,SELWYN,1997-12-27 12:00:00,-15.0,109.9,65.0,1,SELWYN_1997_12
1998001S09195,1998,South Pacific,RON,1998-01-05 12:00:00,-12.9,-175.5,145.0,5,RON_1998_01
1998002S14151,1998,South Pacific,KATRINA,1998-01-09 18:00:00,-15.7,164.7,90.0,2,KATRINA_1998_01
1998016S12043,1998,South Indian,UNNAMED,1998-01-17 18:00:00,-16.2,38.6,35.0,0,UNNAMED_1998_01
1998022S15125,1998,South Indian,TIFFANY,1998-01-27 00:00:00,-18.7,117.4,120.0,4,TIFFANY_1998_01
1998022S15143,1998,South Pacific,LES,1998-01-25 00:00:00,-14.3,135.7,50.0,0,LES_1998_01
1998025S12185,1998,South Pacific,TUI,1998-01-26 00:00:00,-13.3,-172.5,40.0,0,TUI_1998_01
1998030S13194,1998,South Pacific,VELI,1998-02-02 00:00:00,-18.1,-146.7,75.0,1,VELI_1998_02
1998030S14208,1998,South Pacific,URSULA,1998-02-01 00:00:00,-23.4,-137.5,65.0,1,URSULA_1998_02
1998031S12187,1998,South Pacific,WES,1998-02-01 06:00:00,-12.0,-168.0,45.0,0,WES_1998_02
1998032S18036,1998,South Indian,BELTANE,1998-02-16 12:00:00,-22.6,41.5,40.0,0,BELTANE_1998_02
1998036S13066,1998,South Indian,ANACELLE,1998-02-11 12:00:00,-20.8,59.0,115.0,4,ANACELLE_1998_02
1998036S13135,1998,South Indian,CINDY:VICTOR,1998-02-13 00:00:00,-16.7,109.0,90.0,2,CINDY:VICTOR_1998_02
1998045S17042,1998,South Indian,UNNAMED,1998-02-14 12:00:00,-18.5,41.3,30.0,-1,UNNAMED_1998_02
1998046S19070,1998,South Indian,UNNAMED,1998-02-18 00:00:00,-28.3,63.8,45.0,0,UNNAMED_1998_02
1998056S14139,1998,South Pacific,MAY,1998-02-26 00:00:00,-15.9,138.6,35.0,0,MAY_1998_02
1998064S09093,1998,South Indian,ELSIE,1998-03-13 00:00:00,-19.5,81.5,90.0,2,ELSIE_1998_03
1998064S13061,1998,South Indian,DONALINE,1998-03-07 18:00:00,-19.1,69.2,55.0,0,DONALINE_1998_03
1998073S11065,1998,South Indian,FIONA,1998-03-17 00:00:00,-17.0,61.7,35.0,0,FIONA_1998_03
1998076S11170,1998,South Pacific,YALI,1998-03-22 00:00:00,-18.0,167.7,90.0,2,YALI_1998_03
1998079S10145,1998,South Pacific,NATHAN,1998-03-23 12:00:00,-14.3,146.0,65.0,1,NATHAN_1998_03
1998087S15172,1998,South Pacific,ZUMAN,1998-03-31 18:00:00,-14.9,167.0,100.0,3,ZUMAN_1998_03
1998096S13071,1998,South Indian,GEMMA,1998-04-10 18:00:00,-15.4,75.1,70.0,1,GEMMA_1998_04
1998096S16077,1998,South Indian,UNNAMED,1998-04-06 18:00:00,-16.3,76.2,30.0,-1,UNNAMED_1998_04
1998106S09135,1998,South Indian,UNNAMED,1998-04-18 18:00:00,-12.9,126.0,40.0,0,UNNAMED_1998_04
1998107S11084,1998,South Indian,UNNAMED,1998-04-19 06:00:00,-10.5,75.0,40.0,0,UNNAMED_1998_04
1998108S10203,1998,South Pacific,ALAN,1998-04-22 12:00:00,-10.8,-159.2,45.0,0,ALAN_1998_04
1998120S16220,1998,South Pacific,BART,1998-04-30 12:00:00,-18.8,-137.4,35.0,0,BART_1998_04
1998133N04086,1998,North Indian,UNNAMED,1998-05-20 00:00:00,21.7,91.5,70.0,1,UNNAMED_1998_05
1998147N11061,1998,North Indian,UNNAMED,1998-05-28 00:00:00,12.8,60.4,35.0,0,UNNAMED_1998_05
1998152N11075,1998,North Indian,UNNAMED,1998-06-09 00:00:00,21.5,69.0,105.0,3,UNNAMED_1998_06
1998161N09261,1998,Eastern Pacific,AGATHA,1998-06-14 00:00:00,16.3,-116.2,55.0,0,AGATHA_1998_06
1998169N12265,1998,Eastern Pacific,UNNAMED,1998-06-20 00:00:00,15.8,-105.9,30.0,-1,UNNAMED_1998_06
1998173N08266,1998,Eastern Pacific,BLAS,1998-06-25 06:00:00,15.3,-106.8,120.0,4,BLAS_1998_06
1998187N17132,1998,Western Pacific,UNNAMED,1998-07-08 06:00:00,20.1,129.0,30.0,-1,UNNAMED_1998_07
1998188N18117,1998,Western Pacific,NICHOLE,1998-07-09 12:00:00,23.1,120.0,50.0,0,NICHOLE_1998_07
1998197N13259,1998,Eastern Pacific,CELIA,1998-07-19 00:00:00,21.8,-113.6,50.0,0,CELIA_1998_07
1998201S05086,1999,South Indian,UNNAMED,1998-07-22 00:00:00,-9.6,80.1,35.0,0,UNNAMED_1998_07
1998203N11253,1998,Eastern Pacific,DARBY,1998-07-25 06:00:00,15.2,-119.3,100.0,3,DARBY_1998_07
1998204N17144,1998,Western Pacific,UNNAMED,1998-07-25 12:00:00,30.9,147.2,45.0,0,UNNAMED_1998_07
1998209N11335,1998,North Atlantic,ALEX,1998-07-30 18:00:00,15.1,-46.1,45.0,0,ALEX_1998_07
1998210N14263,1998,Eastern Pacific,ESTELLE,1998-08-02 06:00:00,16.8,-117.5,115.0,4,ESTELLE_1998_08
1998213N14128,1998,Western Pacific,OTTO,1998-08-04 00:00:00,22.2,121.9,100.0,3,OTTO_1998_08
1998216N09260,1998,Eastern Pacific,FRANK,1998-08-09 00:00:00,25.4,-113.3,40.0,0,FRANK_1998_08
1998217N10130,1998,Western Pacific,PENNY,1998-08-10 12:00:00,20.4,112.5,60.0,0,PENNY_1998_08
1998222N09257,1998,Eastern Pacific,GEORGETTE,1998-08-14 12:00:00,19.8,-120.1,100.0,3,GEORGETTE_1998_08
1998228N13218,1998,Eastern Pacific,UNNAMED,1998-08-16 12:00:00,13.4,-143.6,30.0,-1,UNNAMED_1998_08
1998230N11267,1998,Eastern Pacific,HOWARD,1998-08-23 00:00:00,14.4,-108.0,130.0,4,HOWARD_1998_08
1998232N15312,1998,North Atlantic,BONNIE,1998-08-23 12:00:00,24.1,-71.5,100.0,3,BONNIE_1998_08
1998233N25268,1998,North Atlantic,CHARLEY,1998-08-22 06:00:00,27.5,-96.5,60.0,0,CHARLEY_1998_08
1998235N17131,1998,Western Pacific,REX,1998-08-28 06:00:00,27.0,140.8,115.0,4,REX_1998_08
1998236N13326,1998,North Atlantic,DANIELLE,1998-08-26 06:00:00,18.4,-49.1,90.0,2,DANIELLE_1998_08
1998242N14252,1998,Eastern Pacific,ISIS,1998-09-02 18:00:00,24.1,-109.2,65.0,1,ISIS_1998_09
1998243N23122,1998,Western Pacific,UNNAMED,1998-09-02 06:00:00,27.4,131.3,30.0,-1,UNNAMED_1998_09
1998244N22267,1998,North Atlantic,EARL,1998-09-02 18:00:00,28.7,-87.9,85.0,2,EARL_1998_09
1998249N16256,1998,Eastern Pacific,JAVIER,1998-09-08 12:00:00,20.7,-112.0,50.0,0,JAVIER_1998_09
1998252N26266,1998,North Atlantic,FRANCES,1998-09-11 00:00:00,27.2,-95.9,55.0,0,FRANCES_1998_09
1998253N17150,1998,Western Pacific,STELLA,1998-09-14 18:00:00,27.0,137.6,65.0,1,STELLA_1998_09
1998254N20116,1998,Western Pacific,UNNAMED,1998-09-13 00:00:00,20.3,112.7,25.0,-1,UNNAMED_1998_09
1998258N19126,1998,Western Pacific,TODD,1998-09-17 06:00:00,23.2,134.7,130.0,4,TODD_1998_09
1998259N10335,1998,North Atlantic,GEORGES,1998-09-20 06:00:00,16.0,-56.3,135.0,4,GEORGES_1998_09
1998259N17118,1998,Western Pacific,VICKI,1998-09-21 18:00:00,29.6,133.1,90.0,2,VICKI_1998_09
1998260N16110,1998,Western Pacific,UNNAMED,1998-09-18 06:00:00,16.7,108.0,30.0,-1,UNNAMED_1998_09
1998261N27270,1998,North Atlantic,HERMINE,1998-09-19 18:00:00,28.3,-91.1,40.0,0,HERMINE_1998_09
1998262N13333,1998,North Atlantic,IVAN,1998-09-26 06:00:00,39.2,-36.3,80.0,1,IVAN_1998_09
1998262N20137,1998,Western Pacific,WALDO,1998-09-21 06:00:00,33.0,135.7,45.0,0,WALDO_1998_09
1998264N10343,1998,North Atlantic,JEANNE,1998-09-24 06:00:00,15.9,-33.4,90.0,2,JEANNE_1998_09
1998267N13134,1998,Western Pacific,YANNI,1998-09-29 00:00:00,26.1,123.4,80.0,1,YANNI_1998_09
1998267N33295,1998,North Atlantic,KARL,1998-09-27 00:00:00,33.9,-47.3,90.0,2,KARL_1998_09
1998271S05084,1999,South Indian,UNNAMED,1998-09-29 06:00:00,-8.6,78.4,35.0,0,UNNAMED_1998_09
1998272N18068,1998,North Indian,UNNAMED,1998-09-30 00:00:00,18.2,65.7,35.0,0,UNNAMED_1998_09
1998274N19254,1998,Eastern Pacific,UNNAMED,1998-10-01 18:00:00,20.4,-109.0,30.0,-1,UNNAMED_1998_10
1998275N12113,1998,Western Pacific,UNNAMED,1998-10-03 06:00:00,14.9,113.4,30.0,-1,UNNAMED_1998_10
1998277N24122,1998,Western Pacific,UNNAMED,1998-10-06 12:00:00,24.6,122.8,30.0,-1,UNNAMED_1998_10
1998278N14314,1998,North Atlantic,LISA,1998-10-09 12:00:00,41.6,-38.7,65.0,1,LISA_1998_10
1998278N28126,1998,Western Pacific,UNNAMED,1998-10-06 00:00:00,29.5,126.0,30.0,-1,UNNAMED_1998_10
1998279S10092,1999,South Indian,ZELIA,1998-10-08 12:00:00,-14.6,95.2,45.0,0,ZELIA_1998_10
1998281N11151,1998,Western Pacific,ZEB,1998-10-13 12:00:00,16.0,124.7,155.0,5,ZEB_1998_10
1998283N13149,1998,Western Pacific,UNNAMED,1998-10-10 12:00:00,13.6,147.4,50.0,0,UNNAMED_1998_10
1998283N13268,1998,Eastern Pacific,MADELINE,1998-10-18 12:00:00,20.6,-106.6,75.0,1,MADELINE_1998_10
1998284N13243,1998,Eastern Pacific,KAY,1998-10-13 18:00:00,16.0,-118.6,65.0,1,KAY_1998_10
1998285N12149,1998,Western Pacific,BABS,1998-10-20 12:00:00,12.2,127.2,135.0,4,BABS_1998_10
1998285N14068,1998,North Indian,UNNAMED,1998-10-16 00:00:00,17.1,65.1,35.0,0,UNNAMED_1998_10
1998288N11268,1998,Eastern Pacific,LESTER,1998-10-22 12:00:00,16.8,-108.8,100.0,3,LESTER_1998_10
1998295N12284,1998,North Atlantic,MITCH,1998-10-26 18:00:00,16.9,-83.1,155.0,5,MITCH_1998_10
1998310S10096,1999,South Indian,ALISON,1998-11-09 12:00:00,-14.1,95.4,70.0,1,ALISON_1998_11
1998315N09116,1998,Western Pacific,CHIP,1998-11-13 12:00:00,11.1,110.1,50.0,0,CHIP_1998_11
1998317N11087,1998,North Indian,UNNAMED,1998-11-15 12:00:00,17.7,82.9,85.0,2,UNNAMED_1998_11
1998320N10102,1998,North Indian,UNNAMED,1998-11-22 00:00:00,20.1,87.9,75.0,1,UNNAMED_1998_11
1998321N11117,1998,Western Pacific,DAWN,1998-11-19 06:00:00,11.8,110.5,45.0,0,DAWN_1998_11
1998327N09126,1998,Western Pacific,ELVIS,1998-11-25 00:00:00,13.0,112.1,45.0,0,ELVIS_1998_11
1998328N28332,1998,North Atlantic,NICOLE,1998-12-01 00:00:00,35.1,-37.9,75.0,1,NICOLE_1998_12
1998335S12138,1999,South Indian,THELMA,1998-12-08 12:00:00,-11.6,129.2,135.0,4,THELMA_1998_12
1998336S13120,1999,South Indian,BILLY,1998-12-04 00:00:00,-18.0,116.9,65.0,1,BILLY_1998_12
1998342N06141,1998,Western Pacific,FAITH,1998-12-11 12:00:00,11.4,118.8,90.0,2,FAITH_1998_12
1998343N08114,1998,Western Pacific,GIL,1998-12-10 18:00:00,8.1,105.8,35.0,0,GIL_1998_12
1998346N10072,1998,North Indian,UNNAMED,1998-12-15 06:00:00,16.7,65.7,65.0,1,UNNAMED_1998_12
1998348S17156,1999,South Pacific,UNNAMED,1998-12-17 06:00:00,-32.0,165.1,35.0,0,UNNAMED_1998_12
1998351N11125,1998,Western Pacific,UNNAMED,1998-12-17 12:00:00,12.5,122.9,25.0,-1,UNNAMED_1998_12
1998353N13113,1998,Western Pacific,UNNAMED,1998-12-19 06:00:00,13.5,113.3,30.0,-1,UNNAMED_1998_12
1998355S14187,1999,South Pacific,CORA,1998-12-25 18:00:00,-19.9,-175.8,90.0,2,CORA_1998_12
1998355S20210,1999,South Pacific,UNNAMED,1998-12-23 12:00:00,-33.3,-143.5,50.0,0,UNNAMED_1998_12
1998357S11101,1999,South Indian,CATHY,1998-12-26 12:00:00,-16.6,94.8,40.0,0,CATHY_1998_12
1999003N05114,1999,Western Pacific,UNNAMED,1999-01-06 18:00:00,9.3,114.2,35.0,0,UNNAMED_1999_01
1999013S13164,1999,South Pacific,DANI,1999-01-17 00:00:00,-15.1,163.4,115.0,4,DANI_1999_01
1999015S20036,1999,South Indian,ALDA,1999-01-18 06:00:00,-27.5,39.1,65.0,1,ALDA_1999_01
1999020S17158,1999,South Pacific,OLINDA,1999-01-22 00:00:00,-20.8,160.5,55.0,0,OLINDA_1999_01
1999021S13113,1999,South Indian,BIRENDA:DAMIEN,1999-01-25 00:00:00,-16.1,98.1,80.0,1,BIRENDA:DAMIEN_1999_01
1999021S15149,1999,South Pacific,PETE,1999-01-23 18:00:00,-22.9,159.8,55.0,0,PETE_1999_01
1999024S11138,1999,South Pacific,UNNAMED,1999-01-25 12:00:00,-13.2,138.7,35.0,0,UNNAMED_1999_01
1999029S14096,1999,South Indian,CHIKITA,1999-01-31 12:00:00,-17.2,83.5,40.0,0,CHIKITA_1999_01
1999031N08092,1999,North Indian,UNNAMED,1999-02-03 06:00:00,11.4,85.3,40.0,0,UNNAMED_1999_02
1999033S14118,1999,South Indian,UNNAMED,1999-02-06 00:00:00,-18.8,111.2,40.0,0,UNNAMED_1999_02
1999040S13160,1999,South Pacific,ELLA,1999-02-11 12:00:00,-13.5,164.5,45.0,0,ELLA_1999_02
1999040S15147,1999,South Pacific,RONA,1999-02-11 12:00:00,-16.4,145.7,55.0,0,RONA_1999_02
1999043S18038,1999,South Indian,UNNAMED,1999-02-14 06:00:00,-22.9,39.2,45.0,0,UNNAMED_1999_02
1999045N11138,1999,Western Pacific,IRIS,1999-02-17 00:00:00,11.8,130.9,35.0,0,IRIS_1999_02
1999048S21152,1999,South Pacific,FRANK,1999-02-20 00:00:00,-20.8,165.2,95.0,2,FRANK_1999_02
1999056S20035,1999,South Indian,UNNAMED,1999-02-27 12:00:00,-21.6,39.3,30.0,-1,UNNAMED_1999_02
1999057S22203,1999,South Pacific,GITA,1999-02-28 00:00:00,-27.1,-155.2,40.0,0,GITA_1999_02
1999060S10089,1999,South Indian,DAVINA,1999-03-07 12:00:00,-16.9,70.8,110.0,3,DAVINA_1999_03
1999062S12121,1999,South Indian,UNNAMED,1999-03-08 00:00:00,-14.8,93.8,35.0,0,UNNAMED_1999_03
1999070S19206,1999,South Pacific,HALI,1999-03-13 00:00:00,-20.1,-160.2,50.0,0,HALI_1999_03
1999071S15087,1999,South Indian,UNNAMED,1999-03-17 00:00:00,-13.5,73.9,35.0,0,UNNAMED_1999_03
1999074S13118,1999,South Indian,ELAINE,1999-03-18 06:00:00,-19.6,110.8,100.0,3,ELAINE_1999_03
1999074S13132,1999,South Indian,VANCE,1999-03-20 18:00:00,-17.3,116.2,125.0,4,VANCE_1999_03
1999084S12119,1999,South Indian,EVRINA:FREDERIC,1999-03-31 12:00:00,-17.6,91.9,140.0,5,EVRINA:FREDERIC_1999_03
1999092S11131,1999,South Indian,GWENDA,1999-04-07 00:00:00,-17.4,116.8,130.0,4,GWENDA_1999_04
1999096N10136,1999,Western Pacific,UNNAMED,1999-04-08 18:00:00,12.6,128.4,35.0,0,UNNAMED_1999_04
1999107S12090,1999,South Indian,HAMISH,1999-04-20 12:00:00,-13.3,92.4,45.0,0,HAMISH_1999_04
1999111N08126,1999,Western Pacific,KATE,1999-04-26 18:00:00,22.1,136.4,75.0,1,KATE_1999_04
1999116N14114,1999,Western Pacific,LEO,1999-04-30 18:00:00,19.9,115.4,110.0,3,LEO_1999_04
1999135N12073,1999,North Indian,UNNAMED,1999-05-19 00:00:00,20.4,67.3,110.0,3,UNNAMED_1999_05
1999151N09132,1999,Western Pacific,MAGGIE,1999-06-05 00:00:00,18.9,124.5,105.0,3,MAGGIE_1999_06
1999159N18091,1999,North Indian,UNNAMED,1999-06-10 12:00:00,21.1,88.4,35.0,0,UNNAMED_1999_06
1999163N27302,1999,North Atlantic,ARLENE,1999-06-13 00:00:00,28.8,-57.5,50.0,0,ARLENE_1999_06
1999169N13264,1999,Eastern Pacific,ADRIAN,1999-06-20 18:00:00,17.8,-109.7,85.0,2,ADRIAN_1999_06
1999184N20265,1999,North Atlantic,UNNAMED,1999-07-02 18:00:00,20.2,-95.0,30.0,-1,UNNAMED_1999_07
1999189N12263,1999,Eastern Pacific,BEATRIZ,1999-07-13 00:00:00,14.5,-120.3,105.0,3,BEATRIZ_1999_07
1999193N16269,1999,Eastern Pacific,UNNAMED,1999-07-14 06:00:00,16.8,-107.4,30.0,-1,UNNAMED_1999_07
1999195N24156,1999,Western Pacific,UNNAMED,1999-07-15 12:00:00,22.4,152.1,30.0,-1,UNNAMED_1999_07
1999201N25134,1999,Western Pacific,UNNAMED,1999-07-21 18:00:00,30.9,127.9,30.0,-1,UNNAMED_1999_07
1999202N10241,1999,Eastern Pacific,UNNAMED,1999-07-23 00:00:00,13.4,-130.6,30.0,-1,UNNAMED_1999_07
1999203N17129,1999,Western Pacific,NEIL,1999-07-26 06:00:00,29.3,128.9,40.0,0,NEIL_1999_07
1999204N17117,1999,Western Pacific,UNNAMED,1999-07-25 18:00:00,19.1,113.7,25.0,-1,UNNAMED_1999_07
1999205N11254,1999,Eastern Pacific,CALVIN,1999-07-25 12:00:00,15.0,-115.9,35.0,0,CALVIN_1999_07
1999208N06139,1999,Western Pacific,OLGA,1999-08-02 12:00:00,30.1,126.0,80.0,1,OLGA_1999_08
1999208N14234,1999,Eastern Pacific,UNNAMED,1999-07-27 00:00:00,14.3,-127.7,30.0,-1,UNNAMED_1999_07
1999213N12144,1999,Western Pacific,PAUL,1999-08-05 06:00:00,27.0,132.5,50.0,0,PAUL_1999_08
1999217N11265,1999,Eastern Pacific,DORA,1999-08-12 00:00:00,14.9,233.6,120.0,4,DORA_1999_08
1999218N12241,1999,Eastern Pacific,EUGENE,1999-08-09 18:00:00,14.0,-132.4,95.0,2,EUGENE_1999_08
1999218N21116,1999,Western Pacific,RACHEL,1999-08-06 06:00:00,21.6,117.3,35.0,0,RACHEL_1999_08
1999219N25142,1999,Western Pacific,UNNAMED,1999-08-07 00:00:00,25.1,141.5,25.0,-1,UNNAMED_1999_08
1999225N12247,1999,Eastern Pacific,UNNAMED,1999-08-13 18:00:00,14.2,-117.0,30.0,-1,UNNAMED_1999_08
1999228N10252,1999,Eastern Pacific,FERNANDA,1999-08-19 12:00:00,16.7,-122.1,55.0,0,FERNANDA_1999_08
1999228N31128,1999,Western Pacific,UNNAMED,1999-08-16 06:00:00,30.8,128.0,25.0,-1,UNNAMED_1999_08
1999230N12129,1999,Western Pacific,SAM,1999-08-22 06:00:00,22.2,114.6,75.0,1,SAM_1999_08
1999231N14341,1999,North Atlantic,CINDY,1999-08-28 12:00:00,30.1,-58.0,120.0,4,CINDY_1999_08
1999231N20266,1999,North Atlantic,BRET,1999-08-22 06:00:00,25.5,-95.5,125.0,4,BRET_1999_08
1999231N30181,1999,Western Pacific,TANYA,1999-08-22 00:00:00,32.6,163.8,70.0,1,TANYA_1999_08
1999233N32152,1999,Western Pacific,UNNAMED,1999-08-22 06:00:00,34.2,147.1,30.0,-1,UNNAMED_1999_08
1999234N16251,1999,Eastern Pacific,UNNAMED,1999-08-22 12:00:00,19.5,-109.3,30.0,-1,UNNAMED_1999_08
1999235N27140,1999,Western Pacific,VIRGIL,1999-08-25 12:00:00,26.3,143.6,70.0,1,VIRGIL_1999_08
1999236N12306,1999,North Atlantic,EMILY,1999-08-24 18:00:00,11.6,-53.9,45.0,0,EMILY_1999_08
1999236N22292,1999,North Atlantic,DENNIS,1999-08-28 18:00:00,27.7,-77.3,90.0,2,DENNIS_1999_08
1999241N12133,1999,Western Pacific,WENDY,1999-09-03 00:00:00,20.3,119.5,40.0,0,WENDY_1999_09
1999248N17256,1999,Eastern Pacific,GREG,1999-09-06 18:00:00,21.5,-108.4,65.0,1,GREG_1999_09
1999249N22264,1999,North Atlantic,UNNAMED,1999-09-06 00:00:00,22.0,-96.7,30.0,-1,UNNAMED_1999_09
1999251N15314,1999,North Atlantic,FLOYD,1999-09-13 06:00:00,23.6,-70.0,135.0,4,FLOYD_1999_09
1999253N17124,1999,Western Pacific,YORK,1999-09-15 18:00:00,21.8,115.0,70.0,1,YORK_1999_09
1999254N18142,1999,Western Pacific,ZIA,1999-09-14 06:00:00,31.3,131.2,45.0,0,ZIA_1999_09
1999255N13336,1999,North Atlantic,GERT,1999-09-16 00:00:00,17.8,-50.8,130.0,4,GERT_1999_09
1999258N25128,1999,Western Pacific,ANN,1999-09-17 12:00:00,29.8,125.7,45.0,0,ANN_1999_09
1999260N15255,1999,Eastern Pacific,HILARY,1999-09-20 00:00:00,20.7,-113.6,65.0,1,HILARY_1999_09
1999260N20130,1999,Western Pacific,BART,1999-09-22 06:00:00,25.9,127.0,140.0,5,BART_1999_09
1999262N25272,1999,North Atlantic,HARVEY,1999-09-20 18:00:00,27.0,-85.5,50.0,0,HARVEY_1999_09
1999266N18113,1999,Western Pacific,CAM,1999-09-24 12:00:00,19.9,115.0,40.0,0,CAM_1999_09
1999275N16135,1999,Western Pacific,DAN,1999-10-05 00:00:00,18.2,122.5,110.0,3,DAN_1999_10
1999277N20266,1999,North Atlantic,UNNAMED,1999-10-04 06:00:00,20.1,-94.1,30.0,-1,UNNAMED_1999_10
1999279N14315,1999,North Atlantic,UNNAMED,1999-10-06 00:00:00,14.4,-44.8,30.0,-1,UNNAMED_1999_10
1999281N16255,1999,Eastern Pacific,IRWIN,1999-10-09 18:00:00,19.0,-107.1,50.0,0,IRWIN_1999_10
1999286N16278,1999,North Atlantic,IRENE,1999-10-18 06:00:00,34.8,-75.2,95.0,2,IRENE_1999_10
1999288N12129,1999,Western Pacific,EVE,1999-10-19 00:00:00,15.9,110.2,35.0,0,EVE_1999_10
1999288N15093,1999,North Indian,UNNAMED,1999-10-17 00:00:00,17.7,85.7,120.0,4,UNNAMED_1999_10
1999291N10309,1999,North Atlantic,JOSE,1999-10-20 12:00:00,16.8,-61.1,85.0,2,JOSE_1999_10
1999298N12099,1999,North Indian,UNNAMED,1999-10-28 18:00:00,19.2,87.1,140.0,5,UNNAMED_1999_10
1999302N11279,1999,North Atlantic,KATRINA,1999-10-29 18:00:00,13.2,-82.9,35.0,0,KATRINA_1999_10
1999309N18147,1999,Western Pacific,UNNAMED,1999-11-05 18:00:00,18.3,146.2,30.0,-1,UNNAMED_1999_11
1999310N09138,1999,Western Pacific,FRANKIE,1999-11-08 06:00:00,12.2,124.5,35.0,0,FRANKIE_1999_11
1999315N13127,1999,Western Pacific,GLORIA,1999-11-15 18:00:00,27.7,137.8,65.0,1,GLORIA_1999_11
1999318N17278,1999,North Atlantic,LENNY,1999-11-17 18:00:00,17.4,-64.8,135.0,4,LENNY_1999_11
1999334N11118,1999,Western Pacific,UNNAMED,1999-12-01 00:00:00,11.2,111.2,30.0,-1,UNNAMED_1999_12
1999342N08116,1999,Western Pacific,UNNAMED,1999-12-10 00:00:00,7.7,110.8,30.0,-1,UNNAMED_1999_12
1999343S09095,2000,South Indian,ILSA,1999-12-15 06:00:00,-12.5,112.5,60.0,0,ILSA_1999_12
1999343S11123,2000,South Indian,JOHN,1999-12-14 12:00:00,-19.5,117.3,130.0,4,JOHN_1999_12
1999348N12115,1999,Western Pacific,UNNAMED,1999-12-14 18:00:00,11.8,112.1,30.0,-1,UNNAMED_1999_12
1999357S08076,2000,South Indian,ASTRIDE,1999-12-27 12:00:00,-14.5,61.3,65.0,1,ASTRIDE_1999_12
2000003S13082,2000,South Indian,BABIOLA,2000-01-09 18:00:00,-19.5,67.6,90.0,2,BABIOLA_2000_01
2000006S15164,2000,South Pacific,IRIS,2000-01-08 06:00:00,-16.6,166.6,70.0,1,IRIS_2000_01
2000019S11127,2000,South Indian,UNNAMED,2000-01-21 00:00:00,-16.4,116.4,30.0,-1,UNNAMED_2000_01
2000023S15172,2000,South Pacific,JO,2000-01-25 18:00:00,-22.4,175.9,65.0,1,JO_2000_01
2000024S12100,2000,South Indian,KIRRILY,2000-01-29 12:00:00,-20.9,107.0,85.0,2,KIRRILY_2000_01
2000025S15056,2000,South Indian,CONNIE,2000-01-28 00:00:00,-16.3,57.0,120.0,4,CONNIE_2000_01
2000031S11074,2000,South Indian,DAMIENNE,2000-02-02 00:00:00,-15.8,77.4,50.0,0,DAMIENNE_2000_02
2000032S11116,2000,South Indian,ELINE:LEONE,2000-02-22 06:00:00,-20.6,35.0,115.0,4,ELINE:LEONE_2000_02
2000050S13078,2000,South Indian,FELICIA,2000-02-22 18:00:00,-23.1,67.2,65.0,1,FELICIA_2000_02
2000055S23227,2000,South Pacific,KIM,2000-02-26 00:00:00,-24.5,-138.5,100.0,3,KIM_2000_02
2000056S17152,2000,South Indian,STEVE,2000-03-06 06:00:00,-20.3,116.9,65.0,1,STEVE_2000_03
2000058S14063,2000,South Indian,GLORIA,2000-03-01 06:00:00,-12.9,51.2,50.0,0,GLORIA_2000_03
2000060S12086,2000,South Indian,UNNAMED,2000-03-02 06:00:00,-13.6,86.9,35.0,0,UNNAMED_2000_03
2000060S17123,2000,South Indian,NORMAN,2000-03-03 06:00:00,-19.7,106.2,120.0,4,NORMAN_2000_03
2000064S19209,2000,South Pacific,LEO,2000-03-06 18:00:00,-25.6,-164.9,55.0,0,LEO_2000_03
2000067S15189,2000,South Pacific,MONA,2000-03-10 06:00:00,-24.3,-173.3,80.0,1,MONA_2000_03
2000075S17119,2000,South Indian,OLGA,2000-03-18 06:00:00,-19.1,108.9,50.0,0,OLGA_2000_03
2000083S17102,2000,South Indian,HUDAH,2000-04-01 12:00:00,-16.6,56.9,125.0,4,HUDAH_2000_04
2000089S20168,2000,South Pacific,VAUGHAN,2000-04-04 00:00:00,-13.7,155.1,50.0,0,VAUGHAN_2000_04
2000091S14156,2000,South Pacific,TESSI,2000-04-02 12:00:00,-18.8,147.6,50.0,0,TESSI_2000_04
2000102S13128,2000,South Indian,PAUL,2000-04-16 06:00:00,-13.7,100.2,130.0,4,PAUL_2000_04
2000103S10095,2000,South Indian,INNOCENTE,2000-04-17 12:00:00,-16.5,75.8,45.0,0,INNOCENTE_2000_04
2000104S17182,2000,South Pacific,NEIL,2000-04-15 12:00:00,-20.0,178.7,40.0,0,NEIL_2000_04
2000105S09127,2000,South Indian,ROSITA,2000-04-19 18:00:00,-18.4,122.3,125.0,4,ROSITA_2000_04
2000125N06136,2000,Western Pacific,DAMREY,2000-05-09 18:00:00,18.6,136.0,155.0,5,DAMREY_2000_05
2000138N16119,2000,Western Pacific,LONGWANG,2000-05-19 12:00:00,23.3,128.5,40.0,0,LONGWANG_2000_05
2000141N18116,2000,Western Pacific,UNNAMED,2000-05-21 00:00:00,18.2,118.8,30.0,-1,UNNAMED_2000_05
2000142N12262,2000,Eastern Pacific,ALETTA,2000-05-24 18:00:00,14.8,-105.9,90.0,2,ALETTA_2000_05
2000150N11117,2000,Western Pacific,UNNAMED,2000-05-31 12:00:00,14.9,110.2,30.0,-1,UNNAMED_2000_05
2000160N21267,2000,North Atlantic,UNNAMED,2000-06-07 18:00:00,21.0,-93.0,25.0,-1,UNNAMED_2000_06
2000164N12256,2000,Eastern Pacific,BUD,2000-06-14 00:00:00,14.9,-108.3,45.0,0,BUD_2000_06
2000170N10268,2000,Eastern Pacific,CARLOTTA,2000-06-21 06:00:00,15.1,-103.8,135.0,4,CARLOTTA_2000_06
2000175N09340,2000,North Atlantic,UNNAMED,2000-06-23 06:00:00,9.6,-21.0,30.0,-1,UNNAMED_2000_06
2000184N13133,2000,Western Pacific,KIROGI,2000-07-04 12:00:00,19.2,131.6,115.0,4,KIROGI_2000_07
2000185N15117,2000,Western Pacific,KAI-TAK,2000-07-07 06:00:00,19.7,118.7,75.0,1,KAI-TAK_2000_07
2000187N12245,2000,Eastern Pacific,UNNAMED,2000-07-06 12:00:00,12.8,-120.0,25.0,-1,UNNAMED_2000_07
2000193N10131,2000,Western Pacific,UNNAMED,2000-07-11 12:00:00,12.1,129.2,25.0,-1,UNNAMED_2000_07
2000196N16122,2000,Western Pacific,UNNAMED,2000-07-13 18:00:00,15.6,122.4,25.0,-1,UNNAMED_2000_07
2000199N20145,2000,Western Pacific,TEMBIN,2000-07-19 00:00:00,26.4,142.3,45.0,0,TEMBIN_2000_07
2000201N11224,2000,Eastern Pacific,UPANA,2000-07-21 06:00:00,10.2,-151.4,40.0,0,UPANA_2000_07
2000202N12131,2000,Western Pacific,BOLAVEN,2000-07-27 00:00:00,27.1,129.9,50.0,0,BOLAVEN_2000_07
2000203N17249,2000,Eastern Pacific,UNNAMED,2000-07-22 00:00:00,18.4,-111.7,30.0,-1,UNNAMED_2000_07
2000205N10260,2000,Eastern Pacific,DANIEL,2000-07-25 18:00:00,14.3,-121.1,110.0,3,DANIEL_2000_07
2000206N11266,2000,Eastern Pacific,EMILIA,2000-07-27 18:00:00,18.1,-111.8,55.0,0,EMILIA_2000_07
2000209N06182,2000,Western Pacific,CHANCHU,2000-07-29 00:00:00,12.2,175.9,40.0,0,CHANCHU_2000_07
2000214N22155,2000,Western Pacific,JELAWAT,2000-08-03 06:00:00,24.4,144.4,125.0,4,JELAWAT_2000_08
2000214S06080,2001,South Indian,UNNAMED,2000-08-01 18:00:00,-6.2,77.7,35.0,0,UNNAMED_2000_08
2000215N15254,2000,Eastern Pacific,FABIO,2000-08-04 12:00:00,16.8,-117.6,45.0,0,FABIO_2000_08
2000217N11342,2000,North Atlantic,ALBERTO,2000-08-12 12:00:00,35.9,-55.3,110.0,3,ALBERTO_2000_08
2000217N12260,2000,Eastern Pacific,GILMA,2000-08-08 12:00:00,19.1,-118.2,70.0,1,GILMA_2000_08
2000220N24149,2000,Western Pacific,UNNAMED,2000-08-08 18:00:00,31.4,143.4,30.0,-1,UNNAMED_2000_08
2000222N14143,2000,Western Pacific,EWINIAR,2000-08-15 00:00:00,34.8,148.4,75.0,1,EWINIAR_2000_08
2000222N28286,2000,North Atlantic,UNNAMED,2000-08-08 12:00:00,28.2,-74.2,30.0,-1,UNNAMED_2000_08
2000223N18257,2000,Eastern Pacific,HECTOR,2000-08-14 12:00:00,19.1,-119.3,70.0,1,HECTOR_2000_08
2000226N16258,2000,Eastern Pacific,ILEANA,2000-08-15 06:00:00,21.5,-108.5,60.0,0,ILEANA_2000_08
2000227N23267,2000,North Atlantic,BERYL,2000-08-14 18:00:00,23.9,-96.3,45.0,0,BERYL_2000_08
2000228N31180,2000,Eastern Pacific,WENE,2000-08-15 18:00:00,33.7,180.9,45.0,0,WENE_2000_08
2000230N08139,2000,Western Pacific,BILIS,2000-08-21 18:00:00,20.3,125.1,140.0,5,BILIS_2000_08
2000230N30169,2000,Western Pacific,UNNAMED,2000-08-17 06:00:00,31.5,170.9,25.0,-1,UNNAMED_2000_08
2000231N14308,2000,North Atlantic,CHRIS,2000-08-18 12:00:00,16.2,-55.4,35.0,0,CHRIS_2000_08
2000232N12116,2000,Western Pacific,KAEMI,2000-08-22 00:00:00,15.5,109.3,45.0,0,KAEMI_2000_08
2000233N12316,2000,North Atlantic,DEBBY,2000-08-21 12:00:00,15.7,-56.3,75.0,1,DEBBY_2000_08
2000237N08138,2000,Western Pacific,PRAPIROON,2000-08-30 06:00:00,28.6,123.3,75.0,1,PRAPIROON_2000_08
2000240N22115,2000,Western Pacific,MARIA,2000-08-31 12:00:00,21.6,115.5,55.0,0,MARIA_2000_08
2000241N15223,2000,Eastern Pacific,JOHN,2000-08-30 18:00:00,17.3,-140.4,60.0,0,JOHN_2000_08
2000244N13229,2000,Eastern Pacific,KRISTY,2000-09-02 00:00:00,13.2,-133.3,35.0,0,KRISTY_2000_09
2000245N14157,2000,Western Pacific,SAOMAI,2000-09-10 12:00:00,24.2,132.4,140.0,5,SAOMAI_2000_09
2000246N15315,2000,North Atlantic,ERNESTO,2000-09-02 06:00:00,16.2,-49.5,35.0,0,ERNESTO_2000_09
2000248N17117,2000,Western Pacific,WUKONG,2000-09-09 00:00:00,18.4,110.6,95.0,2,WUKONG_2000_09
2000248N18126,2000,Western Pacific,BOPHA,2000-09-08 06:00:00,25.5,128.4,55.0,0,BOPHA_2000_09
2000249N15258,2000,Eastern Pacific,LANE,2000-09-10 00:00:00,20.2,-112.5,85.0,2,LANE_2000_09
2000253N28267,2000,North Atlantic,UNNAMED,2000-09-08 21:00:00,28.0,-93.5,30.0,-1,UNNAMED_2000_09
2000255N31289,2000,North Atlantic,FLORENCE,2000-09-16 18:00:00,36.1,-61.8,70.0,1,FLORENCE_2000_09
2000258N22138,2000,Western Pacific,SONAMU,2000-09-17 06:00:00,33.3,142.1,75.0,1,SONAMU_2000_09
2000259N20273,2000,North Atlantic,GORDON,2000-09-17 06:00:00,26.1,-84.9,70.0,1,GORDON_2000_09
2000260N15178,2000,Western Pacific,SHANSHAN,2000-09-21 18:00:00,23.6,165.4,135.0,4,SHANSHAN_2000_09
2000260N15308,2000,North Atlantic,HELENE,2000-09-21 18:00:00,27.1,-87.1,60.0,0,HELENE_2000_09
2000260N19253,2000,Eastern Pacific,MIRIAM,2000-09-16 12:00:00,20.6,-107.8,35.0,0,MIRIAM_2000_09
2000264N17257,2000,Eastern Pacific,NORMAN,2000-09-20 18:00:00,18.3,-103.1,45.0,0,NORMAN_2000_09
2000266N12337,2000,North Atlantic,ISAAC,2000-09-28 18:00:00,26.6,-54.2,120.0,4,ISAAC_2000_09
2000270N11330,2000,North Atlantic,JOYCE,2000-09-28 06:00:00,12.2,-42.5,80.0,1,JOYCE_2000_09
2000272N24165,2000,Western Pacific,UNNAMED,2000-09-29 00:00:00,27.3,165.6,35.0,0,UNNAMED_2000_09
2000273N16277,2000,North Atlantic,KEITH,2000-10-01 06:00:00,17.9,-87.2,120.0,4,KEITH_2000_10
2000277N15257,2000,Eastern Pacific,OLIVIA,2000-10-03 18:00:00,15.4,-104.5,55.0,0,OLIVIA_2000_10
2000279N29279,2000,North Atlantic,LESLIE,2000-10-10 18:00:00,53.0,-10.0,60.0,-4,LESLIE_2000_10
2000281N11111,2000,Western Pacific,UNNAMED,2000-10-08 18:00:00,11.5,112.3,40.0,0,UNNAMED_2000_10
2000289N15089,2000,North Indian,UNNAMED,2000-10-16 00:00:00,14.4,86.2,35.0,0,UNNAMED_2000_10
2000290N30289,2000,North Atlantic,MICHAEL,2000-10-19 18:00:00,44.0,-58.5,85.0,2,MICHAEL_2000_10
2000294N26300,2000,North Atlantic,NADINE,2000-10-21 00:00:00,32.4,-55.2,50.0,0,NADINE_2000_10
2000295N20146,2000,Western Pacific,YAGI,2000-10-24 18:00:00,24.1,125.5,105.0,3,YAGI_2000_10
2000299N08139,2000,Western Pacific,XANGSANE,2000-10-30 00:00:00,16.5,118.3,90.0,2,XANGSANE_2000_10
2000299N10252,2000,Eastern Pacific,PAUL,2000-10-26 18:00:00,10.3,-116.7,40.0,0,PAUL_2000_10
2000299N13093,2000,North Indian,UNNAMED,2000-10-27 18:00:00,20.4,88.5,35.0,0,UNNAMED_2000_10
2000299N22291,2000,North Atlantic,UNNAMED,2000-10-28 18:00:00,38.0,-65.5,55.0,-2,UNNAMED_2000_10
2000305N06136,2000,Western Pacific,BEBINCA,2000-11-02 12:00:00,14.5,122.5,85.0,2,BEBINCA_2000_11
2000309N10270,2000,Eastern Pacific,ROSA,2000-11-06 06:00:00,11.8,-98.8,55.0,0,ROSA_2000_11
2000313N18126,2000,Western Pacific,UNNAMED,2000-11-09 00:00:00,24.4,125.3,30.0,-1,UNNAMED_2000_11
2000315S08083,2001,South Indian,UNNAMED,2000-11-12 12:00:00,-10.5,79.4,35.0,0,UNNAMED_2000_11
2000331N09092,2000,North Indian,UNNAMED,2000-11-28 12:00:00,11.5,82.0,65.0,1,UNNAMED_2000_11
2000332N08133,2000,Western Pacific,RUMBIA,2000-11-30 00:00:00,11.1,125.4,55.0,0,RUMBIA_2000_11
2000333S11140,2001,South Indian,SAM,2000-12-07 18:00:00,-17.8,120.9,110.0,3,SAM_2000_12
2000358N08086,2000,North Indian,UNNAMED,2000-12-26 12:00:00,8.5,81.0,65.0,1,UNNAMED_2000_12
2000364N07130,2000,Western Pacific,SOULIK,2001-01-03 18:00:00,18.1,136.2,110.0,3,SOULIK_2001_01
2000366S09068,2001,South Indian,ANDO,2001-01-05 18:00:00,-17.8,54.7,120.0,4,ANDO_2001_01
2001003S09091,2001,South Indian,BINDU,2001-01-12 18:00:00,-18.0,69.1,100.0,3,BINDU_2001_01
2001018S12086,2001,South Indian,CHARLY,2001-01-22 12:00:00,-18.8,72.9,105.0,3,CHARLY_2001_01
2001028S15128,2001,South Indian,TERRI,2001-01-31 00:00:00,-19.7,119.4,50.0,0,TERRI_2001_01
2001039S11139,2001,South Pacific,WINSOME,2001-02-11 00:00:00,-14.5,135.6,40.0,0,WINSOME_2001_02
2001039S13117,2001,South Indian,VINCENT,2001-02-12 12:00:00,-14.7,111.8,35.0,0,VINCENT_2001_02
2001047N09134,2001,Western Pacific,UNNAMED,2001-02-18 00:00:00,10.5,125.9,25.0,-1,UNNAMED_2001_02
2001047S17157,2001,South Pacific,UNNAMED,2001-02-17 12:00:00,-19.6,165.6,35.0,0,UNNAMED_2001_02
2001049S17198,2001,South Pacific,OMA,2001-02-21 06:00:00,-24.7,-159.1,45.0,0,OMA_2001_02
2001054S15155,2001,South Pacific,ABIGAIL,2001-02-26 12:00:00,-16.7,138.5,60.0,0,ABIGAIL_2001_02
2001056S11163,2001,South Pacific,PAULA,2001-03-02 06:00:00,-22.0,180.8,105.0,3,PAULA_2001_03
2001060S19223,2001,South Pacific,RITA,2001-03-03 12:00:00,-23.9,-135.8,40.0,0,RITA_2001_03
2001064S10052,2001,South Indian,DERA,2001-03-12 00:00:00,-29.4,41.0,90.0,2,DERA_2001_03
2001091S11111,2001,South Indian,WALTER,2001-04-05 06:00:00,-11.7,96.6,90.0,2,WALTER_2001_04
2001091S13094,2001,South Indian,UNNAMED,2001-04-03 12:00:00,-14.9,82.9,35.0,0,UNNAMED_2001_04
2001093S10062,2001,South Indian,EVARISTE,2001-04-05 18:00:00,-14.9,61.1,75.0,1,EVARISTE_2001_04
2001094S12172,2001,South Pacific,SOSE,2001-04-08 12:00:00,-20.3,169.2,70.0,1,SOSE_2001_04
2001106N04138,2001,Western Pacific,UNNAMED,2001-04-18 12:00:00,8.4,131.5,25.0,-1,UNNAMED_2001_04
2001106S08137,2001,South Indian,ALISTAIR,2001-04-19 00:00:00,-15.9,122.1,65.0,1,ALISTAIR_2001_04
2001125N05129,2001,Western Pacific,CIMARON,2001-05-13 18:00:00,24.3,125.1,60.0,0,CIMARON_2001_05
2001141N14068,2001,North Indian,UNNAMED,2001-05-24 06:00:00,16.9,69.0,110.0,3,UNNAMED_2001_05
2001146N14259,2001,Eastern Pacific,ADOLPH,2001-05-29 00:00:00,15.0,-102.1,125.0,4,ADOLPH_2001_05
2001157N28265,2001,North Atlantic,ALLISON,2001-06-05 18:00:00,28.5,-95.3,50.0,0,ALLISON_2001_06
2001170N11138,2001,Western Pacific,CHEBI,2001-06-23 00:00:00,22.2,119.4,100.0,3,CHEBI_2001_06
2001171N12234,2001,Eastern Pacific,BARBARA,2001-06-21 12:00:00,14.7,-134.1,50.0,0,BARBARA_2001_06
2001171S35037,2001,South Indian,UNNAMED,2001-06-21 06:00:00,-26.6,34.7,65.0,1,UNNAMED_2001_06
2001180N15118,2001,Western Pacific,DURIAN,2001-07-01 18:00:00,20.8,110.8,75.0,1,DURIAN_2001_07
2001181N08141,2001,Western Pacific,UTOR,2001-07-04 06:00:00,18.8,122.2,80.0,1,UTOR_2001_07
2001189N13130,2001,Western Pacific,TRAMI,2001-07-10 06:00:00,20.4,123.5,40.0,0,TRAMI_2001_07
2001192N21177,2001,Western Pacific,UNNAMED,2001-07-10 18:00:00,21.4,176.9,25.0,-1,UNNAMED_2001_07
2001193N11318,2001,North Atlantic,UNNAMED,2001-07-11 18:00:00,10.9,-42.1,25.0,-1,UNNAMED_2001_07
2001194N15252,2001,Eastern Pacific,COSME,2001-07-13 18:00:00,16.3,-111.4,40.0,0,COSME_2001_07
2001202N11266,2001,Eastern Pacific,DALILA,2001-07-24 12:00:00,18.2,-109.0,65.0,1,DALILA_2001_07
2001202N14243,2001,Eastern Pacific,ERICK,2001-07-21 18:00:00,16.2,-120.4,35.0,0,ERICK_2001_07
2001202N23152,2001,Western Pacific,KONG-REY,2001-07-26 12:00:00,30.2,141.9,85.0,2,KONG-REY_2001_07
2001204N19127,2001,Western Pacific,YUTU,2001-07-24 12:00:00,20.6,115.8,85.0,2,YUTU_2001_07
2001206N14134,2001,Western Pacific,TORAJI,2001-07-29 18:00:00,23.8,121.3,100.0,3,TORAJI_2001_07
2001212N10158,2001,Western Pacific,MAN-YI,2001-08-04 12:00:00,22.4,144.1,120.0,4,MAN-YI_2001_08
2001215N26275,2001,North Atlantic,BARRY,2001-08-05 18:00:00,28.6,-86.4,60.0,0,BARRY_2001_08
2001220N17118,2001,Western Pacific,USAGI,2001-08-10 12:00:00,18.1,107.5,40.0,0,USAGI_2001_08
2001225N18146,2001,Western Pacific,PABUK,2001-08-19 00:00:00,25.4,134.4,90.0,2,PABUK_2001_08
2001227N13323,2001,North Atlantic,CHANTAL,2001-08-19 06:00:00,15.4,-78.4,60.0,0,CHANTAL_2001_08
2001235N17225,2001,Eastern Pacific,UNNAMED,2001-08-22 18:00:00,18.1,-135.9,30.0,-1,UNNAMED_2001_08
2001235N18296,2001,North Atlantic,DEAN,2001-08-27 18:00:00,40.6,-59.4,60.0,0,DEAN_2001_08
2001236N21161,2001,Western Pacific,UNNAMED,2001-08-25 00:00:00,23.7,162.4,30.0,-1,UNNAMED_2001_08
2001238N16139,2001,Western Pacific,WUTIP,2001-08-29 12:00:00,24.0,146.4,130.0,4,WUTIP_2001_08
2001238N18162,2001,Western Pacific,SEPAT,2001-08-28 00:00:00,24.5,161.2,45.0,0,SEPAT_2001_08
2001238N19252,2001,Eastern Pacific,FLOSSIE,2001-08-29 18:00:00,20.9,-116.6,90.0,2,FLOSSIE_2001_08
2001239N19116,2001,Western Pacific,FITOW,2001-08-31 00:00:00,21.1,109.1,45.0,0,FITOW_2001_08
2001245N13326,2001,North Atlantic,ERIN,2001-09-09 18:00:00,32.4,-62.8,105.0,3,ERIN_2001_09
2001246N19156,2001,Western Pacific,DANAS,2001-09-07 06:00:00,27.2,147.6,105.0,3,DANAS_2001_09
2001247N15237,2001,Eastern Pacific,GIL,2001-09-06 18:00:00,14.9,-128.0,85.0,2,GIL_2001_09
2001248N17251,2001,Eastern Pacific,HENRIETTE,2001-09-07 00:00:00,20.5,-122.9,55.0,0,HENRIETTE_2001_09
2001248N23125,2001,Western Pacific,NARI,2001-09-11 12:00:00,26.4,127.1,100.0,3,NARI_2001_09
2001251N14332,2001,North Atlantic,FELIX,2001-09-14 00:00:00,28.2,-47.2,100.0,3,FELIX_2001_09
2001253N13213,2001,Eastern Pacific,UNNAMED,2001-09-10 12:00:00,13.2,-149.0,30.0,-1,UNNAMED_2001_09
2001254N15261,2001,Eastern Pacific,IVO,2001-09-12 18:00:00,20.3,-109.6,45.0,0,IVO_2001_09
2001255N26276,2001,North Atlantic,GABRIELLE,2001-09-17 12:00:00,35.3,-66.6,70.0,1,GABRIELLE_2001_09
2001259N20138,2001,Western Pacific,VIPA,2001-09-20 18:00:00,36.1,145.8,75.0,1,VIPA_2001_09
2001260N14167,2001,Western Pacific,FRANCISCO,2001-09-23 12:00:00,26.3,147.5,100.0,3,FRANCISCO_2001_09
2001263N13278,2001,North Atlantic,UNNAMED,2001-09-19 18:00:00,13.4,-81.9,30.0,-1,UNNAMED_2001_09
2001264N13269,2001,Eastern Pacific,JULIETTE,2001-09-25 06:00:00,15.9,-105.3,125.0,4,JULIETTE_2001_09
2001264N21126,2001,Western Pacific,LEKIMA,2001-09-26 00:00:00,21.6,121.4,95.0,2,LEKIMA_2001_09
2001265N16244,2001,Eastern Pacific,KIKO,2001-09-23 12:00:00,18.2,-123.3,65.0,1,KIKO_2001_09
2001265N25296,2001,North Atlantic,HUMBERTO,2001-09-26 12:00:00,41.0,-59.2,90.0,2,HUMBERTO_2001_09
2001266N10217,2001,Eastern Pacific,UNNAMED,2001-09-23 06:00:00,9.9,-147.2,35.0,0,UNNAMED_2001_09
2001267N17070,2001,North Indian,UNNAMED,2001-09-26 06:00:00,17.9,66.8,35.0,0,UNNAMED_2001_09
2001275N12258,2001,Eastern Pacific,LORENA,2001-10-03 12:00:00,15.7,-106.5,50.0,0,LORENA_2001_10
2001276N13146,2001,Western Pacific,KROSA,2001-10-05 12:00:00,19.7,137.2,105.0,3,KROSA_2001_10
2001276N14240,2001,Eastern Pacific,UNNAMED,2001-10-03 06:00:00,13.8,-121.2,30.0,-1,UNNAMED_2001_10
2001277S10082,2002,South Indian,UNNAMED,2001-10-06 06:00:00,-11.0,83.0,35.0,0,UNNAMED_2001_10
2001278N12302,2001,North Atlantic,IRIS,2001-10-09 00:00:00,16.5,-88.0,125.0,4,IRIS_2001_10
2001280N11309,2001,North Atlantic,JERRY,2001-10-07 12:00:00,11.7,-57.7,45.0,0,JERRY_2001_10
2001281N18071,2001,North Indian,UNNAMED,2001-10-09 12:00:00,18.8,68.4,35.0,0,UNNAMED_2001_10
2001284N14261,2001,Eastern Pacific,MANUEL,2001-10-16 12:00:00,18.0,-118.1,50.0,0,MANUEL_2001_10
2001284N16132,2001,Western Pacific,HAIYAN,2001-10-15 18:00:00,23.9,125.1,90.0,2,HAIYAN_2001_10
2001284N28297,2001,North Atlantic,KAREN,2001-10-14 06:00:00,38.6,-63.7,70.0,1,KAREN_2001_10
2001291N05158,2001,Western Pacific,PODUL,2001-10-24 06:00:00,17.1,156.9,140.0,5,PODUL_2001_10
2001294N11235,2001,Eastern Pacific,NARDA,2001-10-22 00:00:00,14.5,-131.4,75.0,1,NARDA_2001_10
2001298S07098,2002,South Indian,ALEX:ANDRE,2001-10-28 00:00:00,-7.9,89.9,55.0,0,ALEX:ANDRE_2001_10
2001301N27325,2001,North Atlantic,LORENZO,2001-10-30 00:00:00,28.5,-44.6,35.0,0,LORENZO_2001_10
2001303N13276,2001,North Atlantic,MICHELLE,2001-11-04 06:00:00,20.1,-83.3,120.0,4,MICHELLE_2001_11
2001304N12237,2001,Eastern Pacific,OCTAVE,2001-11-02 00:00:00,16.5,-128.6,75.0,1,OCTAVE_2001_11
2001308N34310,2001,North Atlantic,NOEL,2001-11-05 12:00:00,37.8,-50.3,65.0,1,NOEL_2001_11
2001309N10130,2001,Western Pacific,LINGLING,2001-11-10 12:00:00,13.6,114.1,115.0,4,LINGLING_2001_11
2001313N12084,2001,North Indian,UNNAMED,2001-11-10 12:00:00,14.4,82.1,30.0,-1,UNNAMED_2001_11
2001320S11146,2002,South Indian,UNNAMED,2001-11-21 06:00:00,-6.6,129.3,35.0,0,UNNAMED_2001_11
2001321N07148,2001,Western Pacific,UNNAMED,2001-11-20 12:00:00,14.2,134.4,35.0,0,UNNAMED_2001_11
2001323N05107,2001,Western Pacific,UNNAMED,2001-11-20 18:00:00,6.2,112.2,35.0,0,UNNAMED_2001_11
2001324S12081,2002,South Indian,UNNAMED,2001-11-21 12:00:00,-11.4,82.8,35.0,0,UNNAMED_2001_11
2001327N31309,2001,North Atlantic,OLGA,2001-11-27 06:00:00,32.6,-57.0,80.0,1,OLGA_2001_11
2001329S06095,2002,South Indian,BAKO:BESSI,2001-12-02 18:00:00,-17.0,85.8,75.0,1,BAKO:BESSI_2001_12
2001334S21200,2002,South Pacific,TRINA,2001-11-30 12:00:00,-21.5,-159.3,35.0,0,TRINA_2001_11
2001338N10130,2001,Western Pacific,KAJIKI,2001-12-05 12:00:00,10.8,123.9,35.0,0,KAJIKI_2001_12
2001345N05155,2001,Western Pacific,UNNAMED,2001-12-12 18:00:00,5.7,159.7,35.0,0,UNNAMED_2001_12
2001347N04162,2001,Western Pacific,FAXAI,2001-12-23 00:00:00,14.8,150.2,155.0,5,FAXAI_2001_12
2001361N01106,2001,Western Pacific,VAMEI,2001-12-27 00:00:00,1.5,105.2,65.0,1,VAMEI_2001_12
2001363S10185,2002,South Pacific,WAKA,2001-12-31 00:00:00,-16.2,-175.4,100.0,3,WAKA_2001_12
2001364S19036,2002,South Indian,CYPRIEN,2002-01-01 12:00:00,-20.7,41.8,50.0,0,CYPRIEN_2002_01
2001365S12138,2002,South Pacific,BERNIE,2002-01-03 18:00:00,-15.1,139.1,45.0,0,BERNIE_2002_01
2002008N07141,2002,Western Pacific,TAPAH,2002-01-12 12:00:00,13.8,125.6,50.0,0,TAPAH_2002_01
2002017S07078,2002,South Indian,DINA,2002-01-20 06:00:00,-18.0,64.2,130.0,4,DINA_2002_01
2002023S10089,2002,South Indian,EDDY,2002-01-26 18:00:00,-20.1,89.6,75.0,1,EDDY_2002_01
2002030S13093,2002,South Indian,FRANCESCA,2002-02-05 00:00:00,-15.9,78.4,115.0,4,FRANCESCA_2002_02
2002033S13121,2002,South Indian,CHRIS,2002-02-05 12:00:00,-19.2,120.3,125.0,4,CHRIS_2002_02
2002042S20156,2002,South Pacific,CLAUDIA,2002-02-12 06:00:00,-24.1,160.0,75.0,1,CLAUDIA_2002_02
2002045S18049,2002,South Indian,GUILLAUME,2002-02-18 18:00:00,-18.2,59.5,120.0,4,GUILLAUME_2002_02
2002054S17176,2002,South Pacific,UNNAMED,2002-02-24 12:00:00,-20.4,175.6,35.0,0,UNNAMED_2002_02
2002057N06156,2002,Western Pacific,MITAG,2002-03-05 06:00:00,13.7,130.1,140.0,5,MITAG_2002_03
2002062S15154,2002,South Pacific,DES,2002-03-06 00:00:00,-20.1,162.3,50.0,0,DES_2002_03
2002063S11066,2002,South Indian,HARY,2002-03-10 00:00:00,-14.7,50.8,140.0,5,HARY_2002_03
2002073S16161,2002,South Pacific,UNNAMED,2002-03-14 18:00:00,-19.9,165.4,35.0,0,UNNAMED_2002_03
2002078N04138,2002,Western Pacific,UNNAMED,2002-03-20 06:00:00,6.9,130.2,30.0,-1,UNNAMED_2002_03
2002081S08084,2002,South Indian,IKALA,2002-03-27 12:00:00,-17.1,76.1,110.0,3,IKALA_2002_03
2002096N11155,2002,Western Pacific,UNNAMED,2002-04-05 18:00:00,12.9,156.1,30.0,-1,UNNAMED_2002_04
2002096S10103,2002,South Indian,DIANNE:JERY,2002-04-09 12:00:00,-17.7,88.1,105.0,3,DIANNE:JERY_2002_04
2002098S07133,2002,South Indian,BONNIE,2002-04-12 18:00:00,-11.0,113.2,50.0,0,BONNIE_2002_04
2002122S07063,2002,South Indian,KESINY,2002-05-06 06:00:00,-10.5,61.1,65.0,1,KESINY_2002_05
2002126N09068,2002,North Indian,UNNAMED,2002-05-09 06:00:00,14.6,58.1,45.0,0,UNNAMED_2002_05
2002128S05097,2002,South Indian,ERROL,2002-05-11 06:00:00,-5.9,96.5,45.0,0,ERROL_2002_05
2002129N08096,2002,North Indian,UNNAMED,2002-05-11 06:00:00,12.9,95.8,45.0,0,UNNAMED_2002_05
2002133N03150,2002,Western Pacific,HAGIBIS,2002-05-19 12:00:00,19.3,142.1,140.0,5,HAGIBIS_2002_05
2002143S07157,2002,South Pacific,UPIA,2002-05-25 06:00:00,-7.9,153.7,35.0,0,UPIA_2002_05
2002145N11259,2002,Eastern Pacific,ALMA,2002-05-30 06:00:00,15.3,-115.4,100.0,3,ALMA_2002_05
2002146N17113,2002,Western Pacific,UNNAMED,2002-05-26 06:00:00,16.8,112.8,25.0,-1,UNNAMED_2002_05
2002155N20112,2002,Western Pacific,NOGURI,2002-06-09 00:00:00,22.7,124.7,85.0,2,NOGURI_2002_06
2002160N16258,2002,Eastern Pacific,BORIS,2002-06-09 06:00:00,16.8,-104.1,50.0,0,BORIS_2002_06
2002178N04155,2002,Western Pacific,CHATAAN,2002-07-07 18:00:00,20.8,134.1,130.0,4,CHATAAN_2002_07
2002178N10139,2002,Western Pacific,RAMMASUN,2002-07-03 00:00:00,23.2,126.3,110.0,3,RAMMASUN_2002_07
2002179N12238,2002,Eastern Pacific,UNNAMED,2002-06-27 12:00:00,11.8,-121.9,30.0,-1,UNNAMED_2002_06
2002187N11160,2002,Western Pacific,HALONG,2002-07-13 06:00:00,20.2,132.2,135.0,4,HALONG_2002_07
2002189N21116,2002,Western Pacific,NAKRI,2002-07-10 18:00:00,25.3,124.1,40.0,0,NAKRI_2002_07
2002191N12260,2002,Eastern Pacific,CRISTINA,2002-07-14 12:00:00,16.6,-117.8,55.0,0,CRISTINA_2002_07
2002195N11172,2002,Western Pacific,FENGSHEN,2002-07-21 12:00:00,20.5,154.3,145.0,5,FENGSHEN_2002_07
2002196N34283,2002,North Atlantic,ARTHUR,2002-07-16 00:00:00,37.9,-65.1,50.0,0,ARTHUR_2002_07
2002198N09182,2002,Western Pacific,KALMAEGI,2002-07-20 18:00:00,16.7,178.6,30.0,-1,KALMAEGI_2002_07
2002199N08130,2002,Western Pacific,UNNAMED,2002-07-20 12:00:00,13.7,122.0,35.0,0,UNNAMED_2002_07
2002200N21150,2002,Western Pacific,FUNG-WONG,2002-07-23 06:00:00,22.9,131.1,65.0,1,FUNG-WONG_2002_07
2002202N13254,2002,Eastern Pacific,DOUGLAS,2002-07-22 18:00:00,17.2,-112.7,90.0,2,DOUGLAS_2002_07
2002204N12263,2002,Eastern Pacific,ELIDA,2002-07-25 06:00:00,14.3,-109.5,140.0,5,ELIDA_2002_07
2002214N19120,2002,Western Pacific,KAMMURI,2002-08-04 18:00:00,22.2,115.5,50.0,0,KAMMURI_2002_08
2002215N34140,2002,Western Pacific,UNNAMED,2002-08-05 06:00:00,34.2,150.6,25.0,-1,UNNAMED_2002_08
2002217N29272,2002,North Atlantic,BERTHA,2002-08-05 00:00:00,29.3,-89.2,35.0,0,BERTHA_2002_08
2002218N13241,2002,Eastern Pacific,UNNAMED,2002-08-06 06:00:00,13.9,-119.8,30.0,-1,UNNAMED_2002_08
2002218N32283,2002,North Atlantic,CRISTOBAL,2002-08-08 00:00:00,29.7,-75.3,45.0,0,CRISTOBAL_2002_08
2002222N09163,2002,Western Pacific,PHANFONE,2002-08-15 18:00:00,23.9,143.3,135.0,4,PHANFONE_2002_08
2002222N11131,2002,Western Pacific,UNNAMED,2002-08-12 12:00:00,13.0,126.8,35.0,0,UNNAMED_2002_08
2002227N14115,2002,Western Pacific,VONGFONG,2002-08-19 06:00:00,19.9,111.1,55.0,0,VONGFONG_2002_08
2002234N11221,2002,Eastern Pacific,ALIKA,2002-08-25 06:00:00,12.7,-152.6,55.0,0,ALIKA_2002_08
2002234N13253,2002,Eastern Pacific,FAUSTO,2002-08-24 12:00:00,15.7,-121.8,125.0,4,FAUSTO_2002_08
2002234N14164,2002,Western Pacific,RUSA,2002-08-26 06:00:00,22.5,145.6,115.0,4,RUSA_2002_08
2002237N10202,2002,Western Pacific,ELE,2002-08-31 06:00:00,15.0,177.6,115.0,4,ELE_2002_08
2002238N15250,2002,Eastern Pacific,GENEVIEVE,2002-08-27 18:00:00,14.1,-114.9,60.0,0,GENEVIEVE_2002_08
2002240N16155,2002,Western Pacific,SINLAKU,2002-08-31 06:00:00,23.7,149.7,110.0,3,SINLAKU_2002_08
2002242N10329,2002,North Atlantic,DOLLY,2002-08-30 12:00:00,10.3,-36.3,50.0,0,DOLLY_2002_08
2002242N14257,2002,Eastern Pacific,HERNAN,2002-09-01 12:00:00,17.2,-111.1,140.0,5,HERNAN_2002_09
2002245N29281,2002,North Atlantic,EDOUARD,2002-09-03 12:00:00,30.4,-78.4,55.0,0,EDOUARD_2002_09
2002247S03067,2003,South Indian,ABAIMBA,2002-09-06 18:00:00,-4.0,58.1,35.0,0,ABAIMBA_2002_09
2002249N19253,2002,Eastern Pacific,UNNAMED,2002-09-06 00:00:00,19.6,-108.0,30.0,-1,UNNAMED_2002_09
2002249N28266,2002,North Atlantic,FAY,2002-09-06 12:00:00,27.7,-94.5,50.0,0,FAY_2002_09
2002251N24313,2002,North Atlantic,UNNAMED,2002-09-07 12:00:00,24.3,-47.5,30.0,-1,UNNAMED_2002_09
2002252N20121,2002,Western Pacific,HAGUPIT,2002-09-11 06:00:00,21.0,113.7,45.0,0,HAGUPIT_2002_09
2002252N29289,2002,North Atlantic,GUSTAV,2002-09-11 18:00:00,40.3,-66.8,85.0,2,GUSTAV_2002_09
2002255N26273,2002,North Atlantic,HANNA,2002-09-14 00:00:00,28.0,-89.2,50.0,0,HANNA_2002_09
2002258N10300,2002,North Atlantic,ISIDORE,2002-09-21 18:00:00,21.9,-86.1,110.0,3,ISIDORE_2002_09
2002258N15256,2002,Eastern Pacific,ISELLE,2002-09-17 18:00:00,21.6,-114.0,60.0,0,ISELLE_2002_09
2002261N33308,2002,North Atlantic,JOSEPHINE,2002-09-19 12:00:00,41.5,-43.3,50.0,-4,JOSEPHINE_2002_09
2002264N13114,2002,Western Pacific,MEKKHALA,2002-09-25 12:00:00,18.3,109.1,55.0,0,MEKKHALA_2002_09
2002264N28308,2002,North Atlantic,KYLE,2002-09-26 12:00:00,27.9,-58.3,75.0,1,KYLE_2002_09
2002265N10315,2002,North Atlantic,LILI,2002-10-02 20:13:00,25.9,-89.9,125.0,4,LILI_2002_10
2002268N15163,2002,Western Pacific,HIGOS,2002-09-29 12:00:00,20.9,136.7,135.0,4,HIGOS_2002_09
2002268N15258,2002,Eastern Pacific,JULIO,2002-09-25 18:00:00,17.0,-101.9,40.0,0,JULIO_2002_09
2002281N10163,2002,Western Pacific,UNNAMED,2002-10-07 18:00:00,10.1,162.5,25.0,-1,UNNAMED_2002_10
2002282N10156,2002,Western Pacific,BAVI,2002-10-12 12:00:00,25.8,146.8,70.0,1,BAVI_2002_10
2002288N17277,2002,North Atlantic,UNNAMED,2002-10-14 12:00:00,16.9,-82.6,30.0,-1,UNNAMED_2002_10
2002289N18162,2002,Western Pacific,UNNAMED,2002-10-18 00:00:00,16.5,154.0,30.0,-1,UNNAMED_2002_10
2002291N13177,2002,Western Pacific,UNNAMED,2002-10-18 06:00:00,14.6,175.7,30.0,-1,UNNAMED_2002_10
2002295N11261,2002,Eastern Pacific,KENNA,2002-10-25 00:00:00,18.3,-108.3,145.0,5,KENNA_2002_10
2002296N11230,2002,Eastern Pacific,LOWELL,2002-10-28 12:00:00,13.3,-144.9,45.0,0,LOWELL_2002_10
2002297N09206,2002,Eastern Pacific,HUKO,2002-11-01 12:00:00,14.1,188.6,75.0,1,HUKO_2002_11
2002298N17169,2002,Western Pacific,MAYSAK,2002-10-29 06:00:00,30.4,166.3,75.0,1,MAYSAK_2002_10
2002307S07070,2003,South Indian,ATANG,2002-11-06 18:00:00,-9.2,58.9,45.0,0,ATANG_2002_11
2002314N12083,2002,North Indian,UNNAMED,2002-11-12 06:00:00,20.9,87.5,55.0,0,UNNAMED_2002_11
2002318N15250,2002,Eastern Pacific,UNNAMED,2002-11-14 06:00:00,15.2,-111.0,30.0,-1,UNNAMED_2002_11
2002319S06078,2003,South Indian,BOURA,2002-11-17 18:00:00,-13.1,68.2,75.0,1,BOURA_2002_11
2002323N09155,2002,Western Pacific,HAISHEN,2002-11-23 18:00:00,21.1,136.4,95.0,2,HAISHEN_2002_11
2002327N10089,2002,North Indian,UNNAMED,2002-11-23 18:00:00,12.4,87.9,45.0,0,UNNAMED_2002_11
2002335N05166,2002,Western Pacific,PONGSONA,2002-12-08 06:00:00,13.5,145.2,130.0,4,PONGSONA_2002_12
2002335S13182,2003,South Pacific,YOLANDE,2002-12-04 12:00:00,-19.2,-176.4,35.0,0,YOLANDE_2002_12
2002355N04077,2002,North Indian,UNNAMED,2002-12-23 18:00:00,5.1,81.5,35.0,0,UNNAMED_2002_12
2002356S07070,2003,South Indian,CRYSTAL,2002-12-26 18:00:00,-19.1,59.5,90.0,2,CRYSTAL_2002_12
2002358S08185,2003,South Pacific,ZOE,2002-12-27 12:00:00,-11.7,170.6,155.0,5,ZOE_2002_12
2002359S03089,2003,South Indian,UNNAMED,2002-12-26 18:00:00,-8.7,89.1,30.0,-1,UNNAMED_2002_12
2002364S16045,2003,South Indian,DELFINA,2002-12-31 18:00:00,-16.0,40.4,55.0,0,DELFINA_2002_12
2003007S10072,2003,South Indian,EBULA,2003-01-10 00:00:00,-17.7,70.8,65.0,1,EBULA_2003_01
2003011N02180,2003,Western Pacific,YANYAN,2003-01-18 18:00:00,14.5,147.0,50.0,0,YANYAN_2003_01
2003011S09182,2003,South Pacific,AMI,2003-01-14 00:00:00,-19.2,180.8,110.0,3,AMI_2003_01
2003021S10163,2003,South Pacific,BENI,2003-01-29 00:00:00,-16.5,162.7,125.0,4,BENI_2003_01
2003021S11081,2003,South Indian,FARI,2003-01-28 18:00:00,-20.0,49.4,55.0,0,FARI_2003_01
2003025S16173,2003,South Pacific,CILLA,2003-01-27 06:00:00,-19.1,183.5,35.0,0,CILLA_2003_01
2003034S12117,2003,South Indian,FIONA,2003-02-09 06:00:00,-16.0,98.9,110.0,3,FIONA_2003_02
2003035S10099,2003,South Indian,ISHA,2003-02-13 00:00:00,-18.2,84.4,45.0,0,ISHA_2003_02
2003036S10197,2003,South Pacific,DOVI,2003-02-08 06:00:00,-18.4,-166.7,130.0,4,DOVI_2003_02
2003037S12061,2003,South Indian,GERRY,2003-02-13 06:00:00,-19.4,58.5,105.0,3,GERRY_2003_02
2003039S15066,2003,South Indian,HAPE,2003-02-13 00:00:00,-15.6,70.5,90.0,2,HAPE_2003_02
2003056S17119,2003,South Indian,GRAHAM,2003-02-28 12:00:00,-19.0,120.9,40.0,0,GRAHAM_2003_02
2003056S21042,2003,South Indian,JAPHET,2003-03-01 00:00:00,-23.9,37.6,115.0,4,JAPHET_2003_03
2003060S13103,2003,South Indian,HARRIET,2003-03-04 12:00:00,-14.9,113.5,35.0,0,HARRIET_2003_03
2003061S21148,2003,South Pacific,ERICA,2003-03-13 00:00:00,-19.5,161.3,130.0,4,ERICA_2003_03
2003062S10080,2003,South Indian,KALUNDE,2003-03-08 06:00:00,-14.0,70.4,140.0,5,KALUNDE_2003_03
2003067S13130,2003,South Indian,CRAIG,2003-03-10 00:00:00,-10.9,130.7,35.0,0,CRAIG_2003_03
2003068S14172,2003,South Pacific,ESETA,2003-03-13 12:00:00,-22.8,187.5,110.0,3,ESETA_2003_03
2003088S07131,2003,South Indian,INIGO,2003-04-04 00:00:00,-12.6,115.8,140.0,5,INIGO_2003_04
2003098N03159,2003,Western Pacific,KUJIRA,2003-04-16 00:00:00,13.1,137.0,135.0,4,KUJIRA_2003_04
2003103S14180,2003,South Pacific,FILI,2003-04-15 00:00:00,-24.6,-170.6,45.0,0,FILI_2003_04
2003108N29294,2003,North Atlantic,ANA,2003-04-21 00:00:00,31.4,-66.4,50.0,0,ANA_2003_04
2003122S11065,2003,South Indian,MANOU,2003-05-08 12:00:00,-19.2,49.4,75.0,1,MANOU_2003_05
2003129N05091,2003,North Indian,UNNAMED,2003-05-11 12:00:00,10.6,86.7,60.0,0,UNNAMED_2003_05
2003137N07131,2003,Western Pacific,UNNAMED,2003-05-18 06:00:00,7.9,129.6,30.0,-1,UNNAMED_2003_05
2003138N04148,2003,Western Pacific,CHAN-HOM,2003-05-23 18:00:00,17.4,151.5,115.0,4,CHAN-HOM_2003_05
2003140N10258,2003,Eastern Pacific,ANDRES,2003-05-20 18:00:00,9.7,-106.1,50.0,0,ANDRES_2003_05
2003144N16119,2003,Western Pacific,LINFA,2003-05-26 18:00:00,16.1,119.4,55.0,0,LINFA_2003_05
2003150N17119,2003,Western Pacific,NANGKA,2003-06-01 18:00:00,19.3,118.8,45.0,0,NANGKA_2003_06
2003155S10172,2003,South Pacific,GINA,2003-06-07 12:00:00,-16.8,162.1,90.0,2,GINA_2003_06
2003158N08156,2003,Western Pacific,SOUDELOR,2003-06-18 06:00:00,26.3,124.5,115.0,4,SOUDELOR_2003_06
2003162N10319,2003,North Atlantic,UNNAMED,2003-06-11 00:00:00,9.5,-40.8,30.0,-1,UNNAMED_2003_06
2003168N16257,2003,Eastern Pacific,BLANCA,2003-06-18 18:00:00,16.7,-104.3,50.0,0,BLANCA_2003_06
2003177N14263,2003,Eastern Pacific,CARLOS,2003-06-27 00:00:00,15.7,-97.6,55.0,0,CARLOS_2003_06
2003179N20271,2003,North Atlantic,BILL,2003-06-30 12:00:00,28.2,-91.5,50.0,0,BILL_2003_06
2003187N14244,2003,Eastern Pacific,DOLORES,2003-07-06 12:00:00,14.6,-117.0,35.0,0,DOLORES_2003_07
2003188N11307,2003,North Atlantic,CLAUDETTE,2003-07-15 15:30:00,28.3,-96.2,80.0,1,CLAUDETTE_2003_07
2003192N14254,2003,Eastern Pacific,ENRIQUE,2003-07-12 00:00:00,15.3,-112.1,55.0,0,ENRIQUE_2003_07
2003196N05150,2003,Western Pacific,IMBUDO,2003-07-20 12:00:00,12.6,130.7,130.0,4,IMBUDO_2003_07
2003196N11137,2003,Western Pacific,KONI,2003-07-20 06:00:00,16.9,114.3,65.0,1,KONI_2003_07
2003198N31306,2003,North Atlantic,DANNY,2003-07-18 18:00:00,39.2,-53.4,65.0,1,DANNY_2003_07
2003199N14255,2003,Eastern Pacific,FELICIA,2003-07-18 12:00:00,14.9,-110.1,45.0,0,FELICIA_2003_07
2003201N12317,2003,North Atlantic,UNNAMED,2003-07-19 18:00:00,12.3,-43.5,30.0,-1,UNNAMED_2003_07
2003207N29280,2003,North Atlantic,UNNAMED,2003-07-26 00:00:00,30.7,-80.8,30.0,-1,UNNAMED_2003_07
2003212N09150,2003,Western Pacific,ETAU,2003-08-07 00:00:00,26.5,128.2,110.0,3,ETAU_2003_08
2003212N12130,2003,Western Pacific,MORAKOT,2003-08-03 06:00:00,21.4,121.4,65.0,1,MORAKOT_2003_08
2003219N16244,2003,Eastern Pacific,GUILLERMO,2003-08-08 18:00:00,16.1,-119.2,50.0,0,GUILLERMO_2003_08
2003221N14249,2003,Eastern Pacific,HILDA,2003-08-10 00:00:00,14.5,-114.8,35.0,0,HILDA_2003_08
2003223N13224,2003,Eastern Pacific,UNNAMED,2003-08-15 18:00:00,13.8,-151.0,30.0,-1,UNNAMED_2003_08
2003226N07156,2003,Western Pacific,KROVANH,2003-08-22 00:00:00,17.8,124.5,90.0,2,KROVANH_2003_08
2003227N26277,2003,North Atlantic,ERIKA,2003-08-16 10:30:00,25.3,-97.4,65.0,1,ERIKA_2003_08
2003230N18125,2003,Western Pacific,VAMCO,2003-08-19 18:00:00,25.5,122.3,35.0,0,VAMCO_2003_08
2003234N15295,2003,North Atlantic,UNNAMED,2003-08-21 18:00:00,14.5,-65.5,30.0,-1,UNNAMED_2003_08
2003235N20253,2003,Eastern Pacific,IGNACIO,2003-08-24 12:00:00,23.1,-108.9,90.0,2,IGNACIO_2003_08
2003240N14230,2003,Eastern Pacific,JIMENA,2003-08-30 18:00:00,17.3,217.1,90.0,2,JIMENA_2003_08
2003240N15329,2003,North Atlantic,FABIAN,2003-09-01 18:00:00,19.0,-57.3,125.0,4,FABIAN_2003_09
2003240N20139,2003,Western Pacific,DUJUAN,2003-09-01 12:00:00,21.2,121.9,125.0,4,DUJUAN_2003_09
2003243N24268,2003,North Atlantic,GRACE,2003-08-30 18:00:00,24.9,-93.3,35.0,0,GRACE_2003_08
2003247N10153,2003,Western Pacific,MAEMI,2003-09-10 00:00:00,23.7,127.2,150.0,5,MAEMI_2003_09
2003247N19249,2003,Eastern Pacific,KEVIN,2003-09-04 18:00:00,21.2,-114.6,35.0,0,KEVIN_2003_09
2003247N27272,2003,North Atlantic,HENRI,2003-09-05 18:00:00,28.3,-84.2,50.0,0,HENRI_2003_09
2003249N14329,2003,North Atlantic,ISABEL,2003-09-11 18:00:00,21.5,-54.8,145.0,5,ISABEL_2003_09
2003251N12338,2003,North Atlantic,UNNAMED,2003-09-09 12:00:00,12.4,-24.4,30.0,-1,UNNAMED_2003_09
2003257N15252,2003,Eastern Pacific,LINDA,2003-09-15 12:00:00,19.0,-112.5,65.0,1,LINDA_2003_09
2003259N13133,2003,Western Pacific,CHOI-WAN,2003-09-21 06:00:00,31.0,137.1,100.0,3,CHOI-WAN_2003_09
2003262N17254,2003,Eastern Pacific,MARTY,2003-09-22 06:00:00,22.0,-109.6,85.0,2,MARTY_2003_09
2003267N15140,2003,Western Pacific,KOPPU,2003-09-29 06:00:00,28.4,141.8,90.0,2,KOPPU_2003_09
2003268N28298,2003,North Atlantic,JUAN,2003-09-27 18:00:00,35.5,-63.2,90.0,2,JUAN_2003_09
2003269N12322,2003,North Atlantic,KATE,2003-10-04 18:00:00,30.2,-54.0,110.0,3,KATE_2003_10
2003271N18275,2003,North Atlantic,LARRY,2003-10-03 00:00:00,20.5,-94.0,55.0,0,LARRY_2003_10
2003272S05066,2004,South Indian,ABAIMBA,2003-10-01 06:00:00,-4.4,66.1,45.0,0,ABAIMBA_2003_10
2003275N16252,2003,Eastern Pacific,NORA,2003-10-04 12:00:00,16.9,-111.5,90.0,2,NORA_2003_10
2003276N12262,2003,Eastern Pacific,OLAF,2003-10-05 12:00:00,16.5,-104.2,65.0,1,OLAF_2003_10
2003279N18118,2003,Western Pacific,UNNAMED,2003-10-06 18:00:00,18.0,116.2,25.0,-1,UNNAMED_2003_10
2003283N26131,2003,Western Pacific,UNNAMED,2003-10-10 18:00:00,26.9,131.5,30.0,-1,UNNAMED_2003_10
2003284N19291,2003,North Atlantic,MINDY,2003-10-10 18:00:00,19.1,-68.8,40.0,0,MINDY_2003_10
2003286N09323,2003,North Atlantic,NICHOLAS,2003-10-17 12:00:00,15.5,-48.0,60.0,0,NICHOLAS_2003_10
2003290N15132,2003,Western Pacific,KETSANA,2003-10-21 12:00:00,16.9,131.2,125.0,4,KETSANA_2003_10
2003291N17147,2003,Western Pacific,PARMA,2003-10-24 12:00:00,30.8,158.7,130.0,4,PARMA_2003_10
2003294N10260,2003,Eastern Pacific,PATRICIA,2003-10-22 00:00:00,11.7,-105.0,70.0,1,PATRICIA_2003_10
2003294N11112,2003,Western Pacific,UNNAMED,2003-10-21 00:00:00,11.4,112.4,25.0,-1,UNNAMED_2003_10
2003295N09101,2003,North Indian,UNNAMED,2003-10-27 00:00:00,14.1,90.1,35.0,0,UNNAMED_2003_10
2003302N11133,2003,Western Pacific,MELOR,2003-11-01 00:00:00,16.9,122.5,75.0,1,MELOR_2003_11
2003313S05079,2004,South Indian,BENI,2003-11-13 12:00:00,-11.1,75.7,100.0,3,BENI_2003_11
2003315N09067,2003,North Indian,UNNAMED,2003-11-14 06:00:00,5.6,55.6,80.0,1,UNNAMED_2003_11
2003316N11141,2003,Western Pacific,NEPARTAK,2003-11-16 00:00:00,14.3,113.9,75.0,1,NEPARTAK_2003_11
2003319N13172,2003,Western Pacific,LUPIT,2003-11-27 12:00:00,14.9,133.8,145.0,5,LUPIT_2003_11
2003338S09065,2004,South Indian,CELA,2003-12-16 06:00:00,-20.7,41.6,65.0,1,CELA_2003_12
2003339N13284,2003,North Atlantic,ODETTE,2003-12-06 06:00:00,15.9,-72.5,55.0,0,ODETTE_2003_12
2003340S07093,2004,South Indian,JANA,2003-12-09 06:00:00,-11.1,99.3,80.0,1,JANA_2003_12
2003342N28326,2003,North Atlantic,PETER,2003-12-09 18:00:00,21.0,-37.0,60.0,0,PETER_2003_12
2003345N05092,2003,North Indian,UNNAMED,2003-12-15 06:00:00,14.5,81.5,55.0,0,UNNAMED_2003_12
2003350S10140,2004,South Indian,DEBBIE,2003-12-20 06:00:00,-11.3,133.8,65.0,1,DEBBIE_2003_12
2003357N11142,2003,Western Pacific,UNNAMED,2003-12-25 12:00:00,13.7,130.3,35.0,0,UNNAMED_2003_12
2003358S06067,2004,South Indian,DARIUS,2003-12-31 00:00:00,-14.6,59.7,55.0,0,DARIUS_2003_12
2003359S15177,2004,South Pacific,HETA,2004-01-05 00:00:00,-14.0,186.0,140.0,5,HETA_2004_01
2004001S16124,2004,South Indian,KEN,2004-01-02 06:00:00,-16.5,120.2,35.0,0,KEN_2004_01
2004025S16044,2004,South Indian,ELITA,2004-02-02 18:00:00,-19.7,43.4,65.0,1,ELITA_2004_02
2004026S12063,2004,South Indian,FRANK,2004-02-02 12:00:00,-17.2,68.1,125.0,4,FRANK_2004_02
2004028S06090,2004,South Indian,LINDA,2004-01-31 00:00:00,-14.7,96.1,45.0,0,LINDA_2004_01
2004041S14147,2004,South Pacific,FRITZ,2004-02-12 00:00:00,-16.7,139.9,35.0,0,FRITZ_2004_02
2004042N08148,2004,Western Pacific,UNNAMED,2004-02-13 18:00:00,14.0,135.4,40.0,0,UNNAMED_2004_02
2004052S15172,2004,South Pacific,IVY,2004-02-25 18:00:00,-16.3,167.8,105.0,3,IVY_2004_02
2004056S18125,2004,South Indian,MONTY,2004-02-29 12:00:00,-19.8,115.4,110.0,3,MONTY_2004_02
2004058S13142,2004,South Pacific,EVAN,2004-03-01 06:00:00,-13.8,137.4,30.0,-1,EVAN_2004_03
2004061S12072,2004,South Indian,GAFILO,2004-03-06 06:00:00,-14.7,53.4,140.0,5,GAFILO_2004_03
2004068S13089,2004,South Indian,HELMA:NICKY,2004-03-10 18:00:00,-16.4,89.7,65.0,1,HELMA:NICKY_2004_03
2004072S11146,2004,South Indian,FAY,2004-03-21 12:00:00,-13.9,122.2,120.0,4,FAY_2004_03
2004074N03143,2004,Western Pacific,UNNAMED,2004-03-18 18:00:00,10.5,128.8,35.0,0,UNNAMED_2004_03
2004081S12103,2004,South Indian,ITSANG:ITSENG:OSCAR,2004-03-26 00:00:00,-16.9,92.4,115.0,4,ITSANG:ITSENG:OSCAR_2004_03
2004081S15148,2004,South Pacific,GRACE,2004-03-21 18:00:00,-19.9,154.5,35.0,0,GRACE_2004_03
2004083S08056,2004,South Indian,UNNAMED,2004-03-23 12:00:00,-8.5,55.9,25.0,-1,UNNAMED_2004_03
2004086S29318,2004,South Atlantic,UNNAMED,2004-03-27 06:00:00,-29.3,-45.6,75.0,1,UNNAMED_2004_03
2004093N07154,2004,Western Pacific,SUDAL,2004-04-10 00:00:00,10.8,135.2,130.0,4,SUDAL_2004_04
2004098S15173,2004,South Pacific,UNNAMED,2004-04-08 00:00:00,-17.0,177.3,35.0,0,UNNAMED_2004_04
2004125N11074,2004,North Indian,UNNAMED,2004-05-07 00:00:00,11.9,72.9,45.0,0,UNNAMED_2004_05
2004125S08084,2004,South Indian,JUBA,2004-05-13 06:00:00,-12.8,67.7,65.0,1,JUBA_2004_05
2004134N07132,2004,Western Pacific,NIDA,2004-05-16 12:00:00,12.6,125.6,140.0,5,NIDA_2004_05
2004135N09114,2004,Western Pacific,UNNAMED,2004-05-16 06:00:00,9.7,108.8,35.0,0,UNNAMED_2004_05
2004136N05148,2004,Western Pacific,OMAIS,2004-05-19 00:00:00,10.3,134.9,60.0,0,OMAIS_2004_05
2004136N15090,2004,North Indian,UNNAMED,2004-05-19 00:00:00,19.9,91.8,65.0,1,UNNAMED_2004_05
2004143N15252,2004,Eastern Pacific,AGATHA,2004-05-23 00:00:00,17.1,-109.9,50.0,0,AGATHA_2004_05
2004156N16117,2004,Western Pacific,CONSON,2004-06-09 12:00:00,23.6,123.7,100.0,3,CONSON_2004_06
2004158N07142,2004,Western Pacific,CHANTHU,2004-06-12 06:00:00,14.0,110.1,75.0,1,CHANTHU_2004_06
2004164N06139,2004,Western Pacific,DIANMU,2004-06-16 06:00:00,15.1,136.0,155.0,5,DIANMU_2004_06
2004174N14146,2004,Western Pacific,MINDULLE,2004-06-29 00:00:00,18.8,124.1,125.0,4,MINDULLE_2004_06
2004177N12154,2004,Western Pacific,TINGTING,2004-06-28 12:00:00,17.5,145.0,80.0,1,TINGTING_2004_06
2004185N16241,2004,Eastern Pacific,UNNAMED,2004-07-03 00:00:00,17.1,-120.8,30.0,-1,UNNAMED_2004_07
2004186N06203,2004,Eastern Pacific,UNNAMED,2004-07-05 00:00:00,6.8,-164.7,25.0,-1,UNNAMED_2004_07
2004193N19136,2004,Western Pacific,KOMPASU,2004-07-14 18:00:00,20.1,120.1,45.0,0,KOMPASU_2004_07
2004195N15255,2004,Eastern Pacific,BLAS,2004-07-13 12:00:00,18.4,-110.8,55.0,0,BLAS_2004_07
2004201N14247,2004,Eastern Pacific,CELIA,2004-07-22 06:00:00,16.3,-121.5,75.0,1,CELIA_2004_07
2004206N20151,2004,Western Pacific,NAMTHEUN,2004-07-26 18:00:00,27.0,146.6,115.0,4,NAMTHEUN_2004_07
2004209N12247,2004,Eastern Pacific,DARBY,2004-07-29 06:00:00,16.8,-126.2,105.0,3,DARBY_2004_07
2004214N12234,2004,Eastern Pacific,UNNAMED,2004-08-01 06:00:00,12.4,-126.1,25.0,-1,UNNAMED_2004_08
2004214N30282,2004,North Atlantic,ALEX,2004-08-05 00:00:00,38.5,-66.0,105.0,3,ALEX_2004_08
2004215N22148,2004,Western Pacific,MALOU,2004-08-04 00:00:00,29.9,137.7,35.0,0,MALOU_2004_08
2004216N16166,2004,Western Pacific,MERANTI,2004-08-05 18:00:00,28.0,167.4,90.0,2,MERANTI_2004_08
2004217N13306,2004,North Atlantic,BONNIE,2004-08-11 18:00:00,26.4,-89.6,55.0,0,BONNIE_2004_08
2004219N15137,2004,Western Pacific,RANANIM,2004-08-11 12:00:00,24.5,125.1,90.0,2,RANANIM_2004_08
2004222N24150,2004,Western Pacific,MALAKAS,2004-08-11 00:00:00,26.7,158.4,35.0,0,MALAKAS_2004_08
2004223N11301,2004,North Atlantic,CHARLEY,2004-08-13 19:45:00,26.6,-82.2,130.0,4,CHARLEY_2004_08
2004227N09314,2004,North Atlantic,EARL,2004-08-15 06:00:00,11.5,-58.3,45.0,0,EARL_2004_08
2004227N12338,2004,North Atlantic,DANIELLE,2004-08-16 18:00:00,19.0,-38.2,95.0,2,DANIELLE_2004_08
2004227N15144,2004,Western Pacific,MEGI,2004-08-18 00:00:00,28.5,125.2,65.0,1,MEGI_2004_08
2004230N09172,2004,Western Pacific,CHABA,2004-08-23 00:00:00,15.2,143.6,155.0,5,CHABA_2004_08
2004231N09147,2004,Western Pacific,AERE,2004-08-24 18:00:00,25.5,122.1,90.0,2,AERE_2004_08
2004232N12228,2004,Eastern Pacific,ESTELLE,2004-08-21 12:00:00,15.0,-140.8,60.0,0,ESTELLE_2004_08
2004236N17250,2004,Eastern Pacific,FRANK,2004-08-24 06:00:00,19.5,-113.7,75.0,1,FRANK_2004_08
2004237N17236,2004,Eastern Pacific,UNNAMED,2004-08-24 00:00:00,17.8,-123.7,30.0,-1,UNNAMED_2004_08
2004238N11325,2004,North Atlantic,FRANCES,2004-08-31 18:00:00,20.3,-65.0,125.0,4,FRANCES_2004_08
2004238N13154,2004,Western Pacific,UNNAMED,2004-08-26 12:00:00,13.7,151.0,30.0,-1,UNNAMED_2004_08
2004239N11171,2004,Western Pacific,SONGDA,2004-08-31 12:00:00,17.3,147.7,125.0,4,SONGDA_2004_08
2004240N15254,2004,Eastern Pacific,GEORGETTE,2004-08-27 12:00:00,17.9,-111.3,55.0,0,GEORGETTE_2004_08
2004241N29295,2004,North Atlantic,HERMINE,2004-08-30 06:00:00,33.8,-71.5,50.0,0,HERMINE_2004_08
2004241N32282,2004,North Atlantic,GASTON,2004-08-29 12:00:00,32.8,-79.5,65.0,1,GASTON_2004_08
2004243S03088,2005,South Indian,PHOEBE,2004-09-02 18:00:00,-9.1,92.3,55.0,0,PHOEBE_2004_09
2004244N12257,2004,Eastern Pacific,HOWARD,2004-09-02 12:00:00,17.8,-113.3,120.0,4,HOWARD_2004_09
2004247N10332,2004,North Atlantic,IVAN,2004-09-11 18:00:00,18.0,-79.0,145.0,5,IVAN_2004_09
2004248N14156,2004,Western Pacific,SARIKA,2004-09-05 18:00:00,19.0,144.2,60.0,0,SARIKA_2004_09
2004252N15250,2004,Eastern Pacific,ISIS,2004-09-15 12:00:00,17.8,-131.8,65.0,1,ISIS_2004_09
2004252N32320,2004,North Atlantic,UNNAMED,2004-09-09 00:00:00,35.3,-35.0,30.0,-1,UNNAMED_2004_09
2004255N11267,2004,Eastern Pacific,JAVIER,2004-09-14 00:00:00,15.9,-106.8,130.0,4,JAVIER_2004_09
2004255N23120,2004,Western Pacific,HAIMA,2004-09-11 18:00:00,24.4,122.1,35.0,0,HAIMA_2004_09
2004258N16300,2004,North Atlantic,JEANNE,2004-09-25 18:00:00,26.9,-78.2,105.0,3,JEANNE_2004_09
2004260N11331,2004,North Atlantic,KARL,2004-09-21 06:00:00,19.6,-47.3,125.0,4,KARL_2004_09
2004263N13153,2004,Western Pacific,MEARI,2004-09-24 06:00:00,20.1,133.3,125.0,4,MEARI_2004_09
2004264N13328,2004,North Atlantic,LISA,2004-10-02 06:00:00,40.3,-41.6,65.0,1,LISA_2004_10
2004274N16069,2004,North Indian,UNNAMED,2004-10-01 18:00:00,20.3,66.6,35.0,0,UNNAMED_2004_10
2004275N14139,2004,Western Pacific,MA-ON,2004-10-08 00:00:00,23.9,131.4,140.0,5,MA-ON_2004_10
2004279N14249,2004,Eastern Pacific,KAY,2004-10-05 12:00:00,14.4,-115.1,40.0,0,KAY_2004_10
2004283N24265,2004,North Atlantic,MATTHEW,2004-10-09 00:00:00,24.6,-93.7,40.0,0,MATTHEW_2004_10
2004284N07157,2004,Western Pacific,TOKAGE,2004-10-17 00:00:00,19.3,131.9,125.0,4,TOKAGE_2004_10
2004284N30295,2004,North Atlantic,NICOLE,2004-10-11 12:00:00,36.0,-61.8,45.0,-2,NICOLE_2004_10
2004286N14263,2004,Eastern Pacific,LESTER,2004-10-13 00:00:00,16.4,-99.6,45.0,0,LESTER_2004_10
2004288N09164,2004,Western Pacific,NOCK-TEN,2004-10-23 00:00:00,17.4,132.3,110.0,3,NOCK-TEN_2004_10
2004299N18251,2004,Eastern Pacific,UNNAMED,2004-10-25 06:00:00,19.3,-109.1,30.0,-1,UNNAMED_2004_10
2004299S09063,2005,South Indian,UNNAMED,2004-10-27 00:00:00,-9.1,52.2,35.0,0,UNNAMED_2004_10
2004307N09068,2004,North Indian,UNNAMED,2004-11-05 06:00:00,14.1,65.8,40.0,0,UNNAMED_2004_11
2004312S05085,2005,South Indian,AROLA,2004-11-09 00:00:00,-10.9,77.3,65.0,1,AROLA_2004_11
2004319N10134,2004,Western Pacific,MUIFA,2004-11-18 06:00:00,15.8,123.9,115.0,4,MUIFA_2004_11
2004325S06078,2005,South Indian,BENTOJANA,2004-11-23 18:00:00,-8.5,74.7,140.0,5,BENTOJANA_2004_11
2004331N28320,2004,North Atlantic,OTTO,2004-11-29 18:00:00,30.2,-48.8,45.0,-2,OTTO_2004_11
2004332N02072,2004,North Indian,UNNAMED,2004-11-29 06:00:00,2.7,65.0,65.0,1,UNNAMED_2004_11
2004333N06154,2004,Western Pacific,NANMADOL,2004-12-01 18:00:00,13.7,126.8,130.0,4,NANMADOL_2004_12
2004338S09113,2005,South Indian,UNNAMED,2004-12-04 06:00:00,-11.3,109.5,35.0,0,UNNAMED_2004_12
2004344N06178,2004,Western Pacific,TALAS,2004-12-12 00:00:00,10.0,155.4,50.0,0,TALAS_2004_12
2004352N10154,2004,Western Pacific,NORU,2004-12-20 00:00:00,17.5,146.3,55.0,0,NORU_2004_12
2004357S06095,2005,South Indian,CHAMBO,2004-12-27 00:00:00,-17.4,78.8,105.0,3,CHAMBO_2004_12
2004365S13120,2005,South Indian,RAYMOND,2005-01-02 06:00:00,-14.3,123.8,50.0,0,RAYMOND_2005_01
2005003S09177,2005,South Pacific,KERRY,2005-01-09 12:00:00,-18.1,159.2,90.0,2,KERRY_2005_01
2005006S09099,2005,South Indian,SALLY,2005-01-09 00:00:00,-14.6,99.4,45.0,0,SALLY_2005_01
2005007N04085,2005,North Indian,UNNAMED,2005-01-08 12:00:00,4.2,83.7,30.0,-1,UNNAMED_2005_01
2005012N04090,2005,North Indian,UNNAMED,2005-01-14 12:00:00,5.3,87.2,35.0,0,UNNAMED_2005_01
2005013N05153,2005,Western Pacific,KULAP,2005-01-17 18:00:00,16.3,150.7,65.0,1,KULAP_2005_01
2005013S14124,2005,South Indian,UNNAMED,2005-01-15 12:00:00,-14.6,117.2,35.0,0,UNNAMED_2005_01
2005015S06089,2005,South Indian,DAREN,2005-01-18 18:00:00,-12.3,80.3,45.0,0,DAREN_2005_01
2005017S09061,2005,South Indian,ERNEST,2005-01-22 06:00:00,-20.6,42.0,100.0,3,ERNEST_2005_01
2005022S14112,2005,South Indian,TIM,2005-01-23 18:00:00,-15.6,109.5,35.0,0,TIM_2005_01
2005029S11072,2005,South Indian,GERARD,2005-02-04 06:00:00,-24.8,57.5,60.0,0,GERARD_2005_02
2005032S14195,2005,South Pacific,MEENA,2005-02-06 00:00:00,-17.4,-162.2,125.0,4,MEENA_2005_02
2005035S14136,2005,South Pacific,HARVEY,2005-02-07 06:00:00,-16.1,138.0,50.0,0,HARVEY_2005_02
2005035S15118,2005,South Indian,VIVIENNE,2005-02-07 00:00:00,-16.4,116.3,35.0,0,VIVIENNE_2005_02
2005041S13181,2005,South Pacific,OLAF,2005-02-16 06:00:00,-12.8,-171.2,145.0,5,OLAF_2005_02
2005042S12190,2005,South Pacific,NANCY,2005-02-14 18:00:00,-15.2,-160.9,125.0,4,NANCY_2005_02
2005054S09173,2005,South Pacific,PERCY,2005-03-02 00:00:00,-15.7,194.8,140.0,5,PERCY_2005_03
2005060S12179,2005,South Pacific,RAE,2005-03-06 00:00:00,-21.8,196.2,35.0,0,RAE_2005_03
2005063S12141,2005,South Indian,INGRID,2005-03-12 06:00:00,-11.5,134.9,135.0,4,INGRID_2005_03
2005067S12120,2005,South Indian,WILLY,2005-03-11 12:00:00,-17.3,112.1,90.0,2,WILLY_2005_03
2005071N06152,2005,Western Pacific,ROKE,2005-03-16 00:00:00,11.9,131.2,80.0,1,ROKE_2005_03
2005079S10067,2005,South Indian,HENNIE,2005-03-24 06:00:00,-20.4,58.8,65.0,1,HENNIE_2005_03
2005089S10085,2005,South Indian,ISANG,2005-04-06 06:00:00,-24.6,66.5,55.0,0,ISANG_2005_04
2005092S11102,2005,South Indian,ADELINE:JULIET,2005-04-09 06:00:00,-17.3,70.0,125.0,4,ADELINE:JULIET_2005_04
2005107N07151,2005,Western Pacific,SONCA,2005-04-24 12:00:00,14.5,130.8,115.0,4,SONCA_2005_04
2005138N10265,2005,Eastern Pacific,ADRIAN,2005-05-19 17:00:00,12.5,-90.7,70.0,1,ADRIAN_2005_05
2005148N06156,2005,Western Pacific,NESAT,2005-06-03 18:00:00,14.1,131.8,125.0,4,NESAT_2005_06
2005160N17276,2005,North Atlantic,ARLENE,2005-06-11 00:00:00,26.5,-85.6,60.0,0,ARLENE_2005_06
2005173N14258,2005,Eastern Pacific,BEATRIZ,2005-06-23 00:00:00,15.7,-107.1,45.0,0,BEATRIZ_2005_06
2005177N13263,2005,Eastern Pacific,CALVIN,2005-06-27 12:00:00,14.7,-99.4,45.0,0,CALVIN_2005_06
2005180N20265,2005,North Atlantic,BRET,2005-06-28 22:35:00,19.9,-95.7,35.0,0,BRET_2005_06
2005185N15261,2005,Eastern Pacific,DORA,2005-07-04 12:00:00,16.1,-99.7,40.0,0,DORA_2005_07
2005185N18273,2005,North Atlantic,CINDY,2005-07-06 00:00:00,28.5,-90.3,65.0,1,CINDY_2005_07
2005186N12299,2005,North Atlantic,DENNIS,2005-07-08 12:00:00,20.9,-79.5,130.0,4,DENNIS_2005_07
2005192N11318,2005,North Atlantic,EMILY,2005-07-17 00:00:00,17.1,-79.5,140.0,5,EMILY_2005_07
2005192N22155,2005,Western Pacific,HAITANG,2005-07-16 12:00:00,20.7,127.7,140.0,5,HAITANG_2005_07
2005199N15256,2005,Eastern Pacific,EUGENE,2005-07-19 18:00:00,19.5,-108.7,60.0,0,EUGENE_2005_07
2005199N21168,2005,Western Pacific,NALGAE,2005-07-21 06:00:00,27.7,160.4,55.0,0,NALGAE_2005_07
2005202N13138,2005,Western Pacific,BANYAN,2005-07-24 06:00:00,23.5,137.3,60.0,0,BANYAN_2005_07
2005203N25285,2005,North Atlantic,FRANKLIN,2005-07-23 12:00:00,29.2,-75.4,60.0,0,FRANKLIN_2005_07
2005205N19267,2005,North Atlantic,GERT,2005-07-25 00:00:00,21.8,-97.6,40.0,0,GERT_2005_07
2005210N19115,2005,Western Pacific,WASHI,2005-07-30 00:00:00,19.2,110.2,45.0,0,WASHI_2005_07
2005211N09141,2005,Western Pacific,MATSA,2005-08-04 12:00:00,24.6,124.2,90.0,2,MATSA_2005_08
2005215N14224,2005,Eastern Pacific,UNNAMED,2005-08-03 18:00:00,15.0,-140.5,25.0,-1,UNNAMED_2005_08
2005215N28291,2005,North Atlantic,HARVEY,2005-08-04 18:00:00,32.0,-62.1,55.0,0,HARVEY_2005_08
2005217N13327,2005,North Atlantic,IRENE,2005-08-16 18:00:00,36.5,-62.0,90.0,2,IRENE_2005_08
2005222N14131,2005,Western Pacific,SANVU,2005-08-13 00:00:00,22.8,117.2,65.0,1,SANVU_2005_08
2005222N14246,2005,Eastern Pacific,FERNANDA,2005-08-12 06:00:00,17.9,-122.6,75.0,1,FERNANDA_2005_08
2005223N13251,2005,Eastern Pacific,GREG,2005-08-12 00:00:00,13.6,-111.5,45.0,0,GREG_2005_08
2005226N13316,2005,North Atlantic,UNNAMED,2005-08-13 18:00:00,13.8,-44.7,30.0,-1,UNNAMED_2005_08
2005229N21156,2005,Western Pacific,GUCHOL,2005-08-23 12:00:00,33.5,148.2,65.0,1,GUCHOL_2005_08
2005230N20144,2005,Western Pacific,MAWAR,2005-08-21 18:00:00,23.0,139.8,125.0,4,MAWAR_2005_08
2005232N13263,2005,Eastern Pacific,HILARY,2005-08-22 00:00:00,17.2,-108.5,90.0,2,HILARY_2005_08
2005235N19266,2005,North Atlantic,JOSE,2005-08-23 03:30:00,19.7,-96.4,50.0,0,JOSE_2005_08
2005236N23285,2005,North Atlantic,KATRINA,2005-08-28 18:00:00,26.3,-88.6,150.0,5,KATRINA_2005_08
2005237N14148,2005,Western Pacific,TALIM,2005-08-30 06:00:00,21.8,128.4,130.0,4,TALIM_2005_08
2005238N17255,2005,Eastern Pacific,IRWIN,2005-08-26 12:00:00,17.7,-108.7,45.0,0,IRWIN_2005_08
2005241N14315,2005,North Atlantic,LEE,2005-08-31 12:00:00,29.0,-50.4,35.0,0,LEE_2005_08
2005241N15155,2005,Western Pacific,NABI,2005-09-01 18:00:00,18.8,138.5,140.0,5,NABI_2005_09
2005245N19315,2005,North Atlantic,MARIA,2005-09-06 00:00:00,32.6,-56.6,100.0,3,MARIA_2005_09
2005248N08142,2005,Western Pacific,KHANUN,2005-09-10 18:00:00,26.1,123.5,115.0,4,KHANUN_2005_09
2005249N26281,2005,North Atlantic,OPHELIA,2005-09-11 06:00:00,31.7,-75.9,75.0,1,OPHELIA_2005_09
2005249N28293,2005,North Atlantic,NATE,2005-09-09 00:00:00,32.6,-61.1,80.0,1,NATE_2005_09
2005255N15246,2005,Eastern Pacific,JOVA,2005-09-20 00:00:00,16.0,-143.3,110.0,3,JOVA_2005_09
2005257N15120,2005,Western Pacific,VICENTE,2005-09-18 00:00:00,17.2,108.5,50.0,0,VICENTE_2005_09
2005258N12242,2005,Eastern Pacific,KENNETH,2005-09-18 12:00:00,14.2,-129.2,115.0,4,KENNETH_2005_09
2005261N13245,2005,Eastern Pacific,LIDIA,2005-09-17 18:00:00,12.4,-115.2,35.0,0,LIDIA_2005_09
2005261N13306,2005,North Atlantic,PHILIPPE,2005-09-20 00:00:00,17.7,-56.6,70.0,1,PHILIPPE_2005_09
2005261N14252,2005,Eastern Pacific,MAX,2005-09-20 12:00:00,19.3,-118.8,70.0,1,MAX_2005_09
2005261N21290,2005,North Atlantic,RITA,2005-09-22 03:00:00,24.7,-87.3,155.0,5,RITA_2005_09
2005262N13127,2005,Western Pacific,DAMREY,2005-09-25 06:00:00,19.0,112.4,90.0,2,DAMREY_2005_09
2005262N20155,2005,Western Pacific,SAOLA,2005-09-23 12:00:00,28.4,138.7,100.0,3,SAOLA_2005_09
2005266N15252,2005,Eastern Pacific,NORMA,2005-09-24 18:00:00,16.3,-110.8,50.0,0,NORMA_2005_09
2005268N19146,2005,Western Pacific,LONGWANG,2005-09-28 12:00:00,22.5,136.2,125.0,4,LONGWANG_2005_09
2005271N17255,2005,Eastern Pacific,OTIS,2005-10-01 06:00:00,21.6,-111.5,90.0,2,OTIS_2005_10
2005274N12327,2005,North Atlantic,UNNAMED,2005-09-30 18:00:00,12.2,-33.0,30.0,-1,UNNAMED_2005_09
2005274N17086,2005,North Indian,UNNAMED,2005-10-02 12:00:00,20.2,87.1,40.0,0,UNNAMED_2005_10
2005275N19274,2005,North Atlantic,STAN,2005-10-04 12:00:00,18.6,-94.9,70.0,1,STAN_2005_10
2005277N34328,2005,North Atlantic,UNNAMED,2005-10-04 18:00:00,37.1,-26.7,45.0,-2,UNNAMED_2005_10
2005278N27280,2005,North Atlantic,TAMMY,2005-10-05 18:00:00,29.5,-80.9,45.0,0,TAMMY_2005_10
2005279N17111,2005,Western Pacific,UNNAMED,2005-10-07 06:00:00,16.7,109.0,30.0,-3,UNNAMED_2005_10
2005281N26303,2005,North Atlantic,UNNAMED,2005-10-12 18:00:00,38.7,-73.5,40.0,-4,UNNAMED_2005_10
2005281N33339,2005,North Atlantic,VINCE,2005-10-09 18:00:00,34.1,-18.9,65.0,1,VINCE_2005_10
2005282N22138,2005,Western Pacific,KIROGI,2005-10-16 06:00:00,24.6,133.5,115.0,4,KIROGI_2005_10
2005287S09084,2006,South Indian,UNNAMED,2005-10-14 18:00:00,-12.0,81.4,40.0,0,UNNAMED_2005_10
2005288N11259,2005,Eastern Pacific,UNNAMED,2005-10-15 00:00:00,11.0,-101.2,30.0,-1,UNNAMED_2005_10
2005289N18282,2005,North Atlantic,WILMA,2005-10-19 12:00:00,17.3,-82.8,160.0,5,WILMA_2005_10
2005296N16293,2005,North Atlantic,ALPHA,2005-10-23 00:00:00,17.3,-69.6,45.0,0,ALPHA_2005_10
2005298N12088,2005,North Indian,UNNAMED,2005-10-27 00:00:00,12.6,83.0,35.0,0,UNNAMED_2005_10
2005300N10279,2005,North Atlantic,BETA,2005-10-30 06:00:00,13.3,-83.1,100.0,3,BETA_2005_10
2005301N13117,2005,Western Pacific,KAI-TAK,2005-10-31 06:00:00,14.7,111.5,85.0,2,KAI-TAK_2005_10
2005308S07098,2006,South Indian,UNNAMED,2005-11-06 06:00:00,-10.8,93.6,35.0,0,UNNAMED_2005_11
2005311N08140,2005,Western Pacific,TEMBIN,2005-11-09 18:00:00,14.5,126.2,45.0,0,TEMBIN_2005_11
2005316N05134,2005,Western Pacific,BOLAVEN,2005-11-17 12:00:00,13.4,128.7,70.0,1,BOLAVEN_2005_11
2005318N13298,2005,North Atlantic,GAMMA,2005-11-19 12:00:00,16.1,-85.4,45.0,0,GAMMA_2005_11
2005322S04095,2006,South Indian,ALVIN:BERTIE,2005-11-23 00:00:00,-12.5,90.3,115.0,4,ALVIN:BERTIE_2005_11
2005324N27312,2005,North Atlantic,DELTA,2005-11-24 12:00:00,24.8,-39.0,60.0,0,DELTA_2005_11
2005330N09096,2005,North Indian,BAAZ,2005-11-28 18:00:00,10.8,87.7,45.0,0,BAAZ_2005_11
2005333N32311,2005,North Atlantic,EPSILON,2005-12-05 06:00:00,34.0,-36.7,75.0,1,EPSILON_2005_12
2005338N09093,2005,North Indian,FANOOS,2005-12-09 00:00:00,10.4,83.4,60.0,0,FANOOS_2005_12
2005349N06090,2005,North Indian,UNNAMED,2005-12-18 00:00:00,10.0,83.0,45.0,0,UNNAMED_2005_12
2005350N08127,2005,Western Pacific,UNNAMED,2005-12-19 06:00:00,9.0,111.6,45.0,0,UNNAMED_2005_12
2005351S09084,2006,South Indian,UNNAMED,2005-12-24 06:00:00,-12.6,85.0,35.0,0,UNNAMED_2005_12
2005364N24324,2005,North Atlantic,ZETA,2006-01-01 18:00:00,25.0,-38.6,55.0,0,ZETA_2006_01
2006006S11129,2006,South Indian,CLARE,2006-01-09 00:00:00,-18.8,117.6,60.0,0,CLARE_2006_01
2006007S15182,2006,South Pacific,TAM,2006-01-13 06:00:00,-18.5,188.8,40.0,0,TAM_2006_01
2006012N03081,2006,North Indian,UNNAMED,2006-01-14 00:00:00,5.7,75.6,45.0,0,UNNAMED_2006_01
2006013S13184,2006,South Pacific,URMIL,2006-01-14 12:00:00,-20.0,-172.8,60.0,0,URMIL_2006_01
2006017S15126,2006,South Indian,DARYL,2006-01-20 00:00:00,-17.5,120.7,50.0,0,DARYL_2006_01
2006021S11053,2006,South Indian,BOLOETSE,2006-02-03 18:00:00,-22.5,41.8,100.0,3,BOLOETSE_2006_02
2006025S18147,2006,South Pacific,JIM,2006-01-30 18:00:00,-18.8,165.5,80.0,1,JIM_2006_01
2006040S15181,2006,South Pacific,VAIANU,2006-02-13 12:00:00,-21.7,-176.8,75.0,1,VAIANU_2006_02
2006049S16051,2006,South Indian,UNNAMED,2006-02-19 18:00:00,-18.9,56.8,45.0,0,UNNAMED_2006_02
2006053S11144,2006,South Pacific,KATE,2006-02-23 06:00:00,-11.2,146.6,45.0,0,KATE_2006_02
2006054S09082,2006,South Indian,CARINA,2006-02-28 00:00:00,-16.2,79.0,130.0,4,CARINA_2006_02
2006057S12114,2006,South Indian,EMMA,2006-02-27 18:00:00,-19.5,115.4,35.0,0,EMMA_2006_02
2006060N04141,2006,Western Pacific,UNNAMED,2006-03-04 06:00:00,5.5,138.3,35.0,0,UNNAMED_2006_03
2006060S13058,2006,South Indian,DIWA,2006-03-08 06:00:00,-27.7,56.7,55.0,0,DIWA_2006_03
2006074S13158,2006,South Pacific,LARRY,2006-03-19 18:00:00,-17.5,146.8,115.0,4,LARRY_2006_03
2006075S14185,2006,South Pacific,WATI,2006-03-22 06:00:00,-18.0,153.7,80.0,1,WATI_2006_03
2006078S12119,2006,South Indian,FLOYD,2006-03-24 00:00:00,-15.1,108.2,115.0,4,FLOYD_2006_03
2006081S14129,2006,South Indian,GLENDA,2006-03-28 12:00:00,-16.7,120.4,120.0,4,GLENDA_2006_03
2006093S15115,2006,South Indian,HUBERT,2006-04-06 06:00:00,-18.3,115.5,55.0,0,HUBERT_2006_04
2006094S08087,2006,South Indian,ELIA,2006-04-14 06:00:00,-14.1,88.6,50.0,0,ELIA_2006_04
2006106S10153,2006,South Pacific,MONICA,2006-04-23 12:00:00,-11.3,136.7,155.0,5,MONICA_2006_04
2006114N08090,2006,North Indian,MALA,2006-04-28 12:00:00,15.6,92.7,120.0,4,MALA_2006_04
2006128N09138,2006,Western Pacific,CHANCHU,2006-05-15 00:00:00,14.1,115.3,125.0,4,CHANCHU_2006_05
2006147N15259,2006,Eastern Pacific,ALETTA,2006-05-28 06:00:00,15.6,-101.4,40.0,0,ALETTA_2006_05
2006155N16257,2006,Eastern Pacific,UNNAMED,2006-06-03 18:00:00,16.4,-102.5,30.0,-1,UNNAMED_2006_06
2006161N20275,2006,North Atlantic,ALBERTO,2006-06-12 12:00:00,26.8,-86.3,60.0,0,ALBERTO_2006_06
2006174N08135,2006,Western Pacific,JELAWAT,2006-06-27 18:00:00,18.5,112.8,45.0,0,JELAWAT_2006_06
2006180N06140,2006,Western Pacific,EWINIAR,2006-07-05 00:00:00,17.9,130.8,130.0,4,EWINIAR_2006_07
2006182N20088,2006,North Indian,UNNAMED,2006-07-02 12:00:00,20.4,87.4,35.0,0,UNNAMED_2006_07
2006188N10143,2006,Western Pacific,BILIS,2006-07-10 18:00:00,17.6,130.6,50.0,0,BILIS_2006_07
2006192N13250,2006,Eastern Pacific,BUD,2006-07-13 06:00:00,17.2,-119.8,110.0,3,BUD_2006_07
2006193N13258,2006,Eastern Pacific,CARLOTTA,2006-07-13 18:00:00,17.7,-110.8,75.0,1,CARLOTTA_2006_07
2006198N08152,2006,Western Pacific,KAEMI,2006-07-21 12:00:00,16.1,131.7,75.0,1,KAEMI_2006_07
2006198N12252,2006,Eastern Pacific,DANIEL,2006-07-22 00:00:00,13.5,-128.0,130.0,4,DANIEL_2006_07
2006198N37291,2006,North Atlantic,UNNAMED,2006-07-17 18:00:00,41.1,-63.7,45.0,0,UNNAMED_2006_07
2006200N32287,2006,North Atlantic,BERYL,2006-07-19 18:00:00,35.9,-73.5,50.0,0,BERYL_2006_07
2006203N12257,2006,Eastern Pacific,EMILIA,2006-07-23 18:00:00,18.0,-107.7,55.0,0,EMILIA_2006_07
2006209N13130,2006,Western Pacific,PRAPIROON,2006-08-03 00:00:00,20.2,112.7,70.0,1,PRAPIROON_2006_08
2006213N13256,2006,Eastern Pacific,GILMA,2006-08-01 12:00:00,13.8,-105.1,35.0,0,GILMA_2006_08
2006213N14239,2006,Eastern Pacific,FABIO,2006-08-01 18:00:00,14.7,-126.6,45.0,0,FABIO_2006_08
2006213N16302,2006,North Atlantic,CHRIS,2006-08-02 06:00:00,18.5,-62.2,55.0,0,CHRIS_2006_08
2006216N07151,2006,Western Pacific,SAOMAI,2006-08-09 12:00:00,25.4,125.3,140.0,5,SAOMAI_2006_08
2006216N21152,2006,Western Pacific,MARIA,2006-08-06 06:00:00,27.6,141.6,60.0,0,MARIA_2006_08
2006217N20134,2006,Western Pacific,BOPHA,2006-08-08 18:00:00,22.9,121.6,55.0,0,BOPHA_2006_08
2006224N21141,2006,Western Pacific,WUKONG,2006-08-17 18:00:00,32.0,131.1,55.0,0,WUKONG_2006_08
2006225N17126,2006,Western Pacific,SONAMU,2006-08-14 18:00:00,20.2,133.8,45.0,0,SONAMU_2006_08
2006228N10218,2006,Eastern Pacific,IOKE,2006-08-25 06:00:00,19.1,185.8,140.0,5,IOKE_2006_08
2006228N13247,2006,Eastern Pacific,HECTOR,2006-08-18 06:00:00,15.6,-124.0,95.0,2,HECTOR_2006_08
2006234N12258,2006,Eastern Pacific,ILEANA,2006-08-23 12:00:00,17.8,-111.0,105.0,3,ILEANA_2006_08
2006234N12338,2006,North Atlantic,DEBBY,2006-08-23 12:00:00,16.7,-31.0,45.0,0,DEBBY_2006_08
2006234N18109,2006,Western Pacific,UNNAMED,2006-08-24 18:00:00,21.5,112.6,30.0,-1,UNNAMED_2006_08
2006237N13298,2006,North Atlantic,ERNESTO,2006-08-27 06:00:00,16.9,-72.7,65.0,1,ERNESTO_2006_08
2006240N12265,2006,Eastern Pacific,JOHN,2006-08-30 12:00:00,16.0,-101.7,115.0,4,JOHN_2006_08
2006242N16246,2006,Eastern Pacific,KRISTY,2006-08-31 12:00:00,17.8,-116.4,70.0,1,KRISTY_2006_08
2006247N14321,2006,North Atlantic,FLORENCE,2006-09-10 18:00:00,29.3,-66.1,80.0,1,FLORENCE_2006_09
2006252N13139,2006,Western Pacific,SHANSHAN,2006-09-15 12:00:00,23.1,123.8,120.0,4,SHANSHAN_2006_09
2006253N20120,2006,Western Pacific,UNNAMED,2006-09-12 06:00:00,19.5,115.4,30.0,-1,UNNAMED_2006_09
2006254N20306,2006,North Atlantic,GORDON,2006-09-14 00:00:00,27.3,-57.4,105.0,3,GORDON_2006_09
2006256N12338,2006,North Atlantic,HELENE,2006-09-18 06:00:00,22.0,-49.4,105.0,3,HELENE_2006_09
2006257N16259,2006,Eastern Pacific,LANE,2006-09-16 12:00:00,23.1,-107.1,110.0,3,LANE_2006_09
2006258N11215,2006,Eastern Pacific,UNNAMED,2006-09-19 06:00:00,9.9,-157.5,30.0,-1,UNNAMED_2006_09
2006259N17245,2006,Eastern Pacific,MIRIAM,2006-09-17 00:00:00,18.5,-114.1,40.0,0,MIRIAM_2006_09
2006259N19155,2006,Western Pacific,YAGI,2006-09-21 12:00:00,21.5,146.2,140.0,5,YAGI_2006_09
2006262N19069,2006,North Indian,MUKDA,2006-09-23 06:00:00,20.8,67.1,55.0,0,MUKDA_2006_09
2006264N13115,2006,Western Pacific,UNNAMED,2006-09-23 06:00:00,14.3,111.9,30.0,-1,UNNAMED_2006_09
2006268N10187,2006,Eastern Pacific,UNNAMED,2006-09-26 18:00:00,11.2,-177.8,30.0,-1,UNNAMED_2006_09
2006268N12129,2006,Western Pacific,XANGSANE,2006-09-27 12:00:00,13.2,123.7,125.0,4,XANGSANE_2006_09
2006271N18089,2006,North Indian,UNNAMED,2006-09-28 18:00:00,18.5,87.2,35.0,0,UNNAMED_2006_09
2006271N26307,2006,North Atlantic,ISAAC,2006-10-01 00:00:00,32.0,-59.8,75.0,1,ISAAC_2006_10
2006272N13144,2006,Western Pacific,BEBINCA,2006-10-03 18:00:00,18.2,131.1,35.0,0,BEBINCA_2006_10
2006276N18151,2006,Western Pacific,RUMBIA,2006-10-05 12:00:00,23.6,151.9,30.0,-1,RUMBIA_2006_10
2006281N11201,2006,Eastern Pacific,UNNAMED,2006-10-13 18:00:00,13.7,-166.3,30.0,-1,UNNAMED_2006_10
2006282N13160,2006,Western Pacific,SOULIK,2006-10-13 06:00:00,23.8,141.0,90.0,2,SOULIK_2006_10
2006282N14243,2006,Eastern Pacific,NORMAN,2006-10-10 00:00:00,16.2,-117.9,45.0,0,NORMAN_2006_10
2006283N13232,2006,Eastern Pacific,OLIVIA,2006-10-10 12:00:00,14.5,-127.3,40.0,0,OLIVIA_2006_10
2006294N16254,2006,Eastern Pacific,PAUL,2006-10-23 12:00:00,16.3,-111.4,90.0,2,PAUL_2006_10
2006294S10168,2007,South Pacific,XAVIER,2006-10-24 00:00:00,-13.2,169.1,115.0,4,XAVIER_2006_10
2006298N12143,2006,Western Pacific,CIMARON,2006-10-29 06:00:00,16.3,123.6,140.0,5,CIMARON_2006_10
2006300N07078,2006,North Indian,UNNAMED,2006-10-29 18:00:00,15.5,80.5,55.0,0,UNNAMED_2006_10
2006300N17256,2006,Eastern Pacific,UNNAMED,2006-10-26 12:00:00,16.7,-103.9,30.0,-1,UNNAMED_2006_10
2006311N16143,2006,Western Pacific,CHEBI,2006-11-10 12:00:00,16.2,124.3,125.0,4,CHEBI_2006_11
2006312N13256,2006,Eastern Pacific,ROSA,2006-11-09 06:00:00,14.8,-105.2,35.0,0,ROSA_2006_11
2006315N13248,2006,Eastern Pacific,UNNAMED,2006-11-11 00:00:00,13.1,-112.3,30.0,-1,UNNAMED_2006_11
2006318N12256,2006,Eastern Pacific,SERGIO,2006-11-15 18:00:00,12.0,-103.7,95.0,2,SERGIO_2006_11
2006322S09172,2007,South Pacific,YANI,2006-11-23 18:00:00,-13.9,163.2,70.0,1,YANI_2006_11
2006329N06150,2006,Western Pacific,DURIAN,2006-11-29 12:00:00,13.3,126.4,135.0,4,DURIAN_2006_11
2006330S06049,2007,South Indian,ANITA,2006-11-30 06:00:00,-12.1,42.0,45.0,0,ANITA_2006_11
2006335S10164,2007,South Pacific,UNNAMED,2006-12-01 12:00:00,-11.7,164.9,35.0,0,UNNAMED_2006_12
2006340N08142,2006,Western Pacific,UTOR,2006-12-10 00:00:00,12.2,121.7,100.0,3,UTOR_2006_12
2006349N08157,2006,Western Pacific,TRAMI,2006-12-17 00:00:00,10.8,141.4,30.0,-1,TRAMI_2006_12
2006350S07071,2007,South Indian,BONDO,2006-12-19 18:00:00,-10.7,57.4,135.0,4,BONDO_2006_12
2006364S12058,2007,South Indian,CLOVIS,2007-01-02 12:00:00,-20.1,50.3,65.0,1,CLOVIS_2007_01
2006365S12114,2007,South Indian,ISOBEL,2007-01-02 18:00:00,-17.6,119.6,40.0,0,ISOBEL_2007_01
2007021S12183,2007,South Pacific,ARTHUR,2007-01-24 18:00:00,-15.1,-162.9,65.0,1,ARTHUR_2007_01
2007021S12195,2007,South Pacific,ZITA,2007-01-23 12:00:00,-17.7,-153.4,60.0,0,ZITA_2007_01
2007027S07069,2007,South Indian,DORA,2007-02-03 06:00:00,-18.6,67.4,115.0,4,DORA_2007_02
2007032S11137,2007,South Pacific,NELSON,2007-02-06 18:00:00,-16.3,141.3,50.0,0,NELSON_2007_02
2007033S12177,2007,South Pacific,UNNAMED,2007-02-04 00:00:00,-15.6,178.1,35.0,0,UNNAMED_2007_02
2007037S19050,2007,South Indian,ENOK,2007-02-10 00:00:00,-16.2,59.2,55.0,0,ENOK_2007_02
2007043S11071,2007,South Indian,FAVIO,2007-02-21 00:00:00,-24.5,39.9,120.0,4,FAVIO_2007_02
2007050S16079,2007,South Indian,GAMEDE,2007-02-25 18:00:00,-18.5,54.0,105.0,3,GAMEDE_2007_02
2007052S10093,2007,South Indian,HUMBA,2007-02-25 06:00:00,-19.3,78.7,80.0,1,HUMBA_2007_02
2007058S12135,2007,South Indian,GEORGE,2007-03-08 12:00:00,-19.9,119.0,110.0,3,GEORGE_2007_03
2007062S14119,2007,South Indian,JACOB,2007-03-10 00:00:00,-16.3,110.5,75.0,1,JACOB_2007_03
2007066S12066,2007,South Indian,INDLALA,2007-03-14 18:00:00,-14.7,51.0,120.0,4,INDLALA_2007_03
2007082S16125,2007,South Indian,KARA,2007-03-27 00:00:00,-18.6,116.8,105.0,3,KARA_2007_03
2007084S12157,2007,South Pacific,BECKY,2007-03-28 12:00:00,-19.8,168.2,70.0,1,BECKY_2007_03
2007085S11085,2007,South Indian,JAYA,2007-04-01 00:00:00,-14.8,60.3,110.0,3,JAYA_2007_04
2007090N06158,2007,Western Pacific,KONG-REY,2007-04-03 12:00:00,17.7,144.3,100.0,3,KONG-REY_2007_04
2007091S14175,2007,South Pacific,CLIFF,2007-04-05 12:00:00,-22.5,183.7,55.0,0,CLIFF_2007_04
2007127N36286,2007,North Atlantic,ANDREA,2007-05-07 06:00:00,33.3,-72.3,65.0,-4,ANDREA_2007_05
2007133N15091,2007,North Indian,AKASH,2007-05-14 18:00:00,21.2,92.1,65.0,1,AKASH_2007_05
2007135N08147,2007,Western Pacific,YUTU,2007-05-20 12:00:00,19.8,135.3,130.0,4,YUTU_2007_05
2007136S10158,2007,South Pacific,PIERRE,2007-05-16 06:00:00,-11.1,157.4,30.0,-1,PIERRE_2007_05
2007147N13249,2007,Eastern Pacific,ALVIN,2007-05-29 00:00:00,12.8,-113.1,35.0,0,ALVIN_2007_05
2007150N14263,2007,Eastern Pacific,BARBARA,2007-06-01 12:00:00,13.2,-94.4,45.0,0,BARBARA_2007_06
2007151N14072,2007,North Indian,GONU,2007-06-04 12:00:00,20.0,64.1,145.0,5,GONU_2007_06
2007151N18273,2007,North Atlantic,BARRY,2007-06-02 00:00:00,24.3,-85.2,50.0,0,BARRY_2007_06
2007163N15250,2007,Eastern Pacific,UNNAMED,2007-06-11 12:00:00,15.5,-110.3,30.0,-1,UNNAMED_2007_06
2007172N15088,2007,North Indian,UNNAMED,2007-06-26 00:00:00,24.8,65.3,50.0,0,UNNAMED_2007_06
2007178N18089,2007,North Indian,UNNAMED,2007-06-28 18:00:00,19.0,86.2,45.0,0,UNNAMED_2007_06
2007184N16112,2007,Western Pacific,TORAJI,2007-07-05 00:00:00,20.2,108.7,35.0,0,TORAJI_2007_07
2007188N04148,2007,Western Pacific,MAN-YI,2007-07-12 00:00:00,21.0,129.2,125.0,4,MAN-YI_2007_07
2007191N17241,2007,Eastern Pacific,UNNAMED,2007-07-09 18:00:00,17.0,-118.6,30.0,-1,UNNAMED_2007_07
2007196N11234,2007,Eastern Pacific,COSME,2007-07-16 18:00:00,14.4,-130.9,65.0,1,COSME_2007_07
2007196N15246,2007,Eastern Pacific,UNNAMED,2007-07-14 12:00:00,15.4,-114.2,30.0,-1,UNNAMED_2007_07
2007203N13255,2007,Eastern Pacific,DALILA,2007-07-25 00:00:00,18.1,-110.6,50.0,0,DALILA_2007_07
2007208N20155,2007,Western Pacific,USAGI,2007-08-01 00:00:00,25.1,137.0,120.0,4,USAGI_2007_08
2007208S03086,2008,South Indian,UNNAMED,2007-07-30 00:00:00,-11.0,91.2,40.0,0,UNNAMED_2007_07
2007212N36294,2007,North Atlantic,CHANTAL,2007-08-01 18:00:00,49.0,-49.5,60.0,-4,CHANTAL_2007_08
2007213N12115,2007,Western Pacific,UNNAMED,2007-08-03 00:00:00,13.3,113.0,30.0,-1,UNNAMED_2007_08
2007213N13238,2007,Eastern Pacific,ERICK,2007-08-01 00:00:00,13.0,-124.2,35.0,0,ERICK_2007_08
2007216N18138,2007,Western Pacific,PABUK,2007-08-07 12:00:00,22.0,122.1,70.0,1,PABUK_2007_08
2007219N15130,2007,Western Pacific,WUTIP,2007-08-07 12:00:00,18.0,127.4,30.0,-1,WUTIP_2007_08
2007221N13234,2007,Eastern Pacific,FLOSSIE,2007-08-12 00:00:00,13.2,-141.7,120.0,4,FLOSSIE_2007_08
2007223N19136,2007,Western Pacific,SEPAT,2007-08-15 18:00:00,16.7,127.2,140.0,5,SEPAT_2007_08
2007225N12331,2007,North Atlantic,DEAN,2007-08-21 06:00:00,18.6,-86.9,150.0,5,DEAN_2007_08
2007227N24269,2007,North Atlantic,ERIN,2007-08-19 06:00:00,35.6,-98.8,50.0,-3,ERIN_2007_08
2007240N17153,2007,Western Pacific,FITOW,2007-08-31 00:00:00,26.6,155.3,80.0,1,FITOW_2007_08
2007242N13264,2007,Eastern Pacific,HENRIETTE,2007-09-04 12:00:00,21.7,-109.3,75.0,1,HENRIETTE_2007_09
2007242N19251,2007,Eastern Pacific,GIL,2007-08-30 06:00:00,19.2,-112.2,40.0,0,GIL_2007_08
2007244N12303,2007,North Atlantic,FELIX,2007-09-03 00:00:00,13.8,-73.0,150.0,5,FELIX_2007_09
2007249N24161,2007,Western Pacific,DANAS,2007-09-10 06:00:00,38.2,150.2,65.0,1,DANAS_2007_09
2007251N30288,2007,North Atlantic,GABRIELLE,2007-09-09 12:00:00,34.3,-76.4,50.0,0,GABRIELLE_2007_09
2007254N18140,2007,Western Pacific,NARI,2007-09-14 18:00:00,26.7,126.5,125.0,4,NARI_2007_09
2007255N13316,2007,North Atlantic,INGRID,2007-09-14 12:00:00,15.3,-49.9,40.0,0,INGRID_2007_09
2007255N27265,2007,North Atlantic,HUMBERTO,2007-09-13 06:00:00,29.5,-94.4,80.0,1,HUMBERTO_2007_09
2007257N16134,2007,Western Pacific,WIPHA,2007-09-18 00:00:00,24.4,123.7,135.0,4,WIPHA_2007_09
2007261N13254,2007,Eastern Pacific,IVO,2007-09-20 18:00:00,17.5,-113.1,70.0,1,IVO_2007_09
2007262N09138,2007,Western Pacific,UNNAMED,2007-09-20 12:00:00,14.2,136.9,30.0,-1,UNNAMED_2007_09
2007262N16233,2007,Eastern Pacific,UNNAMED,2007-09-19 12:00:00,17.0,-127.5,30.0,-1,UNNAMED_2007_09
2007265N20122,2007,Western Pacific,FRANCISCO,2007-09-24 00:00:00,19.8,111.6,45.0,0,FRANCISCO_2007_09
2007265N29275,2007,North Atlantic,UNNAMED,2007-09-21 12:00:00,29.1,-85.4,30.0,-2,UNNAMED_2007_09
2007266N36314,2007,North Atlantic,JERRY,2007-09-23 06:00:00,36.2,-46.1,35.0,-2,JERRY_2007_09
2007268N10324,2007,North Atlantic,KAREN,2007-09-26 12:00:00,11.7,-42.4,65.0,1,KAREN_2007_09
2007269N22265,2007,North Atlantic,LORENZO,2007-09-28 00:00:00,20.5,-96.3,70.0,1,LORENZO_2007_09
2007271N14334,2007,North Atlantic,MELISSA,2007-09-29 06:00:00,14.5,-27.4,35.0,0,MELISSA_2007_09
2007272N15251,2007,Eastern Pacific,JULIETTE,2007-09-30 12:00:00,18.1,-113.0,50.0,0,JULIETTE_2007_09
2007272N17125,2007,Western Pacific,LEKIMA,2007-10-02 06:00:00,17.4,110.8,70.0,1,LEKIMA_2007_10
2007274N18131,2007,Western Pacific,KROSA,2007-10-05 00:00:00,20.4,125.3,130.0,4,KROSA_2007_10
2007274N28173,2007,Western Pacific,HAIYAN,2007-10-05 06:00:00,28.0,172.0,50.0,0,HAIYAN_2007_10
2007282N19181,2007,Western Pacific,LINGLING,2007-10-13 06:00:00,28.4,170.8,40.0,0,LINGLING_2007_10
2007285N30307,2007,North Atlantic,UNNAMED,2007-10-17 00:00:00,41.9,-30.1,45.0,-4,UNNAMED_2007_10
2007288N15251,2007,Eastern Pacific,KIKO,2007-10-20 18:00:00,18.2,-106.8,60.0,0,KIKO_2007_10
2007291N19148,2007,Western Pacific,KAJIKI,2007-10-20 18:00:00,26.0,142.1,115.0,4,KAJIKI_2007_10
2007297N18300,2007,North Atlantic,NOEL,2007-11-03 12:00:00,36.4,-70.9,75.0,-4,NOEL_2007_11
2007298N18136,2007,Western Pacific,FAXAI,2007-10-26 12:00:00,25.0,131.7,40.0,0,FAXAI_2007_10
2007300N11068,2007,North Indian,UNNAMED,2007-10-28 00:00:00,11.3,66.8,40.0,0,UNNAMED_2007_10
2007306N18133,2007,Western Pacific,PEIPAH,2007-11-06 06:00:00,18.6,118.4,75.0,1,PEIPAH_2007_11
2007313N16148,2007,Western Pacific,TAPAH,2007-11-11 18:00:00,21.2,141.0,35.0,0,TAPAH_2007_11
2007314N10093,2007,North Indian,SIDR,2007-11-14 18:00:00,16.6,89.1,140.0,5,SIDR_2007_11
2007315S05095,2008,South Indian,ARIEL:LEE,2007-11-15 18:00:00,-11.5,89.3,60.0,0,ARIEL:LEE_2007_11
2007317S10150,2008,South Pacific,GUBA,2007-11-16 12:00:00,-11.4,147.1,75.0,1,GUBA_2007_11
2007322S06075,2008,South Indian,BONGWE,2007-11-20 00:00:00,-11.0,75.9,65.0,1,BONGWE_2007_11
2007323N09128,2007,Western Pacific,HAGIBIS,2007-11-22 12:00:00,10.8,111.9,80.0,1,HAGIBIS_2007_11
2007324N10140,2007,Western Pacific,MITAG,2007-11-23 18:00:00,14.2,126.5,95.0,2,MITAG_2007_11
2007327N09152,2007,Western Pacific,UNNAMED,2007-11-24 00:00:00,11.3,144.9,25.0,-1,UNNAMED_2007_11
2007330N10141,2007,Western Pacific,UNNAMED,2007-11-28 06:00:00,21.8,137.0,25.0,-3,UNNAMED_2007_11
2007337S12186,2008,South Pacific,DAMAN,2007-12-07 00:00:00,-15.5,177.8,110.0,3,DAMAN_2007_12
2007345N18298,2007,North Atlantic,OLGA,2007-12-11 18:00:00,18.5,-68.4,50.0,0,OLGA_2007_12
2007346S12073,2008,South Indian,CELINA,2007-12-17 12:00:00,-20.0,61.1,40.0,0,CELINA_2007_12
2007352S12088,2008,South Indian,DAMA,2007-12-20 12:00:00,-17.3,84.1,50.0,0,DAMA_2007_12
2007360S10116,2008,South Indian,MELANIE,2007-12-29 00:00:00,-16.8,117.5,60.0,0,MELANIE_2007_12
2007363S20043,2008,South Indian,ELNUS,2008-01-01 00:00:00,-19.0,41.0,40.0,0,ELNUS_2008_01
2007365S15134,2008,South Indian,HELEN,2008-01-04 12:00:00,-13.2,129.9,50.0,0,HELEN_2008_01
2008008S18184,2008,South Pacific,ELISA,2008-01-10 12:00:00,-22.9,-175.1,50.0,0,ELISA_2008_01
2008012N12123,2008,Western Pacific,UNNAMED,2008-01-14 06:00:00,12.4,113.7,40.0,0,UNNAMED_2008_01
2008015S16162,2008,South Pacific,FUNA,2008-01-18 18:00:00,-19.9,174.3,105.0,3,FUNA_2008_01
2008023S10050,2008,South Indian,FAME,2008-01-27 06:00:00,-15.7,44.4,85.0,2,FAME_2008_01
2008026S11064,2008,South Indian,GULA,2008-01-29 06:00:00,-14.8,61.5,90.0,2,GULA_2008_01
2008026S12179,2008,South Pacific,GENE,2008-01-31 18:00:00,-19.7,170.8,100.0,3,GENE_2008_01
2008033S11083,2008,South Indian,HONDO,2008-02-07 12:00:00,-14.9,82.7,130.0,4,HONDO_2008_02
2008034S12103,2008,South Indian,UNNAMED,2008-02-08 12:00:00,-17.2,107.7,40.0,0,UNNAMED_2008_02
2008037S10055,2008,South Indian,IVAN,2008-02-16 12:00:00,-16.6,51.9,125.0,4,IVAN_2008_02
2008042S16122,2008,South Indian,NICHOLAS,2008-02-16 06:00:00,-17.1,118.0,80.0,1,NICHOLAS_2008_02
2008058S15131,2008,South Indian,OPHELIA,2008-03-02 06:00:00,-16.6,120.6,65.0,1,OPHELIA_2008_03
2008060S19151,2008,South Pacific,UNNAMED,2008-02-29 06:00:00,-21.2,154.5,35.0,0,UNNAMED_2008_02
2008062S10064,2008,South Indian,JOKWE,2008-03-08 06:00:00,-15.4,40.8,110.0,3,JOKWE_2008_03
2008065S12096,2008,South Indian,KAMBA,2008-03-10 18:00:00,-19.4,78.2,115.0,4,KAMBA_2008_03
2008079S12069,2008,South Indian,LOLA,2008-03-21 18:00:00,-15.6,59.8,35.0,0,LOLA_2008_03
2008080S17163,2008,South Pacific,UNNAMED,2008-03-20 18:00:00,-19.4,163.8,35.0,0,UNNAMED_2008_03
2008083S12102,2008,South Indian,PANCHO,2008-03-27 00:00:00,-19.3,105.9,100.0,3,PANCHO_2008_03
2008104N08128,2008,Western Pacific,NEOGURI,2008-04-17 18:00:00,17.1,111.7,100.0,3,NEOGURI_2008_04
2008108S13158,2008,South Pacific,UNNAMED,2008-04-17 18:00:00,-14.4,159.6,30.0,-1,UNNAMED_2008_04
2008111S06082,2008,South Indian,DURGA,2008-04-23 00:00:00,-8.8,95.1,40.0,0,DURGA_2008_04
2008111S08096,2008,South Indian,ROSIE,2008-04-22 00:00:00,-10.7,104.8,50.0,0,ROSIE_2008_04
2008117N11090,2008,North Indian,NARGIS,2008-05-02 06:00:00,16.0,93.6,115.0,4,NARGIS_2008_05
2008128N07134,2008,Western Pacific,RAMMASUN,2008-05-10 12:00:00,16.8,132.0,135.0,4,RAMMASUN_2008_05
2008135N12116,2008,Western Pacific,HALONG,2008-05-17 12:00:00,16.3,120.2,75.0,1,HALONG_2008_05
2008135N16125,2008,Western Pacific,MATMO,2008-05-16 00:00:00,23.8,130.0,40.0,0,MATMO_2008_05
2008147N10141,2008,Western Pacific,NAKRI,2008-05-29 06:00:00,16.2,135.8,125.0,4,NAKRI_2008_05
2008150N10274,2008,Eastern Pacific,ALMA,2008-05-29 18:00:00,12.0,-86.9,55.0,0,ALMA_2008_05
2008152N18273,2008,North Atlantic,ARTHUR,2008-05-31 06:00:00,17.8,-88.0,40.0,0,ARTHUR_2008_05
2008169N08135,2008,Western Pacific,FENGSHEN,2008-06-21 00:00:00,11.9,122.7,110.0,3,FENGSHEN_2008_06
2008179N12252,2008,Eastern Pacific,BORIS,2008-07-02 06:00:00,15.7,-126.2,70.0,1,BORIS_2008_07
2008180N14238,2008,Eastern Pacific,CRISTINA,2008-06-28 18:00:00,14.6,-125.0,45.0,0,CRISTINA_2008_06
2008184N15254,2008,Eastern Pacific,DOUGLAS,2008-07-02 12:00:00,17.4,-107.6,35.0,0,DOUGLAS_2008_07
2008185N13337,2008,North Atlantic,BERTHA,2008-07-07 21:00:00,20.3,-51.9,110.0,3,BERTHA_2008_07
2008188N14260,2008,Eastern Pacific,UNNAMED,2008-07-06 12:00:00,16.2,-102.0,30.0,-1,UNNAMED_2008_07
2008193N20126,2008,Western Pacific,KALMAEGI,2008-07-17 06:00:00,23.2,122.5,90.0,2,KALMAEGI_2008_07
2008194N11266,2008,Eastern Pacific,ELIDA,2008-07-16 18:00:00,16.9,-117.2,90.0,2,ELIDA_2008_07
2008198N10265,2008,Eastern Pacific,FAUSTO,2008-07-20 12:00:00,17.5,-112.2,80.0,1,FAUSTO_2008_07
2008201N32280,2008,North Atlantic,CRISTOBAL,2008-07-21 12:00:00,36.2,-73.2,55.0,0,CRISTOBAL_2008_07
2008203N18276,2008,North Atlantic,DOLLY,2008-07-23 12:00:00,25.9,-96.7,85.0,2,DOLLY_2008_07
2008204N13260,2008,Eastern Pacific,GENEVIEVE,2008-07-25 12:00:00,16.3,-115.2,65.0,1,GENEVIEVE_2008_07
2008206N22133,2008,Western Pacific,FUNG-WONG,2008-07-27 18:00:00,23.0,122.4,95.0,2,FUNG-WONG_2008_07
2008217N19120,2008,Western Pacific,KAMMURI,2008-08-06 06:00:00,21.5,112.9,50.0,0,KAMMURI_2008_08
2008217N28273,2008,North Atlantic,EDOUARD,2008-08-05 06:00:00,29.0,-92.9,55.0,0,EDOUARD_2008_08
2008218N10224,2008,Eastern Pacific,KIKA,2008-08-07 06:00:00,10.4,212.8,35.0,0,KIKA_2008_08
2008220N12250,2008,Eastern Pacific,HERNAN,2008-08-09 12:00:00,15.5,-122.8,105.0,3,HERNAN_2008_08
2008224N24122,2008,Western Pacific,UNNAMED,2008-08-13 18:00:00,30.8,126.5,35.0,0,UNNAMED_2008_08
2008226N22134,2008,Western Pacific,VONGFONG,2008-08-15 06:00:00,30.2,135.5,55.0,0,VONGFONG_2008_08
2008227N16255,2008,Eastern Pacific,ISELLE,2008-08-14 12:00:00,17.6,-109.1,45.0,0,ISELLE_2008_08
2008229N13147,2008,Western Pacific,NURI,2008-08-20 00:00:00,18.7,122.0,100.0,3,NURI_2008_08
2008229N18293,2008,North Atlantic,FAY,2008-08-19 18:00:00,27.0,-81.1,60.0,0,FAY_2008_08
2008237N18253,2008,Eastern Pacific,JULIO,2008-08-24 12:00:00,21.9,-109.8,45.0,0,JULIO_2008_08
2008238N13130,2008,Western Pacific,UNNAMED,2008-08-27 00:00:00,17.5,123.9,35.0,0,UNNAMED_2008_08
2008238N13293,2008,North Atlantic,GUSTAV,2008-08-30 22:00:00,22.4,-83.1,135.0,4,GUSTAV_2008_08
2008241N19303,2008,North Atlantic,HANNA,2008-09-02 00:00:00,21.8,-72.3,75.0,1,HANNA_2008_09
2008245N17323,2008,North Atlantic,IKE,2008-09-04 06:00:00,22.4,-55.0,125.0,4,IKE_2008_09
2008246N12338,2008,North Atlantic,JOSEPHINE,2008-09-03 06:00:00,13.6,-27.2,55.0,0,JOSEPHINE_2008_09
2008246N19250,2008,Eastern Pacific,KARINA,2008-09-02 12:00:00,19.2,-111.0,35.0,0,KARINA_2008_09
2008251N15256,2008,Eastern Pacific,LOWELL,2008-09-07 12:00:00,16.9,-107.5,45.0,0,LOWELL_2008_09
2008252N16128,2008,Western Pacific,SINLAKU,2008-09-10 18:00:00,20.8,124.3,125.0,4,SINLAKU_2008_09
2008253N29150,2008,Western Pacific,UNNAMED,2008-09-10 00:00:00,30.4,146.6,35.0,0,UNNAMED_2008_09
2008257N28148,2008,Western Pacific,UNNAMED,2008-09-14 06:00:00,35.4,150.8,35.0,0,UNNAMED_2008_09
2008259N20089,2008,North Indian,UNNAMED,2008-09-16 18:00:00,21.1,86.6,45.0,0,UNNAMED_2008_09
2008262N16142,2008,Western Pacific,HAGUPIT,2008-09-23 12:00:00,20.6,114.1,125.0,4,HAGUPIT_2008_09
2008268N12140,2008,Western Pacific,JANGMI,2008-09-27 06:00:00,20.7,125.6,140.0,5,JANGMI_2008_09
2008269N21290,2008,North Atlantic,KYLE,2008-09-28 12:00:00,39.4,-68.2,75.0,1,KYLE_2008_09
2008270N39325,2008,North Atlantic,LAURA,2008-09-27 12:00:00,37.5,-38.0,70.0,-4,LAURA_2008_09
2008272N08139,2008,Western Pacific,HIGOS,2008-09-29 18:00:00,9.9,127.9,40.0,0,HIGOS_2008_09
2008272N15113,2008,Western Pacific,MEKKHALA,2008-09-29 18:00:00,17.4,108.1,55.0,0,MEKKHALA_2008_09
2008275N16245,2008,Eastern Pacific,MARIE,2008-10-04 00:00:00,17.7,-122.2,70.0,1,MARIE_2008_10
2008278N13261,2008,Eastern Pacific,NORBERT,2008-10-08 18:00:00,16.4,-110.9,115.0,4,NORBERT_2008_10
2008280N18268,2008,North Atlantic,MARCO,2008-10-07 00:00:00,19.7,-95.2,55.0,0,MARCO_2008_10
2008283N12271,2008,Eastern Pacific,ODILE,2008-10-10 06:00:00,13.8,-96.2,50.0,0,ODILE_2008_10
2008286N16323,2008,North Atlantic,NANA,2008-10-12 12:00:00,16.0,-37.1,35.0,0,NANA_2008_10
2008286N17109,2008,Western Pacific,UNNAMED,2008-10-14 12:00:00,19.2,107.7,35.0,0,UNNAMED_2008_10
2008287N15291,2008,North Atlantic,OMAR,2008-10-16 06:00:00,18.2,-63.9,115.0,4,OMAR_2008_10
2008289N15277,2008,North Atlantic,UNNAMED,2008-10-14 12:00:00,15.5,-82.8,25.0,-1,UNNAMED_2008_10
2008290S05071,2009,South Indian,ASMA,2008-10-20 06:00:00,-12.3,62.0,50.0,0,ASMA_2008_10
2008292N20152,2008,Western Pacific,BAVI,2008-10-19 12:00:00,28.6,149.2,45.0,0,BAVI_2008_10
2008293N09060,2008,North Indian,UNNAMED,2008-10-20 18:00:00,10.3,55.5,30.0,-1,UNNAMED_2008_10
2008297N12255,2008,Eastern Pacific,UNNAMED,2008-10-23 12:00:00,13.0,-104.9,30.0,-1,UNNAMED_2008_10
2008298N16085,2008,North Indian,RASHMI,2008-10-26 18:00:00,21.0,89.3,45.0,0,RASHMI_2008_10
2008308N08252,2008,Eastern Pacific,POLO,2008-11-03 06:00:00,8.6,-111.7,40.0,0,POLO_2008_11
2008311N08128,2008,Western Pacific,MAYSAK,2008-11-08 12:00:00,16.8,115.0,55.0,0,MAYSAK_2008_11
2008311N14278,2008,North Atlantic,PALOMA,2008-11-08 12:00:00,19.8,-79.6,125.0,4,PALOMA_2008_11
2008317N11089,2008,North Indian,KHAI-MUK,2008-11-14 12:00:00,14.0,84.1,45.0,0,KHAI-MUK_2008_11
2008319S07086,2009,South Indian,BERNARD,2008-11-20 00:00:00,-9.7,82.8,40.0,0,BERNARD_2008_11
2008320N08122,2008,Western Pacific,NOUL,2008-11-17 00:00:00,11.5,111.1,40.0,0,NOUL_2008_11
2008320N23146,2008,Western Pacific,HAISHEN,2008-11-16 06:00:00,27.3,152.5,40.0,0,HAISHEN_2008_11
2008323S08089,2009,South Indian,ANIKA,2008-11-20 00:00:00,-13.7,101.5,60.0,0,ANIKA_2008_11
2008329N09082,2008,North Indian,NISHA,2008-11-26 06:00:00,10.6,80.4,50.0,0,NISHA_2008_11
2008338N06092,2008,North Indian,UNNAMED,2008-12-05 06:00:00,7.9,88.2,35.0,0,UNNAMED_2008_12
2008343N16168,2008,Western Pacific,DOLPHIN,2008-12-15 18:00:00,15.4,130.5,85.0,2,DOLPHIN_2008_12
2008348S10077,2009,South Indian,CINDA,2008-12-18 06:00:00,-12.3,66.9,55.0,0,CINDA_2008_12
2008351S11128,2009,South Indian,BILLY,2008-12-24 18:00:00,-17.6,117.9,110.0,3,BILLY_2008_12
2009008S13069,2009,South Indian,DONGO,2009-01-11 00:00:00,-20.7,68.3,55.0,0,DONGO_2009_01
2009011S16139,2009,South Pacific,CHARLOTTE,2009-01-11 12:00:00,-16.2,140.6,40.0,0,CHARLOTTE_2009_01
2009017S15059,2009,South Indian,ERIC,2009-01-19 00:00:00,-17.3,49.9,40.0,0,ERIC_2009_01
2009017S20043,2009,South Indian,FANELE,2009-01-20 12:00:00,-20.2,42.6,115.0,4,FANELE_2009_01
2009024S17123,2009,South Indian,DOMINIC,2009-01-26 06:00:00,-20.2,115.5,50.0,0,DOMINIC_2009_01
2009025S12177,2009,South Pacific,HETTIE,2009-01-27 18:00:00,-19.7,183.2,35.0,0,HETTIE_2009_01
2009031S16147,2009,South Pacific,ELLIE,2009-01-31 18:00:00,-16.6,147.6,35.0,0,ELLIE_2009_01
2009032S15071,2009,South Indian,GAEL,2009-02-07 00:00:00,-19.6,51.8,120.0,4,GAEL_2009_02
2009034S16126,2009,South Indian,FREDDY,2009-02-08 06:00:00,-16.2,109.4,55.0,0,FREDDY_2009_02
2009045S18174,2009,South Pacific,INNIS,2009-02-17 18:00:00,-24.7,161.4,40.0,0,INNIS_2009_02
2009051S11075,2009,South Indian,HINA,2009-02-23 00:00:00,-18.5,78.5,65.0,1,HINA_2009_02
2009059S10101,2009,South Indian,GABRIELLE,2009-03-02 00:00:00,-13.6,105.6,35.0,0,GABRIELLE_2009_03
2009064S13148,2009,South Pacific,HAMISH,2009-03-07 18:00:00,-19.2,150.0,135.0,4,HAMISH_2009_03
2009066S12081,2009,South Indian,UNNAMED,2009-03-09 12:00:00,-18.4,86.3,35.0,0,UNNAMED_2009_03
2009069S19204,2009,South Pacific,JONI,2009-03-11 18:00:00,-22.2,-158.5,55.0,0,JONI_2009_03
2009074S10129,2009,South Indian,ILSA,2009-03-19 12:00:00,-16.3,106.9,100.0,3,ILSA_2009_03
2009075S18197,2009,South Pacific,KEN,2009-03-20 00:00:00,-35.0,-152.9,60.0,-4,KEN_2009_03
2009082S15154,2009,South Pacific,JASPER,2009-03-24 12:00:00,-20.1,162.1,45.0,0,JASPER_2009_03
2009082S16039,2009,South Indian,IZILDA,2009-03-26 00:00:00,-23.7,42.6,65.0,1,IZILDA_2009_03
2009092S15178,2009,South Pacific,LIN,2009-04-05 00:00:00,-21.5,184.7,55.0,0,LIN_2009_04
2009093S12062,2009,South Indian,JADE,2009-04-05 18:00:00,-14.6,51.4,65.0,1,JADE_2009_04
2009104N13088,2009,North Indian,BIJLI,2009-04-16 12:00:00,18.5,86.6,50.0,0,BIJLI_2009_04
2009107S07133,2009,South Indian,KIRRILY,2009-04-27 06:00:00,-6.4,134.2,45.0,0,KIRRILY_2009_04
2009121N13124,2009,Western Pacific,KUJIRA,2009-05-04 18:00:00,17.2,131.1,115.0,4,KUJIRA_2009_05
2009123N10111,2009,Western Pacific,CHAN-HOM,2009-05-07 06:00:00,15.8,118.8,90.0,2,CHAN-HOM_2009_05
2009143N17089,2009,North Indian,AILA,2009-05-25 06:00:00,21.6,88.2,65.0,1,AILA_2009_05
2009147N31285,2009,North Atlantic,UNNAMED,2009-05-28 18:00:00,37.5,-70.3,30.0,-1,UNNAMED_2009_05
2009164N10131,2009,Western Pacific,LINFA,2009-06-20 12:00:00,21.2,117.9,75.0,1,LINFA_2009_06
2009167N14257,2009,Eastern Pacific,UNNAMED,2009-06-18 18:00:00,17.9,-108.1,30.0,-1,UNNAMED_2009_06
2009171N15264,2009,Eastern Pacific,ANDRES,2009-06-23 06:00:00,17.2,-103.1,70.0,1,ANDRES_2009_06
2009173N10132,2009,Western Pacific,NANGKA,2009-06-23 18:00:00,12.5,123.3,45.0,0,NANGKA_2009_06
2009185N13260,2009,Eastern Pacific,BLANCA,2009-07-07 00:00:00,18.0,-113.4,45.0,0,BLANCA_2009_07
2009189N17129,2009,Western Pacific,SOUDELOR,2009-07-11 00:00:00,19.8,115.5,35.0,0,SOUDELOR_2009_07
2009190N09254,2009,Eastern Pacific,CARLOS,2009-07-15 00:00:00,10.1,-128.3,90.0,2,CARLOS_2009_07
2009192N16130,2009,Western Pacific,UNNAMED,2009-07-13 00:00:00,22.1,122.4,30.0,-1,UNNAMED_2009_07
2009194N11257,2009,Eastern Pacific,DOLORES,2009-07-16 00:00:00,16.9,-117.1,50.0,0,DOLORES_2009_07
2009196N14129,2009,Western Pacific,MOLAVE,2009-07-18 06:00:00,21.8,117.1,65.0,1,MOLAVE_2009_07
2009210N11231,2009,Eastern Pacific,LANA,2009-07-31 18:00:00,13.7,-146.9,55.0,0,LANA_2009_07
2009213N16130,2009,Western Pacific,GONI,2009-08-04 18:00:00,21.7,113.0,45.0,0,GONI_2009_08
2009215N10242,2009,Eastern Pacific,FELICIA,2009-08-06 00:00:00,14.7,-130.1,125.0,4,FELICIA_2009_08
2009215N13252,2009,Eastern Pacific,ENRIQUE,2009-08-04 12:00:00,14.3,-116.3,55.0,0,ENRIQUE_2009_08
2009215N20133,2009,Western Pacific,MORAKOT,2009-08-06 00:00:00,23.2,128.1,80.0,1,MORAKOT_2009_08
2009219N19140,2009,Western Pacific,ETAU,2009-08-11 06:00:00,33.4,140.8,40.0,0,ETAU_2009_08
2009220N12246,2009,Eastern Pacific,UNNAMED,2009-08-09 18:00:00,14.4,-120.2,30.0,-1,UNNAMED_2009_08
2009221N10201,2009,Western Pacific,MAKA,2009-08-16 00:00:00,15.7,173.3,45.0,0,MAKA_2009_08
2009222N09262,2009,Eastern Pacific,GUILLERMO,2009-08-15 12:00:00,18.7,-132.6,110.0,3,GUILLERMO_2009_08
2009222N14336,2009,North Atlantic,ANA,2009-08-12 12:00:00,14.4,-33.3,35.0,0,ANA_2009_08
2009227N12328,2009,North Atlantic,BILL,2009-08-19 06:00:00,17.6,-54.2,115.0,4,BILL_2009_08
2009228N11163,2009,Western Pacific,VAMCO,2009-08-21 06:00:00,20.5,156.8,120.0,4,VAMCO_2009_08
2009228N27277,2009,North Atlantic,CLAUDETTE,2009-08-16 18:00:00,29.1,-85.1,50.0,0,CLAUDETTE_2009_08
2009233N13230,2009,Eastern Pacific,HILDA,2009-08-24 06:00:00,14.2,-143.6,55.0,0,HILDA_2009_08
2009235N14252,2009,Eastern Pacific,IGNACIO,2009-08-25 12:00:00,18.3,-118.9,45.0,0,IGNACIO_2009_08
2009238N12189,2009,Eastern Pacific,UNNAMED,2009-08-28 12:00:00,14.5,183.7,30.0,-1,UNNAMED_2009_08
2009238N20151,2009,Western Pacific,KROVANH,2009-08-31 00:00:00,33.5,139.9,65.0,1,KROVANH_2009_08
2009238N24290,2009,North Atlantic,DANNY,2009-08-27 00:00:00,25.9,-71.2,50.0,0,DANNY_2009_08
2009239N10253,2009,Eastern Pacific,KEVIN,2009-08-30 06:00:00,13.9,-122.0,45.0,0,KEVIN_2009_08
2009239N12270,2009,Eastern Pacific,JIMENA,2009-08-31 18:00:00,18.2,-108.9,135.0,4,JIMENA_2009_08
2009245N17303,2009,North Atlantic,ERIKA,2009-09-01 18:00:00,16.7,-57.3,45.0,0,ERIKA_2009_09
2009246N12250,2009,Eastern Pacific,LINDA,2009-09-10 00:00:00,16.8,-129.2,70.0,1,LINDA_2009_09
2009246N18130,2009,Western Pacific,DUJUAN,2009-09-08 18:00:00,32.4,145.3,50.0,0,DUJUAN_2009_09
2009247N19089,2009,North Indian,UNNAMED,2009-09-05 12:00:00,22.4,87.6,40.0,0,UNNAMED_2009_09
2009251N12336,2009,North Atlantic,FRED,2009-09-09 12:00:00,13.6,-32.1,105.0,3,FRED_2009_09
2009251N16118,2009,Western Pacific,MUJIGAE,2009-09-09 12:00:00,18.2,117.5,30.0,-1,MUJIGAE_2009_09
2009254N14130,2009,Western Pacific,KOPPU,2009-09-14 18:00:00,21.5,113.2,75.0,1,KOPPU_2009_09
2009255N13155,2009,Western Pacific,CHOI-WAN,2009-09-15 18:00:00,18.2,144.2,140.0,5,CHOI-WAN_2009_09
2009257N14256,2009,Eastern Pacific,MARTY,2009-09-16 18:00:00,18.8,-112.5,40.0,0,MARTY_2009_09
2009264N13252,2009,Eastern Pacific,NORA,2009-09-24 00:00:00,17.0,-118.8,50.0,0,NORA_2009_09
2009268N14128,2009,Western Pacific,KETSANA,2009-09-28 12:00:00,16.0,111.2,90.0,2,KETSANA_2009_09
2009268N15331,2009,North Atlantic,UNNAMED,2009-09-25 18:00:00,16.1,-31.1,30.0,-1,UNNAMED_2009_09
2009269N10163,2009,Western Pacific,UNNAMED,2009-09-27 18:00:00,10.0,156.3,30.0,-1,UNNAMED_2009_09
2009270N10148,2009,Western Pacific,PARMA,2009-10-01 00:00:00,11.8,131.1,135.0,4,PARMA_2009_10
2009271N15257,2009,Eastern Pacific,OLAF,2009-10-02 00:00:00,20.4,-117.4,40.0,0,OLAF_2009_10
2009271N46317,2009,North Atlantic,GRACE,2009-09-27 18:00:00,46.0,-43.2,55.0,-4,GRACE_2009_09
2009272N07164,2009,Western Pacific,MELOR,2009-10-04 06:00:00,17.0,140.9,150.0,5,MELOR_2009_10
2009279N15311,2009,North Atlantic,HENRI,2009-10-07 06:00:00,18.3,-55.7,45.0,0,HENRI_2009_10
2009281N15144,2009,Western Pacific,NEPARTAK,2009-10-11 12:00:00,22.9,143.2,55.0,0,NEPARTAK_2009_10
2009282N16252,2009,Eastern Pacific,PATRICIA,2009-10-12 12:00:00,18.8,-109.5,50.0,0,PATRICIA_2009_10
2009287N10154,2009,Western Pacific,LUPIT,2009-10-19 00:00:00,18.5,134.1,140.0,5,LUPIT_2009_10
2009288N07267,2009,Eastern Pacific,RICK,2009-10-18 06:00:00,15.2,-106.6,155.0,5,RICK_2009_10
2009289N12230,2009,Eastern Pacific,NEKI,2009-10-22 00:00:00,18.3,-166.7,110.0,3,NEKI_2009_10
2009299N12153,2009,Western Pacific,MIRINAE,2009-10-28 12:00:00,16.2,135.4,90.0,2,MIRINAE_2009_10
2009305N14134,2009,Western Pacific,UNNAMED,2009-11-02 06:00:00,17.3,124.9,25.0,-1,UNNAMED_2009_11
2009308N11279,2009,North Atlantic,IDA,2009-11-09 00:00:00,23.0,-86.5,90.0,2,IDA_2009_11
2009311N20157,2009,Western Pacific,UNNAMED,2009-11-08 00:00:00,20.9,157.2,45.0,0,UNNAMED_2009_11
2009313N11072,2009,North Indian,PHYAN,2009-11-10 18:00:00,15.8,71.8,50.0,0,PHYAN_2009_11
2009317S10073,2010,South Indian,ANJA,2009-11-15 12:00:00,-13.2,69.9,105.0,3,ANJA_2009_11
2009324N06129,2009,Western Pacific,UNNAMED,2009-11-23 18:00:00,9.6,127.2,30.0,-1,UNNAMED_2009_11
2009325N06148,2009,Western Pacific,NIDA,2009-11-25 12:00:00,12.6,142.2,155.0,5,NIDA_2009_11
2009325S12066,2010,South Indian,BONGANI,2009-11-23 06:00:00,-8.6,53.9,40.0,0,BONGANI_2009_11
2009337N14143,2009,Western Pacific,UNNAMED,2009-12-05 00:00:00,23.4,144.8,35.0,0,UNNAMED_2009_12
2009337S07096,2010,South Indian,CLEO,2009-12-08 12:00:00,-11.1,75.6,115.0,4,CLEO_2009_12
2009342S09140,2010,South Indian,LAURENCE,2009-12-21 06:00:00,-19.5,120.6,130.0,4,LAURENCE_2009_12
2009344N06085,2009,North Indian,WARD,2009-12-11 18:00:00,9.3,84.8,45.0,0,WARD_2009_12
2009346S07086,2010,South Indian,DAVID,2009-12-22 18:00:00,-13.2,67.0,55.0,0,DAVID_2009_12
2009346S10172,2010,South Pacific,MICK,2009-12-13 18:00:00,-16.4,176.7,65.0,1,MICK_2009_12
2010002S09096,2010,South Indian,EDZANI,2010-01-08 12:00:00,-16.1,77.1,140.0,5,EDZANI_2010_01
2010018N07113,2010,Western Pacific,UNNAMED,2010-01-19 00:00:00,7.8,110.8,30.0,-1,UNNAMED_2010_01
2010019S11123,2010,South Indian,MAGDA,2010-01-21 06:00:00,-14.3,123.5,65.0,1,MAGDA_2010_01
2010020S08163,2010,South Pacific,OLGA,2010-01-23 06:00:00,-16.5,149.2,45.0,0,OLGA_2010_01
2010027S14184,2010,South Pacific,NISHA,2010-01-28 12:00:00,-19.3,-165.2,55.0,0,NISHA_2010_01
2010027S17058,2010,South Indian,UNNAMED,2010-01-27 18:00:00,-20.1,59.5,35.0,0,UNNAMED_2010_01
2010029S12177,2010,South Pacific,OLI,2010-02-04 12:00:00,-18.6,207.7,115.0,4,OLI_2010_02
2010032S20042,2010,South Indian,FAMI,2010-02-02 06:00:00,-20.8,43.6,50.0,0,FAMI_2010_02
2010038S08194,2010,South Pacific,PAT,2010-02-10 06:00:00,-18.1,-159.3,90.0,2,PAT_2010_02
2010040S11185,2010,South Pacific,RENE,2010-02-13 18:00:00,-15.8,189.8,100.0,3,RENE_2010_02
2010046S10058,2010,South Indian,GELANE,2010-02-19 12:00:00,-17.3,62.1,125.0,4,GELANE_2010_02
2010051S06195,2010,South Pacific,SARAH,2010-02-21 18:00:00,-9.3,-158.6,35.0,0,SARAH_2010_02
2010066S19050,2010,South Indian,HUBERT,2010-03-10 18:00:00,-21.0,48.6,50.0,0,HUBERT_2010_03
2010067S25317,2010,South Atlantic,UNNAMED,2010-03-12 00:00:00,-33.6,-40.5,45.0,-3,UNNAMED_2010_03
2010069S12188,2010,South Pacific,TOMAS,2010-03-15 06:00:00,-16.2,-179.6,115.0,4,TOMAS_2010_03
2010070S15168,2010,South Pacific,ULUI,2010-03-14 00:00:00,-12.7,161.7,140.0,5,ULUI_2010_03
2010078N03153,2010,Western Pacific,OMAIS,2010-03-24 18:00:00,14.1,132.7,50.0,0,OMAIS_2010_03
2010080S06089,2010,South Indian,IMANI,2010-03-25 12:00:00,-19.9,85.8,80.0,1,IMANI_2010_03
2010084S09138,2010,South Pacific,PAUL,2010-03-29 12:00:00,-13.4,136.0,70.0,1,PAUL_2010_03
2010091S09093,2010,South Indian,ROBYN,2010-04-05 00:00:00,-15.7,91.4,65.0,1,ROBYN_2010_04
2010110S10118,2010,South Indian,SEAN,2010-04-23 18:00:00,-15.2,113.2,60.0,0,SEAN_2010_04
2010136N09057,2010,North Indian,BANDU,2010-05-21 06:00:00,12.6,51.7,55.0,0,BANDU_2010_05
2010137N10090,2010,North Indian,LAILA,2010-05-19 00:00:00,13.5,82.0,65.0,1,LAILA_2010_05
2010149N13266,2010,Eastern Pacific,AGATHA,2010-05-29 18:00:00,13.9,-92.5,40.0,0,AGATHA_2010_05
2010151N14065,2010,North Indian,PHET,2010-06-02 12:00:00,18.1,60.3,125.0,4,PHET_2010_06
2010166N15255,2010,Eastern Pacific,BLAS,2010-06-19 12:00:00,16.5,-109.6,55.0,0,BLAS_2010_06
2010167N15265,2010,Eastern Pacific,UNNAMED,2010-06-16 18:00:00,14.9,-95.9,30.0,-1,UNNAMED_2010_06
2010169N13266,2010,Eastern Pacific,CELIA,2010-06-25 00:00:00,12.9,-115.4,140.0,5,CELIA_2010_06
2010172N08272,2010,Eastern Pacific,DARBY,2010-06-25 18:00:00,13.6,-101.3,105.0,3,DARBY_2010_06
2010176N16278,2010,North Atlantic,ALEX,2010-07-01 02:00:00,24.2,-97.7,95.0,2,ALEX_2010_07
2010188N21269,2010,North Atlantic,UNNAMED,2010-07-07 18:00:00,22.8,-92.8,30.0,-3,UNNAMED_2010_07
2010191N12138,2010,Western Pacific,CONSON,2010-07-16 06:00:00,17.6,110.2,80.0,1,CONSON_2010_07
2010195N14257,2010,Eastern Pacific,UNNAMED,2010-07-14 12:00:00,14.5,-105.6,30.0,-1,UNNAMED_2010_07
2010198N15123,2010,Western Pacific,CHANTHU,2010-07-22 00:00:00,20.6,111.4,80.0,1,CHANTHU_2010_07
2010203N22286,2010,North Atlantic,BONNIE,2010-07-23 05:15:00,23.7,-77.5,40.0,0,BONNIE_2010_07
2010215N13319,2010,North Atlantic,COLIN,2010-08-05 21:00:00,25.0,-66.1,50.0,0,COLIN_2010_08
2010217N15265,2010,Eastern Pacific,ESTELLE,2010-08-08 00:00:00,17.3,-109.2,55.0,0,ESTELLE_2010_08
2010218N20127,2010,Western Pacific,DIANMU,2010-08-10 12:00:00,33.1,125.8,55.0,0,DIANMU_2010_08
2010222N26277,2010,North Atlantic,UNNAMED,2010-08-10 18:00:00,25.9,-83.7,30.0,-1,UNNAMED_2010_08
2010232N18253,2010,Eastern Pacific,UNNAMED,2010-08-20 06:00:00,18.2,-107.2,30.0,-1,UNNAMED_2010_08
2010233N17119,2010,Western Pacific,MINDULLE,2010-08-24 00:00:00,18.1,107.3,65.0,1,MINDULLE_2010_08
2010234N11329,2010,North Atlantic,DANIELLE,2010-08-27 18:00:00,27.1,-60.1,115.0,4,DANIELLE_2010_08
2010234N14267,2010,Eastern Pacific,FRANK,2010-08-26 18:00:00,17.9,-109.9,80.0,1,FRANK_2010_08
2010236N12341,2010,North Atlantic,EARL,2010-09-02 06:00:00,28.6,-74.3,125.0,4,EARL_2010_09
2010239N15118,2010,Western Pacific,LIONROCK,2010-08-31 00:00:00,20.4,117.6,60.0,0,LIONROCK_2010_08
2010240N15142,2010,Western Pacific,KOMPASU,2010-09-01 00:00:00,30.4,125.2,105.0,3,KOMPASU_2010_09
2010241N25125,2010,Western Pacific,NAMTHEUN,2010-08-30 18:00:00,25.7,121.4,40.0,0,NAMTHEUN_2010_08
2010242N14318,2010,North Atlantic,FIONA,2010-09-01 18:00:00,19.5,-62.5,55.0,0,FIONA_2010_09
2010243N12146,2010,Western Pacific,MALOU,2010-09-06 12:00:00,32.9,127.3,45.0,0,MALOU_2010_09
2010244N12328,2010,North Atlantic,GASTON,2010-09-01 12:00:00,12.7,-35.0,35.0,0,GASTON_2010_09
2010246N19251,2010,Eastern Pacific,UNNAMED,2010-09-03 00:00:00,19.3,-109.0,30.0,-1,UNNAMED_2010_09
2010247N15266,2010,North Atlantic,HERMINE,2010-09-07 02:00:00,25.3,-97.4,60.0,0,HERMINE_2010_09
2010249N24125,2010,Western Pacific,MERANTI,2010-09-09 12:00:00,23.1,119.0,65.0,1,MERANTI_2010_09
2010251N14337,2010,North Atlantic,IGOR,2010-09-15 00:00:00,18.9,-53.5,135.0,4,IGOR_2010_09
2010255N13340,2010,North Atlantic,JULIA,2010-09-15 12:00:00,17.7,-32.2,120.0,4,JULIA_2010_09
2010256N17137,2010,Western Pacific,FANAPI,2010-09-18 06:00:00,23.8,125.3,105.0,3,FANAPI_2010_09
2010257N16282,2010,North Atlantic,KARL,2010-09-17 12:00:00,19.6,-95.6,110.0,3,KARL_2010_09
2010263N15149,2010,Western Pacific,MALAKAS,2010-09-24 00:00:00,24.3,140.8,90.0,2,MALAKAS_2010_09
2010263N15328,2010,North Atlantic,LISA,2010-09-25 00:00:00,20.4,-27.8,75.0,1,LISA_2010_09
2010264N20252,2010,Eastern Pacific,GEORGETTE,2010-09-20 18:00:00,20.1,-108.6,35.0,0,GEORGETTE_2010_09
2010267N14285,2010,North Atlantic,MATTHEW,2010-09-24 18:00:00,14.6,-83.0,50.0,0,MATTHEW_2010_09
2010271N19276,2010,North Atlantic,NICOLE,2010-09-28 18:00:00,21.0,-82.7,40.0,0,NICOLE_2010_09
2010278N18110,2010,Western Pacific,UNNAMED,2010-10-05 00:00:00,18.5,109.2,30.0,-1,UNNAMED_2010_10
2010279N22293,2010,North Atlantic,OTTO,2010-10-09 00:00:00,27.2,-61.7,75.0,1,OTTO_2010_10
2010284N14278,2010,North Atlantic,PAULA,2010-10-12 18:00:00,18.8,-85.9,90.0,2,PAULA_2010_10
2010285N13145,2010,Western Pacific,MEGI,2010-10-17 12:00:00,18.1,125.1,160.0,5,MEGI_2010_10
2010293N13165,2010,Western Pacific,UNNAMED,2010-10-21 18:00:00,20.9,156.1,30.0,-1,UNNAMED_2010_10
2010293N16147,2010,Western Pacific,CHABA,2010-10-28 00:00:00,24.2,128.6,115.0,4,CHABA_2010_10
2010293N17093,2010,North Indian,GIRI,2010-10-22 12:00:00,19.8,93.4,135.0,4,GIRI_2010_10
2010293N17277,2010,North Atlantic,RICHARD,2010-10-25 00:00:00,17.2,-88.2,85.0,2,RICHARD_2010_10
2010298S09087,2011,South Indian,UNNAMED,2010-10-26 12:00:00,-10.9,86.4,35.0,0,UNNAMED_2010_10
2010302N09306,2010,North Atlantic,TOMAS,2010-10-30 20:00:00,13.4,-61.2,85.0,2,TOMAS_2010_10
2010302N26299,2010,North Atlantic,SHARY,2010-10-30 00:00:00,31.3,-64.0,65.0,1,SHARY_2010_10
2010302S08098,2011,South Indian,ANGGREK,2010-11-01 18:00:00,-11.6,98.3,55.0,0,ANGGREK_2010_11
2010305N06105,2010,North Indian,JAL,2010-11-05 18:00:00,10.1,86.5,55.0,0,JAL_2010_11
2010315N14112,2010,Western Pacific,UNNAMED,2010-11-14 00:00:00,14.8,108.8,30.0,-1,UNNAMED_2010_11
2010331S07089,2011,South Indian,ABELE,2010-12-02 18:00:00,-17.7,89.5,80.0,1,ABELE_2010_12
2010346N09115,2010,Western Pacific,UNNAMED,2010-12-12 12:00:00,9.7,112.2,25.0,-1,UNNAMED_2010_12
2010350N30175,2010,Western Pacific,OMEKA,2010-12-19 12:00:00,21.1,179.1,50.0,-2,OMEKA_2010_12
2010358S13152,2011,South Pacific,TASHA,2010-12-24 18:00:00,-17.0,146.3,40.0,0,TASHA_2010_12
2011009S15113,2011,South Indian,VINCE,2011-01-13 00:00:00,-15.9,108.1,45.0,0,VINCE_2011_01
2011010S17169,2011,South Pacific,VANIA,2011-01-13 00:00:00,-19.6,168.3,55.0,0,VANIA_2011_01
2011013S15151,2011,South Pacific,ZELIA,2011-01-16 06:00:00,-19.0,158.7,95.0,2,ZELIA_2011_01
2011020S13182,2011,South Pacific,WILMA,2011-01-26 06:00:00,-23.3,175.9,115.0,4,WILMA_2011_01
2011021S16129,2011,South Indian,BIANCA,2011-01-28 00:00:00,-22.8,110.2,95.0,2,BIANCA_2011_01
2011022S16146,2011,South Pacific,ANTHONY,2011-01-30 12:00:00,-20.0,148.2,55.0,0,ANTHONY_2011_01
2011028S13180,2011,South Pacific,YASI,2011-02-02 06:00:00,-17.1,148.1,135.0,4,YASI_2011_02
2011034S19199,2011,South Pacific,ZAKA,2011-02-06 12:00:00,-24.3,183.7,45.0,0,ZAKA_2011_02
2011038S11062,2011,South Indian,BINGIZA,2011-02-13 06:00:00,-15.7,52.6,100.0,3,BINGIZA_2011_02
2011041S17113,2011,South Indian,UNNAMED,2011-02-12 00:00:00,-20.9,100.3,35.0,0,UNNAMED_2011_02
2011045S14132,2011,South Indian,CARLOS,2011-02-23 12:00:00,-23.0,112.6,65.0,1,CARLOS_2011_02
2011045S17119,2011,South Indian,DIANNE,2011-02-19 00:00:00,-21.6,108.1,80.0,1,DIANNE_2011_02
2011048S14171,2011,South Pacific,ATU,2011-02-20 18:00:00,-17.5,169.7,115.0,4,ATU_2011_02
2011069S20321,2011,South Atlantic,UNNAMED,2011-03-16 12:00:00,-25.8,-32.0,45.0,-3,UNNAMED_2011_03
2011073S11089,2011,South Indian,CHERONO,2011-03-17 18:00:00,-15.7,74.5,45.0,0,CHERONO_2011_03
2011082S17184,2011,South Pacific,BUNE,2011-03-26 18:00:00,-23.8,179.2,75.0,1,BUNE_2011_03
2011088S10133,2011,South Indian,UNNAMED,2011-04-02 00:00:00,-13.5,127.7,35.0,0,UNNAMED_2011_04
2011091N09112,2011,Western Pacific,UNNAMED,2011-04-02 12:00:00,9.4,111.4,30.0,-1,UNNAMED_2011_04
2011093N10131,2011,Western Pacific,UNNAMED,2011-04-05 00:00:00,15.3,139.2,30.0,-1,UNNAMED_2011_04
2011103S12126,2011,South Indian,ERROL,2011-04-16 12:00:00,-11.1,124.8,55.0,0,ERROL_2011_04
2011126N11129,2011,Western Pacific,AERE,2011-05-08 00:00:00,14.0,124.2,50.0,0,AERE_2011_05
2011140N08142,2011,Western Pacific,SONGDA,2011-05-26 06:00:00,15.6,125.8,140.0,5,SONGDA_2011_05
2011158N11260,2011,Eastern Pacific,ADRIAN,2011-06-10 00:00:00,14.5,-105.3,120.0,4,ADRIAN_2011_06
2011159N13122,2011,Western Pacific,SARIKA,2011-06-09 18:00:00,17.4,117.9,30.0,-1,SARIKA_2011_06
2011160N18070,2011,North Indian,UNNAMED,2011-06-11 06:00:00,19.5,72.0,35.0,0,UNNAMED_2011_06
2011167N08129,2011,Western Pacific,HAIMA,2011-06-23 00:00:00,21.2,111.8,35.0,0,HAIMA_2011_06
2011170N12263,2011,Eastern Pacific,BEATRIZ,2011-06-21 06:00:00,18.5,-104.0,80.0,1,BEATRIZ_2011_06
2011172N11133,2011,Western Pacific,MEARI,2011-06-25 00:00:00,26.8,123.3,55.0,0,MEARI_2011_06
2011179N20267,2011,North Atlantic,ARLENE,2011-06-30 06:00:00,21.6,-97.0,55.0,0,ARLENE_2011_06
2011188N14261,2011,Eastern Pacific,CALVIN,2011-07-09 00:00:00,16.7,-109.1,70.0,1,CALVIN_2011_07
2011192N18158,2011,Western Pacific,MA-ON,2011-07-16 06:00:00,21.2,137.9,115.0,4,MA-ON_2011_07
2011195N15134,2011,Western Pacific,TOKAGE,2011-07-15 12:00:00,14.0,134.3,30.0,-1,TOKAGE_2011_07
2011197N31280,2011,North Atlantic,BRET,2011-07-18 18:00:00,27.8,-77.1,60.0,0,BRET_2011_07
2011199N10271,2011,Eastern Pacific,DORA,2011-07-21 12:00:00,16.9,-106.5,135.0,4,DORA_2011_07
2011201N33301,2011,North Atlantic,CINDY,2011-07-21 18:00:00,41.3,-46.1,60.0,0,CINDY_2011_07
2011205N12130,2011,Western Pacific,NOCK-TEN,2011-07-27 00:00:00,15.7,122.3,65.0,1,NOCK-TEN_2011_07
2011208N09145,2011,Western Pacific,MUIFA,2011-07-30 18:00:00,16.7,132.5,140.0,5,MUIFA_2011_07
2011208N22274,2011,North Atlantic,DON,2011-07-29 00:00:00,24.6,-91.9,45.0,0,DON_2011_07
2011212N10264,2011,Eastern Pacific,EUGENE,2011-08-03 21:00:00,15.9,-115.3,120.0,4,EUGENE_2011_08
2011214N15299,2011,North Atlantic,EMILY,2011-08-03 00:00:00,16.0,-66.2,45.0,0,EMILY_2011_08
2011215N24164,2011,Western Pacific,MERBOK,2011-08-06 12:00:00,29.4,153.8,75.0,1,MERBOK_2011_08
2011221N17139,2011,Western Pacific,UNNAMED,2011-08-10 06:00:00,24.6,136.6,30.0,-1,UNNAMED_2011_08
2011225N26302,2011,North Atlantic,GERT,2011-08-15 12:00:00,31.6,-63.2,55.0,0,GERT_2011_08
2011225N35294,2011,North Atlantic,FRANKLIN,2011-08-13 12:00:00,38.6,-59.0,40.0,0,FRANKLIN_2011_08
2011227N12234,2011,Eastern Pacific,FERNANDA,2011-08-18 06:00:00,12.9,-139.5,60.0,0,FERNANDA_2011_08
2011229N14261,2011,Eastern Pacific,GREG,2011-08-18 12:00:00,18.3,-110.8,75.0,1,GREG_2011_08
2011231N15278,2011,North Atlantic,HARVEY,2011-08-20 17:30:00,17.0,-88.3,55.0,0,HARVEY_2011_08
2011233N12129,2011,Western Pacific,NANMADOL,2011-08-26 06:00:00,17.2,123.6,140.0,5,NANMADOL_2011_08
2011233N15301,2011,North Atlantic,IRENE,2011-08-24 12:00:00,21.9,-73.3,105.0,3,IRENE_2011_08
2011236N15143,2011,Western Pacific,TALAS,2011-08-29 00:00:00,23.7,140.1,55.0,0,TALAS_2011_08
2011237N12331,2011,North Atlantic,UNNAMED,2011-08-25 00:00:00,12.3,-29.0,30.0,-1,UNNAMED_2011_08
2011239N27301,2011,North Atlantic,JOSE,2011-08-28 06:00:00,29.8,-65.5,40.0,0,JOSE_2011_08
2011240N10341,2011,North Atlantic,KATIA,2011-09-06 00:00:00,25.6,-64.0,120.0,4,KATIA_2011_09
2011243N17259,2011,Eastern Pacific,UNNAMED,2011-08-31 06:00:00,17.1,-101.9,30.0,-1,UNNAMED_2011_08
2011244N37296,2011,North Atlantic,UNNAMED,2011-09-01 12:00:00,37.4,-63.7,40.0,0,UNNAMED_2011_09
2011245N21150,2011,Western Pacific,NORU,2011-09-03 18:00:00,24.7,151.4,45.0,0,NORU_2011_09
2011245N27269,2011,North Atlantic,LEE,2011-09-03 12:00:00,29.0,-92.0,50.0,-2,LEE_2011_09
2011249N18133,2011,Western Pacific,KULAP,2011-09-07 12:00:00,22.7,135.7,40.0,0,KULAP_2011_09
2011250N12324,2011,North Atlantic,MARIA,2011-09-16 00:00:00,36.8,-64.8,70.0,1,MARIA_2011_09
2011250N20266,2011,North Atlantic,NATE,2011-09-08 18:00:00,19.7,-92.3,65.0,1,NATE_2011_09
2011253N20145,2011,Western Pacific,ROKE,2011-09-20 12:00:00,30.3,133.6,115.0,4,ROKE_2011_09
2011257N19154,2011,Western Pacific,SONCA,2011-09-18 12:00:00,31.7,142.5,90.0,2,SONCA_2011_09
2011263N12323,2011,North Atlantic,OPHELIA,2011-10-02 00:00:00,32.8,-62.5,120.0,4,OPHELIA_2011_10
2011264N13264,2011,Eastern Pacific,HILARY,2011-09-23 18:00:00,16.2,-102.7,125.0,4,HILARY_2011_09
2011266N08343,2011,North Atlantic,PHILIPPE,2011-10-06 18:00:00,28.2,-59.7,80.0,1,PHILIPPE_2011_10
2011266N13139,2011,Western Pacific,NESAT,2011-09-26 18:00:00,16.2,123.0,115.0,4,NESAT_2011_09
2011267N16111,2011,Western Pacific,HAITANG,2011-09-25 06:00:00,17.0,112.6,35.0,0,HAITANG_2011_09
2011270N18139,2011,Western Pacific,NALGAE,2011-10-01 00:00:00,16.8,122.7,130.0,4,NALGAE_2011_10
2011278N12248,2011,Eastern Pacific,IRWIN,2011-10-07 18:00:00,13.8,-120.5,85.0,2,IRWIN_2011_10
2011279N10257,2011,Eastern Pacific,JOVA,2011-10-10 18:00:00,16.5,-106.5,110.0,3,JOVA_2011_10
2011280N10268,2011,Eastern Pacific,UNNAMED,2011-10-11 18:00:00,13.1,-93.8,30.0,-3,UNNAMED_2011_10
2011282N08136,2011,Western Pacific,BANYAN,2011-10-10 12:00:00,7.5,130.0,30.0,-1,BANYAN_2011_10
2011290N15090,2011,North Indian,UNNAMED,2011-10-19 00:00:00,20.2,90.8,35.0,0,UNNAMED_2011_10
2011295N13279,2011,North Atlantic,RINA,2011-10-25 18:00:00,17.3,-84.2,100.0,3,RINA_2011_10
2011302N13062,2011,North Indian,KEILA,2011-11-03 06:00:00,17.1,54.6,55.0,0,KEILA_2011_11
2011310N11066,2011,North Indian,UNNAMED,2011-11-08 12:00:00,14.2,59.0,35.0,0,UNNAMED_2011_11
2011310N29290,2011,North Atlantic,SEAN,2011-11-09 12:00:00,27.9,-70.4,55.0,0,SEAN_2011_11
2011311N13111,2011,Western Pacific,UNNAMED,2011-11-07 18:00:00,16.0,109.0,25.0,-1,UNNAMED_2011_11
2011323N09264,2011,Eastern Pacific,KENNETH,2011-11-22 12:00:00,12.9,-113.4,125.0,4,KENNETH_2011_11
2011330N06078,2011,North Indian,UNNAMED,2011-11-28 06:00:00,14.6,68.9,35.0,0,UNNAMED_2011_11
2011336S06098,2012,South Indian,ALENGA,2011-12-08 06:00:00,-17.3,96.8,95.0,2,ALENGA_2011_12
2011337S13069,2012,South Indian,UNNAMED,2011-12-06 00:00:00,-16.9,69.5,35.0,0,UNNAMED_2011_12
2011338N06114,2011,Western Pacific,UNNAMED,2011-12-04 00:00:00,6.8,114.7,25.0,-1,UNNAMED_2011_12
2011344N12117,2011,Western Pacific,UNNAMED,2011-12-12 06:00:00,9.6,113.5,25.0,-1,UNNAMED_2011_12
2011346N03156,2011,Western Pacific,WASHI,2011-12-17 00:00:00,8.9,122.5,50.0,0,WASHI_2011_12
2011358S11132,2012,South Indian,GRANT,2011-12-25 12:00:00,-11.7,132.8,60.0,0,GRANT_2011_12
2011360N09088,2011,North Indian,THANE,2011-12-29 06:00:00,12.0,82.1,90.0,2,THANE_2011_12
2011361S09095,2012,South Indian,BENILDE,2011-12-31 06:00:00,-14.9,76.6,90.0,2,BENILDE_2011_12
2012006S15043,2012,South Indian,CHANDA,2012-01-08 06:00:00,-19.1,42.8,35.0,0,CHANDA_2012_01
2012009S12118,2012,South Indian,HEIDI,2012-01-11 15:00:00,-19.9,118.8,65.0,1,HEIDI_2012_01
2012017S10074,2012,South Indian,ETHEL,2012-01-20 12:00:00,-19.2,64.7,70.0,1,ETHEL_2012_01
2012018S16041,2012,South Indian,FUNSO,2012-01-24 00:00:00,-19.8,39.4,115.0,4,FUNSO_2012_01
2012024S15116,2012,South Indian,IGGY,2012-01-31 18:00:00,-24.9,107.8,70.0,1,IGGY_2012_01
2012032S15141,2012,South Pacific,JASMINE,2012-02-08 12:00:00,-21.1,170.0,115.0,4,JASMINE_2012_02
2012037S17176,2012,South Pacific,CYRIL,2012-02-07 00:00:00,-20.1,188.2,55.0,0,CYRIL_2012_02
2012039S14075,2012,South Indian,GIOVANNA,2012-02-13 12:00:00,-18.7,51.4,120.0,4,GIOVANNA_2012_02
2012042S12110,2012,South Indian,HILWA,2012-02-16 06:00:00,-15.0,82.0,40.0,0,HILWA_2012_02
2012046N08130,2012,Western Pacific,UNNAMED,2012-02-19 00:00:00,9.9,112.5,25.0,-1,UNNAMED_2012_02
2012056S13057,2012,South Indian,IRINA,2012-02-29 18:00:00,-16.6,43.7,60.0,0,IRINA_2012_02
2012060S12069,2012,South Indian,UNNAMED,2012-02-29 18:00:00,-13.9,66.9,35.0,0,UNNAMED_2012_02
2012066S10101,2012,South Indian,JONI:KOJI,2012-03-10 00:00:00,-19.1,82.3,75.0,1,JONI:KOJI_2012_03
2012070S17112,2012,South Indian,LUA,2012-03-17 00:00:00,-18.6,119.6,95.0,2,LUA_2012_03
2012086N10116,2012,Western Pacific,PAKHAR,2012-03-30 00:00:00,9.7,111.4,60.0,0,PAKHAR_2012_03
2012092S16166,2012,South Pacific,DAPHNE,2012-04-02 18:00:00,-25.6,179.5,55.0,0,DAPHNE_2012_04
2012127S05127,2012,South Indian,UNNAMED,2012-05-06 12:00:00,-5.8,127.0,30.0,-1,UNNAMED_2012_05
2012135N10255,2012,Eastern Pacific,ALETTA,2012-05-15 18:00:00,11.1,-109.9,45.0,0,ALETTA_2012_05
2012140N33283,2012,North Atlantic,ALBERTO,2012-05-20 00:00:00,32.1,-78.1,50.0,0,ALBERTO_2012_05
2012141N11148,2012,Western Pacific,SANVU,2012-05-25 12:00:00,23.6,139.9,80.0,1,SANVU_2012_05
2012142N09262,2012,Eastern Pacific,BUD,2012-05-25 00:00:00,16.8,-106.1,100.0,3,BUD_2012_05
2012147N30284,2012,North Atlantic,BERYL,2012-05-27 23:00:00,30.1,-80.5,60.0,0,BERYL_2012_05
2012152N12130,2012,Western Pacific,MAWAR,2012-06-04 00:00:00,21.6,126.2,105.0,3,MAWAR_2012_06
2012156S07066,2012,South Indian,KUENA,2012-06-06 12:00:00,-10.3,57.8,55.0,0,KUENA_2012_06
2012162N06150,2012,Western Pacific,GUCHOL,2012-06-16 18:00:00,16.2,128.4,130.0,4,GUCHOL_2012_06
2012166N09269,2012,Eastern Pacific,CARLOTTA,2012-06-15 21:00:00,14.9,-96.3,95.0,2,CARLOTTA_2012_06
2012168N19112,2012,Western Pacific,TALIM,2012-06-19 12:00:00,20.8,116.3,50.0,0,TALIM_2012_06
2012169N29291,2012,North Atlantic,CHRIS,2012-06-21 12:00:00,40.5,-43.9,75.0,1,CHRIS_2012_06
2012176N26272,2012,North Atlantic,DEBBY,2012-06-24 12:00:00,27.6,-86.8,55.0,0,DEBBY_2012_06
2012177N11135,2012,Western Pacific,DOKSURI,2012-06-29 06:00:00,20.9,116.2,40.0,0,DOKSURI_2012_06
2012179S09153,2012,South Pacific,UNNAMED,2012-06-29 12:00:00,-11.6,154.9,35.0,0,UNNAMED_2012_06
2012186N12255,2012,Eastern Pacific,DANIEL,2012-07-08 06:00:00,14.9,-121.7,100.0,3,DANIEL_2012_07
2012189N10262,2012,Eastern Pacific,EMILIA,2012-07-10 06:00:00,13.6,-112.9,120.0,4,EMILIA_2012_07
2012193N12259,2012,Eastern Pacific,FABIO,2012-07-15 06:00:00,16.5,-116.3,95.0,2,FABIO_2012_07
2012196N19144,2012,Western Pacific,KHANUN,2012-07-17 18:00:00,28.7,127.5,55.0,0,KHANUN_2012_07
2012201N15129,2012,Western Pacific,VICENTE,2012-07-23 15:00:00,21.4,113.8,115.0,4,VICENTE_2012_07
2012209N11131,2012,Western Pacific,SAOLA,2012-08-01 06:00:00,23.4,123.4,90.0,2,SAOLA_2012_08
2012209N25149,2012,Western Pacific,DAMREY,2012-08-02 00:00:00,32.8,124.4,80.0,1,DAMREY_2012_08
2012215N12313,2012,North Atlantic,ERNESTO,2012-08-08 03:15:00,18.8,-87.7,85.0,2,ERNESTO_2012_08
2012215N23146,2012,Western Pacific,HAIKUI,2012-08-06 12:00:00,27.3,124.9,65.0,1,HAIKUI_2012_08
2012216N12337,2012,North Atlantic,FLORENCE,2012-08-05 00:00:00,15.8,-32.5,50.0,0,FLORENCE_2012_08
2012216N24162,2012,Western Pacific,KIROGI,2012-08-09 12:00:00,37.6,152.9,45.0,0,KIROGI_2012_08
2012219N12254,2012,Eastern Pacific,GILMA,2012-08-09 06:00:00,16.3,-118.3,70.0,1,GILMA_2012_08
2012223N14317,2012,North Atlantic,HELENE,2012-08-17 18:00:00,20.3,-95.9,40.0,0,HELENE_2012_08
2012225N16133,2012,Western Pacific,KAI-TAK,2012-08-16 00:00:00,19.1,117.1,65.0,1,KAI-TAK_2012_08
2012225N18255,2012,Eastern Pacific,HECTOR,2012-08-12 06:00:00,18.3,-108.7,45.0,0,HECTOR_2012_08
2012229N28305,2012,North Atlantic,GORDON,2012-08-19 00:00:00,34.3,-35.0,95.0,2,GORDON_2012_08
2012230N21126,2012,Western Pacific,TEMBIN,2012-08-23 12:00:00,22.7,122.5,120.0,4,TEMBIN_2012_08
2012232N13141,2012,Western Pacific,BOLAVEN,2012-08-24 18:00:00,22.9,132.7,125.0,4,BOLAVEN_2012_08
2012234N16315,2012,North Atlantic,ISAAC,2012-08-28 18:00:00,28.6,-88.8,70.0,1,ISAAC_2012_08
2012235N11328,2012,North Atlantic,JOYCE,2012-08-23 12:00:00,14.8,-41.1,35.0,0,JOYCE_2012_08
2012239N11261,2012,Eastern Pacific,ILEANA,2012-08-30 18:00:00,20.5,-113.8,75.0,1,ILEANA_2012_08
2012242N13333,2012,North Atlantic,LESLIE,2012-09-05 12:00:00,25.6,-62.8,70.0,1,LESLIE_2012_09
2012242N24317,2012,North Atlantic,KIRK,2012-08-31 06:00:00,29.6,-50.7,90.0,2,KIRK_2012_08
2012246N29323,2012,North Atlantic,MICHAEL,2012-09-06 12:00:00,29.9,-41.4,100.0,3,MICHAEL_2012_09
2012247N18252,2012,Eastern Pacific,JOHN,2012-09-02 18:00:00,18.0,-108.9,40.0,0,JOHN_2012_09
2012254N09135,2012,Western Pacific,SANBA,2012-09-13 18:00:00,17.2,129.7,155.0,5,SANBA_2012_09
2012255N16322,2012,North Atlantic,NADINE,2012-09-30 12:00:00,36.8,-38.3,80.0,1,NADINE_2012_09
2012256N15257,2012,Eastern Pacific,KRISTY,2012-09-14 06:00:00,19.8,-111.5,50.0,0,KRISTY_2012_09
2012260N13237,2012,Eastern Pacific,LANE,2012-09-18 00:00:00,18.0,-127.4,75.0,1,LANE_2012_09
2012263N15141,2012,Western Pacific,JELAWAT,2012-09-24 18:00:00,15.2,127.9,140.0,5,JELAWAT_2012_09
2012266N14254,2012,Eastern Pacific,MIRIAM,2012-09-24 12:00:00,17.5,-112.5,105.0,3,MIRIAM_2012_09
2012267N16141,2012,Western Pacific,EWINIAR,2012-09-27 00:00:00,30.4,142.2,55.0,0,EWINIAR_2012_09
2012272N22251,2012,Eastern Pacific,NORMAN,2012-09-28 06:00:00,21.5,-108.7,45.0,0,NORMAN_2012_09
2012273N13112,2012,Western Pacific,GAEMI,2012-10-03 00:00:00,15.4,117.4,55.0,0,GAEMI_2012_10
2012274N13151,2012,Western Pacific,MALIKSI,2012-10-02 06:00:00,20.9,142.6,45.0,0,MALIKSI_2012_10
2012277N12322,2012,North Atlantic,OSCAR,2012-10-04 12:00:00,20.2,-42.0,45.0,0,OSCAR_2012_10
2012279N15145,2012,Western Pacific,PRAPIROON,2012-10-11 18:00:00,19.6,128.5,105.0,3,PRAPIROON_2012_10
2012281N14242,2012,Eastern Pacific,OLIVIA,2012-10-07 06:00:00,14.2,-120.7,50.0,0,OLIVIA_2012_10
2012285N26288,2012,North Atlantic,PATTY,2012-10-12 00:00:00,25.5,-72.4,40.0,0,PATTY_2012_10
2012285S04077,2013,South Indian,ANAIS,2012-10-14 18:00:00,-11.9,65.4,115.0,4,ANAIS_2012_10
2012287N15297,2012,North Atlantic,RAFAEL,2012-10-16 00:00:00,24.6,-65.6,80.0,1,RAFAEL_2012_10
2012287N16147,2012,Western Pacific,MARIA,2012-10-16 06:00:00,26.8,141.0,55.0,0,MARIA_2012_10
2012288N14248,2012,Eastern Pacific,PAUL,2012-10-15 18:00:00,17.9,-114.4,105.0,3,PAUL_2012_10
2012296N06135,2012,Western Pacific,SON-TINH,2012-10-27 12:00:00,17.5,108.9,105.0,3,SON-TINH_2012_10
2012296N14283,2012,North Atlantic,SANDY,2012-10-25 05:25:00,20.0,-76.0,100.0,3,SANDY_2012_10
2012296N20309,2012,North Atlantic,TONY,2012-10-24 12:00:00,27.9,-46.8,45.0,0,TONY_2012_10
2012297N11067,2012,North Indian,MURJAN,2012-10-24 12:00:00,10.5,55.9,35.0,0,MURJAN_2012_10
2012301N11087,2012,North Indian,NILAM,2012-10-30 18:00:00,10.4,82.5,50.0,0,NILAM_2012_10
2012304N14246,2012,Eastern Pacific,ROSA,2012-10-31 06:00:00,14.4,-117.1,45.0,0,ROSA_2012_10
2012317N07118,2012,Western Pacific,UNNAMED,2012-11-12 18:00:00,7.6,115.4,25.0,-1,UNNAMED_2012_11
2012321N14090,2012,North Indian,UNNAMED,2012-11-17 18:00:00,16.2,88.9,35.0,0,UNNAMED_2012_11
2012325S09084,2013,South Indian,BOLDWIN,2012-11-24 12:00:00,-13.9,75.3,55.0,0,BOLDWIN_2012_11
2012331N03157,2012,Western Pacific,BOPHA,2012-12-03 18:00:00,7.6,127.2,150.0,5,BOPHA_2012_12
2012337S06089,2013,South Indian,CLAUDIA,2012-12-08 18:00:00,-14.6,74.5,115.0,4,CLAUDIA_2012_12
2012346S14180,2013,South Pacific,EVAN,2012-12-17 00:00:00,-17.2,177.6,125.0,4,EVAN_2012_12
2012357N09064,2012,North Indian,UNNAMED,2012-12-23 00:00:00,8.7,60.2,35.0,0,UNNAMED_2012_12
2012359N08134,2012,Western Pacific,WUKONG,2012-12-25 18:00:00,10.8,124.8,35.0,0,WUKONG_2012_12
2012362S08071,2013,South Indian,DUMILE,2013-01-04 00:00:00,-24.2,54.0,75.0,1,DUMILE_2013_01
2012362S08165,2013,South Pacific,FREDA,2012-12-30 18:00:00,-15.9,161.0,110.0,3,FREDA_2012_12
2012362S13116,2013,South Indian,MITCHELL,2012-12-29 06:00:00,-18.0,110.6,45.0,0,MITCHELL_2012_12
2013001N04141,2013,Western Pacific,SONAMU,2013-01-05 00:00:00,8.0,112.1,40.0,0,SONAMU_2013_01
2013005S10126,2013,South Indian,NARELLE,2013-01-11 18:00:00,-18.3,112.3,120.0,4,NARELLE_2013_01
2013009S11084,2013,South Indian,EMANG,2013-01-13 00:00:00,-11.5,80.6,35.0,0,EMANG_2013_01
2013019S12174,2013,South Pacific,GARRY,2013-01-25 00:00:00,-15.6,198.2,85.0,2,GARRY_2013_01
2013020S16137,2013,South Pacific,OSWALD,2013-01-21 12:00:00,-15.5,141.4,45.0,0,OSWALD_2013_01
2013020S17124,2013,South Indian,PETA,2013-01-23 00:00:00,-20.3,117.7,35.0,0,PETA_2013_01
2013026S13067,2013,South Indian,FELLENG,2013-01-30 12:00:00,-16.1,52.7,115.0,4,FELLENG_2013_01
2013040S16199,2013,South Pacific,HALEY,2013-02-09 18:00:00,-20.8,-155.2,45.0,0,HALEY_2013_02
2013041S10087,2013,South Indian,GINO,2013-02-13 18:00:00,-21.0,79.9,90.0,2,GINO_2013_02
2013046S20042,2013,South Indian,HARUNA,2013-02-21 06:00:00,-22.3,41.5,105.0,3,HARUNA_2013_02
2013049N05131,2013,Western Pacific,SHANSHAN,2013-02-21 18:00:00,6.2,110.1,25.0,-1,SHANSHAN_2013_02
2013051S12102,2013,South Indian,UNNAMED,2013-02-24 18:00:00,-12.9,97.9,40.0,0,UNNAMED_2013_02
2013052S13126,2013,South Indian,RUSTY,2013-02-26 18:00:00,-19.3,119.2,100.0,3,RUSTY_2013_02
2013064S18149,2013,South Pacific,SANDRA,2013-03-10 18:00:00,-16.8,161.3,110.0,3,SANDRA_2013_03
2013072S12140,2013,South Pacific,TIM,2013-03-14 12:00:00,-15.3,151.2,50.0,0,TIM_2013_03
2013093S08074,2013,South Indian,IMELDA,2013-04-10 18:00:00,-12.4,58.0,85.0,2,IMELDA_2013_04
2013097S06099,2013,South Indian,VICTORIA,2013-04-10 06:00:00,-15.6,103.8,75.0,1,VICTORIA_2013_04
2013117S10155,2013,South Pacific,ZANE,2013-04-30 12:00:00,-14.1,148.9,65.0,1,ZANE_2013_04
2013128S05086,2013,South Indian,JAMALA,2013-05-09 18:00:00,-7.9,85.9,45.0,0,JAMALA_2013_05
2013130N04093,2013,North Indian,MAHASEN:VIYARU,2013-05-11 06:00:00,7.8,90.2,45.0,0,MAHASEN:VIYARU_2013_05
2013134N07265,2013,Eastern Pacific,ALVIN,2013-05-16 06:00:00,8.9,-106.4,50.0,0,ALVIN_2013_05
2013149N14264,2013,Eastern Pacific,BARBARA,2013-05-29 19:50:00,16.0,-94.0,70.0,1,BARBARA_2013_05
2013157N25273,2013,North Atlantic,ANDREA,2013-06-06 12:00:00,27.8,-84.9,55.0,0,ANDREA_2013_06
2013158N13129,2013,Western Pacific,YAGI,2013-06-10 18:00:00,26.0,135.8,55.0,0,YAGI_2013_06
2013167N12128,2013,Western Pacific,LEEPI,2013-06-18 12:00:00,19.0,126.3,35.0,0,LEEPI_2013_06
2013167N12279,2013,North Atlantic,BARRY,2013-06-19 18:00:00,19.6,-94.8,40.0,0,BARRY_2013_06
2013171N15117,2013,Western Pacific,BEBINCA,2013-06-21 12:00:00,19.1,114.4,35.0,0,BEBINCA_2013_06
2013175N12256,2013,Eastern Pacific,COSME,2013-06-26 00:00:00,17.8,-112.8,75.0,1,COSME_2013_06
2013178N09133,2013,Western Pacific,RUMBIA,2013-07-01 12:00:00,19.7,111.7,70.0,1,RUMBIA_2013_07
2013180N11256,2013,Eastern Pacific,DALILA,2013-07-02 18:00:00,18.4,-107.0,70.0,1,DALILA_2013_07
2013186N13262,2013,Eastern Pacific,ERICK,2013-07-06 12:00:00,17.4,-104.0,70.0,1,ERICK_2013_07
2013187N20156,2013,Western Pacific,SOULIK,2013-07-10 00:00:00,21.1,135.8,125.0,4,SOULIK_2013_07
2013189N09319,2013,North Atlantic,CHANTAL,2013-07-09 12:00:00,13.9,-60.3,55.0,0,CHANTAL_2013_07
2013196N14128,2013,Western Pacific,CIMARON,2013-07-17 06:00:00,19.5,121.0,40.0,0,CIMARON_2013_07
2013204N11340,2013,North Atlantic,DORIAN,2013-07-25 06:00:00,15.3,-33.9,50.0,0,DORIAN_2013_07
2013206N15238,2013,Eastern Pacific,FLOSSIE,2013-07-27 12:00:00,17.7,-138.4,60.0,0,FLOSSIE_2013_07
2013210N13122,2013,Western Pacific,JEBI,2013-08-02 06:00:00,18.8,111.8,60.0,0,JEBI_2013_08
2013211N11248,2013,Eastern Pacific,GIL,2013-08-01 18:00:00,14.3,-124.6,75.0,1,GIL_2013_08
2013214N13243,2013,Eastern Pacific,HENRIETTE,2013-08-08 18:00:00,17.2,-138.9,90.0,2,HENRIETTE_2013_08
2013217N11118,2013,Western Pacific,MANGKHUT,2013-08-07 06:00:00,18.8,107.2,45.0,0,MANGKHUT_2013_08
2013220N12137,2013,Western Pacific,UTOR,2013-08-11 12:00:00,15.5,123.5,130.0,4,UTOR_2013_08
2013221N11244,2013,Eastern Pacific,UNNAMED,2013-08-19 18:00:00,18.1,185.4,30.0,-1,UNNAMED_2013_08
2013224N12220,2013,Eastern Pacific,UNALA,2013-08-19 00:00:00,17.0,182.1,35.0,0,UNALA_2013_08
2013227N08193,2013,Western Pacific,PEWA,2013-08-19 00:00:00,13.3,178.4,65.0,1,PEWA_2013_08
2013227N14337,2013,North Atlantic,ERIN,2013-08-17 00:00:00,18.0,-33.8,40.0,0,ERIN_2013_08
2013228N23124,2013,Western Pacific,TRAMI,2013-08-21 06:00:00,25.6,122.9,75.0,1,TRAMI_2013_08
2013229N26132,2013,Western Pacific,UNNAMED,2013-08-17 12:00:00,27.7,128.0,30.0,-1,UNNAMED_2013_08
2013232N14252,2013,Eastern Pacific,IVO,2013-08-24 00:00:00,20.5,-111.8,40.0,0,IVO_2013_08
2013237N11129,2013,Western Pacific,KONG-REY,2013-08-28 06:00:00,21.8,122.7,50.0,0,KONG-REY_2013_08
2013238N19266,2013,North Atlantic,FERNAND,2013-08-26 00:00:00,19.2,-95.9,50.0,0,FERNAND_2013_08
2013241N19254,2013,Eastern Pacific,JULIETTE,2013-08-29 06:00:00,23.8,-111.0,55.0,0,JULIETTE_2013_08
2013242N15245,2013,Eastern Pacific,KIKO,2013-09-01 06:00:00,20.3,-115.6,65.0,1,KIKO_2013_09
2013243N26122,2013,Western Pacific,TORAJI,2013-09-03 00:00:00,28.8,127.6,50.0,0,TORAJI_2013_09
2013248N16294,2013,North Atlantic,GABRIELLE,2013-09-10 12:00:00,30.1,-64.8,55.0,0,GABRIELLE_2013_09
2013248N17255,2013,Eastern Pacific,LORENA,2013-09-06 12:00:00,21.8,-109.0,45.0,0,LORENA_2013_09
2013250N22263,2013,North Atlantic,UNNAMED,2013-09-06 12:00:00,22.4,-97.4,30.0,-1,UNNAMED_2013_09
2013251N13342,2013,North Atlantic,HUMBERTO,2013-09-11 18:00:00,17.4,-28.9,80.0,1,HUMBERTO_2013_09
2013255N19268,2013,North Atlantic,INGRID,2013-09-15 00:00:00,21.6,-94.7,75.0,1,INGRID_2013_09
2013255N20148,2013,Western Pacific,MAN-YI,2013-09-15 12:00:00,31.5,135.0,60.0,0,MAN-YI_2013_09
2013257N15259,2013,Eastern Pacific,MANUEL,2013-09-19 00:00:00,24.1,-108.2,65.0,1,MANUEL_2013_09
2013259N17132,2013,Western Pacific,USAGI,2013-09-19 12:00:00,18.2,127.2,135.0,4,USAGI_2013_09
2013260N15112,2013,Western Pacific,UNNAMED,2013-09-18 12:00:00,16.3,109.4,25.0,-1,UNNAMED_2013_09
2013262N14149,2013,Western Pacific,PABUK,2013-09-25 00:00:00,28.4,138.7,90.0,2,PABUK_2013_09
2013269N15118,2013,Western Pacific,WUTIP,2013-09-29 06:00:00,16.7,111.7,100.0,3,WUTIP_2013_09
2013271N21310,2013,North Atlantic,JERRY,2013-10-01 00:00:00,27.5,-43.9,45.0,0,JERRY_2013_10
2013272N10135,2013,Western Pacific,FITOW,2013-10-04 18:00:00,23.7,128.5,90.0,2,FITOW_2013_10
2013272N26152,2013,Western Pacific,SEPAT,2013-10-01 06:00:00,30.1,141.5,40.0,0,SEPAT_2013_10
2013274N18152,2013,Western Pacific,DANAS,2013-10-07 00:00:00,25.2,130.2,120.0,4,DANAS_2013_10
2013276N21273,2013,North Atlantic,KAREN,2013-10-03 12:00:00,22.1,-87.4,55.0,0,KAREN_2013_10
2013280N13242,2013,Eastern Pacific,NARDA,2013-10-07 18:00:00,14.4,-122.8,55.0,0,NARDA_2013_10
2013281N12098,2013,North Indian,PHAILIN,2013-10-11 12:00:00,16.8,87.7,140.0,5,PHAILIN_2013_10
2013282N14132,2013,Western Pacific,NARI,2013-10-11 12:00:00,15.5,122.4,100.0,3,NARI_2013_10
2013282N14149,2013,Western Pacific,WIPHA,2013-10-13 18:00:00,20.6,135.9,120.0,4,WIPHA_2013_10
2013286N15251,2013,Eastern Pacific,OCTAVE,2013-10-13 18:00:00,18.8,-112.8,55.0,0,OCTAVE_2013_10
2013287N13243,2013,Eastern Pacific,PRISCILLA,2013-10-14 12:00:00,14.7,-115.6,40.0,0,PRISCILLA_2013_10
2013289N14149,2013,Western Pacific,FRANCISCO,2013-10-19 12:00:00,17.1,139.1,140.0,5,FRANCISCO_2013_10
2013290N14153,2013,Western Pacific,UNNAMED,2013-10-19 06:00:00,20.1,151.3,30.0,-1,UNNAMED_2013_10
2013292N09162,2013,Western Pacific,LEKIMA,2013-10-22 18:00:00,18.0,153.9,140.0,5,LEKIMA_2013_10
2013293N13260,2013,Eastern Pacific,RAYMOND,2013-10-21 18:00:00,16.4,-102.1,110.0,3,RAYMOND_2013_10
2013294N28304,2013,North Atlantic,LORENZO,2013-10-22 12:00:00,29.4,-52.4,45.0,0,LORENZO_2013_10
2013296S07079,2014,South Indian,UNNAMED,2013-10-27 00:00:00,-12.4,65.5,40.0,0,UNNAMED_2013_10
2013301N13142,2013,Western Pacific,KROSA,2013-11-02 00:00:00,19.6,115.9,105.0,3,KROSA_2013_11
2013305N07141,2013,Western Pacific,UNNAMED,2013-11-05 06:00:00,10.8,116.9,35.0,0,UNNAMED_2013_11
2013305N16252,2013,Eastern Pacific,SONIA,2013-11-03 12:00:00,19.5,-110.0,40.0,0,SONIA_2013_11
2013306N07162,2013,Western Pacific,HAIYAN,2013-11-07 12:00:00,10.2,129.1,170.0,5,HAIYAN_2013_11
2013310N06066,2013,North Indian,UNNAMED,2013-11-09 00:00:00,8.0,53.1,45.0,0,UNNAMED_2013_11
2013316N06130,2013,Western Pacific,PODUL,2013-11-14 12:00:00,11.9,111.7,30.0,-1,PODUL_2013_11
2013321N24308,2013,North Atlantic,MELISSA,2013-11-19 06:00:00,30.8,-54.7,55.0,-2,MELISSA_2013_11
2013322N13090,2013,North Indian,HELEN,2013-11-21 06:00:00,15.9,83.3,70.0,1,HELEN_2013_11
2013324N07103,2013,North Indian,LEHAR,2013-11-25 18:00:00,12.4,91.1,75.0,1,LEHAR_2013_11
2013324S11113,2014,South Indian,ALESSIA,2013-11-22 12:00:00,-14.6,121.7,45.0,0,ALESSIA_2013_11
2013337N15139,2013,Western Pacific,UNNAMED,2013-12-03 12:00:00,15.7,138.8,30.0,-1,UNNAMED_2013_12
2013338N34332,2013,North Atlantic,UNNAMED,2013-12-04 00:00:00,33.9,-27.8,55.0,-4,UNNAMED_2013_12
2013339N09084,2013,North Indian,MADI,2013-12-10 06:00:00,15.4,85.3,85.0,2,MADI_2013_12
2013348S10082,2014,South Indian,AMARA,2013-12-21 06:00:00,-20.1,64.3,130.0,4,AMARA_2013_12
2013350S08099,2014,South Indian,BRUCE,2013-12-21 00:00:00,-14.4,85.0,140.0,5,BRUCE_2013_12
2013360S12124,2014,South Indian,CHRISTINE,2013-12-30 12:00:00,-20.4,117.7,100.0,3,CHRISTINE_2013_12
2013362S09053,2014,South Indian,BEJISA,2014-01-01 18:00:00,-19.0,53.7,115.0,4,BEJISA_2014_01
2014003N08086,2014,North Indian,UNNAMED,2014-01-04 18:00:00,9.2,82.5,40.0,0,UNNAMED_2014_01
2014004S17183,2014,South Pacific,IAN,2014-01-11 06:00:00,-20.4,-173.9,130.0,4,IAN_2014_01
2014007S11104,2014,South Indian,COLIN,2014-01-12 00:00:00,-17.7,78.6,120.0,4,COLIN_2014_01
2014015N10129,2014,Western Pacific,LINGLING,2014-01-18 06:00:00,9.2,127.8,30.0,-1,LINGLING_2014_01
2014015S16043,2014,South Indian,DELIWE,2014-01-17 00:00:00,-22.3,42.8,50.0,0,DELIWE_2014_01
2014017S14160,2014,South Pacific,JUNE,2014-01-17 18:00:00,-19.2,163.1,45.0,0,JUNE_2014_01
2014027S14155,2014,South Pacific,DYLAN,2014-01-30 06:00:00,-18.1,148.4,45.0,0,DYLAN_2014_01
2014029N10143,2014,Western Pacific,KAJIKI,2014-01-31 06:00:00,10.0,128.2,35.0,0,KAJIKI_2014_01
2014031S17149,2014,South Pacific,EDNA,2014-02-05 06:00:00,-22.0,164.4,55.0,0,EDNA_2014_02
2014034S14058,2014,South Indian,EDILSON,2014-02-06 12:00:00,-22.6,57.7,55.0,0,EDILSON_2014_02
2014036S12073,2014,South Indian,FOBANE,2014-02-09 18:00:00,-18.7,75.6,60.0,0,FOBANE_2014_02
2014048S16039,2014,South Indian,GUITO,2014-02-20 00:00:00,-23.4,39.1,65.0,1,GUITO_2014_02
2014056S18175,2014,South Pacific,KOFI,2014-03-02 06:00:00,-23.7,185.9,50.0,0,KOFI_2014_03
2014058N09149,2014,Western Pacific,FAXAI,2014-03-04 18:00:00,18.8,151.7,80.0,1,FAXAI_2014_03
2014066S09138,2014,South Indian,GILLIAN,2014-03-23 18:00:00,-15.4,103.6,140.0,5,GILLIAN_2014_03
2014066S15152,2014,South Pacific,HADI,2014-03-10 12:00:00,-18.9,151.6,40.0,0,HADI_2014_03
2014068S16169,2014,South Pacific,LUSI,2014-03-13 00:00:00,-21.7,174.1,70.0,1,LUSI_2014_03
2014077S11196,2014,South Pacific,MIKE,2014-03-19 18:00:00,-24.7,-158.5,35.0,0,MIKE_2014_03
2014080N08128,2014,Western Pacific,UNNAMED,2014-03-22 00:00:00,9.3,126.9,25.0,-1,UNNAMED_2014_03
2014086S10041,2014,South Indian,HELLEN,2014-03-30 12:00:00,-14.7,44.7,130.0,4,HELLEN_2014_03
2014092S11159,2014,South Pacific,ITA,2014-04-10 12:00:00,-12.8,146.5,140.0,5,ITA_2014_04
2014093N02148,2014,Western Pacific,PEIPAH,2014-04-04 00:00:00,2.6,144.6,35.0,0,PEIPAH_2014_04
2014093S11085,2014,South Indian,IVANOE,2014-04-05 00:00:00,-18.3,81.3,45.0,0,IVANOE_2014_04
2014106S10099,2014,South Indian,JACK,2014-04-20 00:00:00,-14.6,90.7,90.0,2,JACK_2014_04
2014117N10145,2014,Western Pacific,TAPAH,2014-04-29 06:00:00,16.5,147.4,70.0,1,TAPAH_2014_04
2014142N10254,2014,Eastern Pacific,AMANDA,2014-05-25 12:00:00,11.7,-111.1,135.0,4,AMANDA_2014_05
2014153N12267,2014,Eastern Pacific,BORIS,2014-06-03 18:00:00,14.9,-94.1,40.0,0,BORIS_2014_06
2014159N12068,2014,North Indian,NANAUK,2014-06-11 00:00:00,16.6,67.2,55.0,0,NANAUK_2014_06
2014160N15259,2014,Eastern Pacific,CRISTINA,2014-06-12 12:00:00,16.4,-106.8,130.0,4,CRISTINA_2014_06
2014164N19116,2014,Western Pacific,HAGIBIS,2014-06-15 00:00:00,22.1,116.8,50.0,0,HAGIBIS_2014_06
2014180N14255,2014,Eastern Pacific,DOUGLAS,2014-07-01 18:00:00,19.1,-115.7,45.0,0,DOUGLAS_2014_07
2014180N32282,2014,North Atlantic,ARTHUR,2014-07-04 00:00:00,34.0,-77.3,85.0,2,ARTHUR_2014_07
2014181N17257,2014,Eastern Pacific,ELIDA,2014-06-30 06:00:00,17.0,-103.0,45.0,0,ELIDA_2014_06
2014184N08147,2014,Western Pacific,NEOGURI,2014-07-07 00:00:00,20.4,128.3,140.0,5,NEOGURI_2014_07
2014187N11247,2014,Eastern Pacific,FAUSTO,2014-07-07 18:00:00,9.4,-119.2,40.0,0,FAUSTO_2014_07
2014190N08154,2014,Western Pacific,RAMMASUN,2014-07-18 06:00:00,19.9,111.3,140.0,5,RAMMASUN_2014_07
2014195N11232,2014,Eastern Pacific,WALI,2014-07-18 00:00:00,13.2,-140.8,40.0,0,WALI_2014_07
2014197N10137,2014,Western Pacific,MATMO,2014-07-22 06:00:00,21.9,122.7,85.0,2,MATMO_2014_07
2014201N09331,2014,North Atlantic,UNNAMED,2014-07-21 12:00:00,11.4,-41.6,30.0,-1,UNNAMED_2014_07
2014204N10239,2014,Western Pacific,GENEVIEVE,2014-08-07 12:00:00,15.1,178.7,140.0,5,GENEVIEVE_2014_08
2014207N12255,2014,Eastern Pacific,HERNAN,2014-07-27 18:00:00,18.3,-111.7,65.0,1,HERNAN_2014_07
2014209N12152,2014,Western Pacific,HALONG,2014-08-02 12:00:00,15.0,135.1,140.0,5,HALONG_2014_08
2014209N16134,2014,Western Pacific,NAKRI,2014-07-31 12:00:00,26.1,127.0,40.0,0,NAKRI_2014_07
2014210N10323,2014,North Atlantic,BERTHA,2014-08-04 12:00:00,26.8,-73.6,70.0,1,BERTHA_2014_08
2014212N11242,2014,Eastern Pacific,ISELLE,2014-08-04 18:00:00,16.1,-136.9,120.0,4,ISELLE_2014_08
2014214N13249,2014,Eastern Pacific,JULIO,2014-08-08 06:00:00,17.6,-139.8,105.0,3,JULIO_2014_08
2014225N15255,2014,Eastern Pacific,KARINA,2014-08-23 06:00:00,16.5,-134.7,75.0,1,KARINA_2014_08
2014229N16246,2014,Eastern Pacific,LOWELL,2014-08-21 12:00:00,19.8,-121.8,65.0,1,LOWELL_2014_08
2014234N12261,2014,Eastern Pacific,MARIE,2014-08-24 18:00:00,15.9,-111.9,140.0,5,MARIE_2014_08
2014236N22288,2014,North Atlantic,CRISTOBAL,2014-08-28 18:00:00,37.5,-63.6,75.0,1,CRISTOBAL_2014_08
2014245N19268,2014,North Atlantic,DOLLY,2014-09-02 12:00:00,22.8,-95.6,45.0,0,DOLLY_2014_09
2014246N17254,2014,Eastern Pacific,NORBERT,2014-09-06 06:00:00,24.4,-113.1,110.0,3,NORBERT_2014_09
2014248N19129,2014,Western Pacific,FENGSHEN,2014-09-08 18:00:00,31.6,140.5,65.0,1,FENGSHEN_2014_09
2014249N14118,2014,Western Pacific,UNNAMED,2014-09-07 12:00:00,19.4,112.0,30.0,-1,UNNAMED_2014_09
2014253N13244,2014,Eastern Pacific,UNNAMED,2014-09-10 18:00:00,13.3,-118.1,30.0,-3,UNNAMED_2014_09
2014253N13260,2014,Eastern Pacific,ODILE,2014-09-14 06:00:00,18.5,-107.0,120.0,4,ODILE_2014_09
2014254N10142,2014,Western Pacific,KALMAEGI,2014-09-16 06:00:00,20.5,109.8,80.0,1,KALMAEGI_2014_09
2014254N14327,2014,North Atlantic,EDOUARD,2014-09-16 12:00:00,30.6,-57.8,105.0,3,EDOUARD_2014_09
2014259N11262,2014,Eastern Pacific,POLO,2014-09-18 00:00:00,16.0,-104.0,65.0,1,POLO_2014_09
2014260N13135,2014,Western Pacific,FUNG-WONG,2014-09-21 00:00:00,21.8,120.3,50.0,0,FUNG-WONG_2014_09
2014267N15257,2014,Eastern Pacific,RACHEL,2014-09-28 00:00:00,20.3,-116.7,75.0,1,RACHEL_2014_09
2014267N18150,2014,Western Pacific,KAMMURI,2014-09-26 12:00:00,23.3,145.3,55.0,0,KAMMURI_2014_09
2014271N10160,2014,Western Pacific,PHANFONE,2014-10-04 00:00:00,25.5,132.8,135.0,4,PHANFONE_2014_10
2014274N15260,2014,Eastern Pacific,SIMON,2014-10-05 00:00:00,21.0,-115.6,115.0,4,SIMON_2014_10
2014275N06166,2014,Western Pacific,VONGFONG,2014-10-07 18:00:00,17.7,133.2,155.0,5,VONGFONG_2014_10
2014279N11096,2014,North Indian,HUDHUD,2014-10-11 12:00:00,16.2,84.9,115.0,4,HUDHUD_2014_10
2014283N22299,2014,North Atlantic,FAY,2014-10-12 08:10:00,32.3,-64.7,70.0,1,FAY_2014_10
2014284N10231,2014,Eastern Pacific,ANA,2014-10-18 06:00:00,17.5,-157.0,75.0,1,ANA_2014_10
2014285N16305,2014,North Atlantic,GONZALO,2014-10-16 12:00:00,25.6,-68.7,125.0,4,GONZALO_2014_10
2014290N14261,2014,Eastern Pacific,TRUDY,2014-10-18 09:00:00,16.5,-98.8,55.0,0,TRUDY_2014_10
2014294N20265,2014,North Atlantic,HANNA,2014-10-27 06:00:00,15.0,-82.4,35.0,0,HANNA_2014_10
2014297N11062,2014,North Indian,NILOFAR,2014-10-28 12:00:00,16.8,61.8,115.0,4,NILOFAR_2014_10
2014303N11261,2014,Eastern Pacific,VANCE,2014-11-03 18:00:00,15.9,-110.9,95.0,2,VANCE_2014_11
2014303N13141,2014,Western Pacific,NURI,2014-11-02 18:00:00,17.8,132.4,155.0,5,NURI_2014_11
2014309N13088,2014,North Indian,UNNAMED,2014-11-06 00:00:00,13.8,87.3,35.0,0,UNNAMED_2014_11
2014319S06066,2015,South Indian,ADJALI,2014-11-18 00:00:00,-10.3,69.3,70.0,1,ADJALI_2014_11
2014327S08077,2015,South Indian,UNNAMED,2014-11-28 06:00:00,-15.6,62.0,35.0,0,UNNAMED_2014_11
2014329N08131,2014,Western Pacific,SINLAKU,2014-11-29 00:00:00,12.8,111.8,55.0,0,SINLAKU_2014_11
2014334N02156,2014,Western Pacific,HAGUPIT,2014-12-04 00:00:00,9.8,133.8,155.0,5,HAGUPIT_2014_12
2014344S09102,2015,South Indian,BAKUNG,2014-12-11 06:00:00,-9.0,95.6,40.0,0,BAKUNG_2014_12
2014356S08101,2015,South Indian,KATE,2014-12-26 18:00:00,-12.5,94.0,105.0,3,KATE_2014_12
2014362N07130,2014,Western Pacific,JANGMI,2014-12-29 12:00:00,9.7,124.6,45.0,0,JANGMI_2014_12
2015009S19054,2015,South Indian,BANSI,2015-01-13 00:00:00,-17.5,57.3,140.0,5,BANSI_2015_01
2015012N09146,2015,Western Pacific,MEKKHALA,2015-01-17 00:00:00,11.4,126.7,70.0,1,MEKKHALA_2015_01
2015013S18038,2015,South Indian,CHEDZA,2015-01-16 12:00:00,-19.9,44.1,50.0,0,CHEDZA_2015_01
2015020S12208,2015,South Pacific,NIKO,2015-01-22 18:00:00,-20.6,-146.2,55.0,0,NIKO_2015_01
2015024S11090,2015,South Indian,DIAMONDRA,2015-01-28 12:00:00,-19.3,79.4,45.0,0,DIAMONDRA_2015_01
2015024S15078,2015,South Indian,EUNICE,2015-01-30 00:00:00,-17.8,67.7,140.0,5,EUNICE_2015_01
2015030S16161,2015,South Pacific,OLA,2015-02-01 12:00:00,-21.0,162.3,85.0,2,OLA_2015_02
2015036S20038,2015,South Indian,FUNDI,2015-02-08 06:00:00,-28.4,44.0,55.0,0,FUNDI_2015_02
2015038N08158,2015,Western Pacific,HIGOS,2015-02-10 06:00:00,14.2,154.2,130.0,4,HIGOS_2015_02
2015047S12142,2015,South Pacific,LAM,2015-02-19 12:00:00,-12.0,135.4,100.0,3,LAM_2015_02
2015047S15152,2015,South Pacific,MARCIA,2015-02-19 18:00:00,-21.7,150.5,125.0,4,MARCIA_2015_02
2015050S11094,2015,South Indian,GLENDA,2015-02-25 00:00:00,-17.3,69.7,55.0,0,GLENDA_2015_02
2015063S14042,2015,South Indian,UNNAMED,2015-03-05 12:00:00,-16.0,42.1,35.0,0,UNNAMED_2015_03
2015064S14052,2015,South Indian,HALIBA,2015-03-08 18:00:00,-20.3,52.5,40.0,0,HALIBA_2015_03
2015066S08170,2015,South Pacific,PAM,2015-03-13 06:00:00,-16.6,168.8,150.0,5,PAM_2015_03
2015068S12151,2015,South Pacific,NATHAN,2015-03-19 18:00:00,-14.7,145.1,100.0,3,NATHAN_2015_03
2015068S14113,2015,South Indian,OLWYN,2015-03-13 00:00:00,-23.6,113.6,90.0,2,OLWYN_2015_03
2015069N04173,2015,Western Pacific,BAVI,2015-03-13 18:00:00,10.9,157.2,50.0,0,BAVI_2015_03
2015079S15182,2015,South Pacific,REUBEN,2015-03-22 06:00:00,-24.7,-174.4,45.0,0,REUBEN_2015_03
2015085N06162,2015,Western Pacific,MAYSAK,2015-03-31 12:00:00,10.2,139.9,150.0,5,MAYSAK_2015_03
2015092N06161,2015,Western Pacific,HAISHEN,2015-04-04 06:00:00,8.8,152.5,45.0,0,HAISHEN_2015_04
2015092S18074,2015,South Indian,JOALANE,2015-04-07 18:00:00,-14.6,63.2,90.0,2,JOALANE_2015_04
2015094S10087,2015,South Indian,IKOLA,2015-04-07 00:00:00,-16.9,92.1,115.0,4,IKOLA_2015_04
2015099S13163,2015,South Pacific,SOLO,2015-04-10 18:00:00,-16.7,160.8,55.0,0,SOLO_2015_04
2015117S12115,2015,South Indian,QUANG,2015-04-30 06:00:00,-17.8,109.9,120.0,4,QUANG_2015_04
2015122N07144,2015,Western Pacific,NOUL,2015-05-10 00:00:00,17.0,123.3,140.0,5,NOUL_2015_05
2015126N27281,2015,North Atlantic,ANA,2015-05-09 00:00:00,31.9,-77.3,50.0,-2,ANA_2015_05
2015127N04158,2015,Western Pacific,DOLPHIN,2015-05-16 12:00:00,16.5,140.6,140.0,5,DOLPHIN_2015_05
2015148N11250,2015,Eastern Pacific,ANDRES,2015-06-01 06:00:00,15.4,-119.5,125.0,4,ANDRES_2015_06
2015152N12258,2015,Eastern Pacific,BLANCA,2015-06-03 18:00:00,12.3,-104.6,125.0,4,BLANCA_2015_06
2015157N13069,2015,North Indian,ASHOBAA,2015-06-09 18:00:00,21.1,62.6,55.0,0,ASHOBAA_2015_06
2015162N12262,2015,Eastern Pacific,CARLOS,2015-06-16 18:00:00,17.7,-104.3,80.0,1,CARLOS_2015_06
2015167N27266,2015,North Atlantic,BILL,2015-06-16 12:00:00,28.0,-96.0,50.0,0,BILL_2015_06
2015171N15112,2015,Western Pacific,KUJIRA,2015-06-22 06:00:00,18.5,110.9,50.0,0,KUJIRA_2015_06
2015180N09160,2015,Western Pacific,CHAN-HOM,2015-07-10 00:00:00,25.7,125.5,120.0,4,CHAN-HOM_2015_07
2015180S04163,2015,South Pacific,RAQUEL,2015-07-01 00:00:00,-6.4,159.6,45.0,0,RAQUEL_2015_07
2015183N13130,2015,Western Pacific,LINFA,2015-07-08 18:00:00,22.5,117.7,75.0,1,LINFA_2015_07
2015184N08172,2015,Western Pacific,NANGKA,2015-07-09 12:00:00,18.0,144.5,135.0,4,NANGKA_2015_07
2015188N08194,2015,Western Pacific,HALOLA,2015-07-14 06:00:00,15.8,174.3,85.0,2,HALOLA_2015_07
2015189N13223,2015,Eastern Pacific,ELA,2015-07-08 18:00:00,17.2,-143.4,40.0,0,ELA_2015_07
2015190N12210,2015,Eastern Pacific,IUNE,2015-07-11 18:00:00,14.4,-157.6,35.0,0,IUNE_2015_07
2015192N11263,2015,Eastern Pacific,DOLORES,2015-07-15 06:00:00,18.1,-109.4,115.0,4,DOLORES_2015_07
2015193N35285,2015,North Atlantic,CLAUDETTE,2015-07-13 18:00:00,37.6,-67.5,45.0,0,CLAUDETTE_2015_07
2015194N13235,2015,Eastern Pacific,ENRIQUE,2015-07-14 18:00:00,17.9,-130.1,45.0,0,ENRIQUE_2015_07
2015203N16126,2015,Western Pacific,UNNAMED,2015-07-23 18:00:00,18.0,123.3,35.0,0,UNNAMED_2015_07
2015204N16247,2015,Eastern Pacific,FELICIA,2015-07-23 12:00:00,18.6,-114.5,35.0,0,FELICIA_2015_07
2015207N22091,2015,North Indian,KOMEN,2015-07-30 00:00:00,21.7,91.5,45.0,-3,KOMEN_2015_07
2015209N07248,2015,Eastern Pacific,GUILLERMO,2015-07-31 18:00:00,12.5,-133.9,95.0,2,GUILLERMO_2015_07
2015209N15236,2015,Eastern Pacific,UNNAMED,2015-07-27 12:00:00,15.1,-123.9,30.0,-3,UNNAMED_2015_07
2015211N13162,2015,Western Pacific,SOUDELOR,2015-08-03 18:00:00,17.8,140.7,155.0,5,SOUDELOR_2015_08
2015213N29146,2015,Western Pacific,UNNAMED,2015-08-02 12:00:00,30.1,143.8,30.0,-1,UNNAMED_2015_08
2015213S08169,2016,South Pacific,UNNAMED,2015-08-02 12:00:00,-11.0,172.4,40.0,0,UNNAMED_2015_08
2015218N12231,2015,Eastern Pacific,HILDA,2015-08-08 18:00:00,13.6,-142.8,125.0,4,HILDA_2015_08
2015218N18149,2015,Western Pacific,MOLAVE,2015-08-11 06:00:00,32.1,143.6,45.0,0,MOLAVE_2015_08
2015226N12151,2015,Western Pacific,GONI,2015-08-17 00:00:00,16.5,141.7,120.0,4,GONI_2015_08
2015226N15164,2015,Western Pacific,ATSANI,2015-08-19 12:00:00,19.7,151.3,140.0,5,ATSANI_2015_08
2015228N17247,2015,Eastern Pacific,UNNAMED,2015-08-16 00:00:00,16.5,-112.9,30.0,-1,UNNAMED_2015_08
2015229N08212,2015,Eastern Pacific,KILO,2015-08-30 06:00:00,18.3,183.5,120.0,4,KILO_2015_08
2015229N10331,2015,North Atlantic,DANNY,2015-08-21 12:00:00,13.8,-47.8,110.0,3,DANNY_2015_08
2015231N13183,2015,Eastern Pacific,LOKE,2015-08-24 18:00:00,25.3,-176.7,65.0,1,LOKE_2015_08
2015236N12231,2015,Eastern Pacific,IGNACIO,2015-08-30 06:00:00,17.1,-147.7,125.0,4,IGNACIO_2015_08
2015237N14315,2015,North Atlantic,ERIKA,2015-08-27 06:00:00,16.5,-60.8,45.0,0,ERIKA_2015_08
2015238N10255,2015,Eastern Pacific,JIMENA,2015-08-29 06:00:00,12.2,-124.4,135.0,4,JIMENA_2015_08
2015242N12343,2015,North Atlantic,FRED,2015-08-31 12:00:00,16.1,-23.3,75.0,1,FRED_2015_08
2015244N12248,2015,Eastern Pacific,KEVIN,2015-09-03 18:00:00,18.5,-115.8,50.0,0,KEVIN_2015_09
2015248N10256,2015,Eastern Pacific,LINDA,2015-09-08 12:00:00,20.6,-113.6,110.0,3,LINDA_2015_09
2015248N12337,2015,North Atlantic,GRACE,2015-09-06 12:00:00,12.7,-29.2,50.0,0,GRACE_2015_09
2015249N18142,2015,Western Pacific,ETAU,2015-09-08 06:00:00,29.2,138.2,60.0,0,ETAU_2015_09
2015251N31298,2015,North Atlantic,HENRI,2015-09-09 18:00:00,30.9,-60.8,45.0,0,HENRI_2015_09
2015256N16113,2015,Western Pacific,VAMCO,2015-09-14 00:00:00,15.0,110.3,35.0,0,VAMCO_2015_09
2015257N14152,2015,Western Pacific,KROVANH,2015-09-17 12:00:00,22.2,143.5,100.0,3,KROVANH_2015_09
2015258N12320,2015,North Atlantic,UNNAMED,2015-09-17 06:00:00,15.6,-45.0,30.0,-1,UNNAMED_2015_09
2015259N09336,2015,North Atlantic,IDA,2015-09-21 06:00:00,19.7,-47.3,45.0,0,IDA_2015_09
2015260N12187,2015,Eastern Pacific,MALIA,2015-09-21 12:00:00,25.2,-171.4,45.0,0,MALIA_2015_09
2015263N14148,2015,Western Pacific,DUJUAN,2015-09-27 18:00:00,23.0,124.9,130.0,4,DUJUAN_2015_09
2015264N24246,2015,Eastern Pacific,UNNAMED,2015-09-20 18:00:00,24.3,-113.7,30.0,-1,UNNAMED_2015_09
2015266N11214,2015,Eastern Pacific,NIALA,2015-09-26 18:00:00,17.1,-151.9,55.0,0,NIALA_2015_09
2015270N13257,2015,Eastern Pacific,MARTY,2015-09-28 18:00:00,16.6,-102.4,70.0,1,MARTY_2015_09
2015270N27291,2015,North Atlantic,JOAQUIN,2015-10-03 12:00:00,25.4,-72.6,135.0,4,JOAQUIN_2015_10
2015273N12130,2015,Western Pacific,MUJIGAE,2015-10-04 03:00:00,20.9,111.0,115.0,4,MUJIGAE_2015_10
2015274N13201,2015,Eastern Pacific,OHO,2015-10-07 12:00:00,21.9,-146.6,95.0,2,OHO_2015_10
2015274N17167,2015,Western Pacific,CHOI-WAN,2015-10-06 12:00:00,25.2,150.7,70.0,1,CHOI-WAN_2015_10
2015275N13187,2015,Eastern Pacific,UNNAMED,2015-10-02 00:00:00,12.9,-172.7,30.0,-3,UNNAMED_2015_10
2015280N13071,2015,North Indian,UNNAMED,2015-10-09 06:00:00,14.0,70.4,35.0,0,UNNAMED_2015_10
2015282N11230,2015,Eastern Pacific,NORA,2015-10-11 18:00:00,12.2,-142.7,60.0,0,NORA_2015_10
2015285N14151,2015,Western Pacific,KOPPU,2015-10-17 12:00:00,15.9,123.1,130.0,4,KOPPU_2015_10
2015286N12163,2015,Western Pacific,CHAMPI,2015-10-18 12:00:00,19.8,140.2,125.0,4,CHAMPI_2015_10
2015286S10175,2016,South Pacific,UNNAMED,2015-10-16 18:00:00,-14.2,175.1,35.0,0,UNNAMED_2015_10
2015288N10243,2015,Eastern Pacific,OLAF,2015-10-20 06:00:00,10.2,-140.0,130.0,4,OLAF_2015_10
2015293N13266,2015,Eastern Pacific,PATRICIA,2015-10-23 12:00:00,17.3,-105.6,185.0,5,PATRICIA_2015_10
2015293N16164,2015,Western Pacific,UNNAMED,2015-10-23 00:00:00,30.3,161.5,35.0,-4,UNNAMED_2015_10
2015301N11065,2015,North Indian,CHAPALA,2015-10-30 06:00:00,14.2,61.1,130.0,4,CHAPALA_2015_10
2015309N14067,2015,North Indian,MEGH,2015-11-08 06:00:00,12.7,54.9,110.0,3,MEGH_2015_11
2015313N22289,2015,North Atlantic,KATE,2015-11-11 12:00:00,36.2,-62.5,75.0,1,KATE_2015_11
2015321N04164,2015,Western Pacific,IN-FA,2015-11-21 00:00:00,11.2,142.8,120.0,4,IN-FA_2015_11
2015322N13253,2015,Eastern Pacific,RICK,2015-11-19 12:00:00,14.2,-106.1,35.0,0,RICK_2015_11
2015323S05080,2016,South Indian,ANNABELLE,2015-11-23 00:00:00,-14.2,73.7,60.0,0,ANNABELLE_2015_11
2015328N11260,2015,Eastern Pacific,SANDRA,2015-11-26 06:00:00,14.1,-110.2,130.0,4,SANDRA_2015_11
2015330S10178,2016,South Pacific,TUNI,2015-11-28 00:00:00,-13.8,185.3,40.0,0,TUNI_2015_11
2015342S09079,2016,South Indian,BOHALE,2015-12-10 06:00:00,-14.3,70.5,35.0,0,BOHALE_2015_12
2015344N07145,2015,Western Pacific,MELOR,2015-12-14 03:00:00,12.6,125.2,125.0,4,MELOR_2015_12
2015348N04146,2015,Western Pacific,UNNAMED,2015-12-14 12:00:00,5.1,144.4,25.0,-1,UNNAMED_2015_12
2015362N01179,2015,Eastern Pacific,UNNAMED,2015-12-31 00:00:00,2.2,184.5,30.0,-1,UNNAMED_2015_12
2015364S09190,2016,South Pacific,ULA,2016-01-10 00:00:00,-19.9,171.3,120.0,4,ULA_2016_01
2016006N02188,2016,Eastern Pacific,PALI,2016-01-12 18:00:00,6.4,-171.2,85.0,2,PALI_2016_01
2016007N27285,2016,North Atlantic,ALEX,2016-01-14 12:00:00,30.8,-28.7,75.0,1,ALEX_2016_01
2016014S13195,2016,South Pacific,VICTOR,2016-01-18 18:00:00,-20.2,-166.4,90.0,2,VICTOR_2016_01
2016020S14078,2016,South Indian,CORENTIN,2016-01-23 06:00:00,-22.8,72.1,80.0,1,CORENTIN_2016_01
2016027S13119,2016,South Indian,STAN,2016-01-30 06:00:00,-18.7,119.1,65.0,1,STAN_2016_01
2016039S14061,2016,South Indian,DAYA,2016-02-11 12:00:00,-26.5,55.0,50.0,0,DAYA_2016_02
2016040S16155,2016,South Pacific,TATIANA,2016-02-11 18:00:00,-17.1,158.8,55.0,0,TATIANA_2016_02
2016041S14170,2016,South Pacific,WINSTON,2016-02-20 06:00:00,-17.4,178.7,155.0,5,WINSTON_2016_02
2016042S10094,2016,South Indian,URIAH,2016-02-17 18:00:00,-19.3,79.5,130.0,4,URIAH_2016_02
2016055S15202,2016,South Pacific,YALO,2016-02-25 18:00:00,-20.9,-154.0,55.0,0,YALO_2016_02
2016074S16137,2016,South Pacific,UNNAMED,2016-03-16 00:00:00,-16.3,140.2,40.0,0,UNNAMED_2016_03
2016075S11087,2016,South Indian,EMERAUDE,2016-03-17 06:00:00,-10.5,84.1,125.0,4,EMERAUDE_2016_03
2016087S13073,2016,South Indian,UNNAMED,2016-03-29 18:00:00,-21.6,79.9,45.0,0,UNNAMED_2016_03
2016095S13162,2016,South Pacific,ZENA,2016-04-06 00:00:00,-17.7,172.7,90.0,2,ZENA_2016_04
2016102S12074,2016,South Indian,FANTALA,2016-04-18 00:00:00,-9.5,50.1,155.0,5,FANTALA_2016_04
2016108S17181,2016,South Pacific,AMOS,2016-04-22 12:00:00,-12.4,-176.4,90.0,2,AMOS_2016_04
2016138N10081,2016,North Indian,ROANU,2016-05-21 00:00:00,20.9,89.4,60.0,0,ROANU_2016_05
2016147N18115,2016,Western Pacific,UNNAMED,2016-05-27 06:00:00,21.3,112.3,30.0,-1,UNNAMED_2016_05
2016148N27288,2016,North Atlantic,BONNIE,2016-05-28 18:00:00,30.7,-79.1,40.0,0,BONNIE_2016_05
2016158N13261,2016,Eastern Pacific,UNNAMED,2016-06-06 18:00:00,13.9,-97.1,30.0,-1,UNNAMED_2016_06
2016158N22272,2016,North Atlantic,COLIN,2016-06-07 18:00:00,35.5,-74.4,50.0,-4,COLIN_2016_06
2016171N19268,2016,North Atlantic,DANIELLE,2016-06-20 12:00:00,20.7,-96.1,40.0,0,DANIELLE_2016_06
2016178N22068,2016,North Indian,UNNAMED,2016-06-27 06:00:00,21.9,64.7,40.0,0,UNNAMED_2016_06
2016183N13246,2016,Eastern Pacific,AGATHA,2016-07-03 06:00:00,16.8,-122.1,45.0,0,AGATHA_2016_07
2016185N08145,2016,Western Pacific,NEPARTAK,2016-07-06 06:00:00,19.5,128.5,155.0,5,NEPARTAK_2016_07
2016185N11253,2016,Eastern Pacific,BLAS,2016-07-06 00:00:00,14.3,-121.2,120.0,4,BLAS_2016_07
2016188N12254,2016,Eastern Pacific,CELIA,2016-07-11 18:00:00,15.1,-125.8,85.0,2,CELIA_2016_07
2016194N15255,2016,Eastern Pacific,DARBY,2016-07-16 18:00:00,17.9,-124.4,105.0,3,DARBY_2016_07
2016195S06076,2017,South Indian,ABELA,2016-07-18 12:00:00,-14.2,59.4,55.0,0,ABELA_2016_07
2016197N14256,2016,Eastern Pacific,ESTELLE,2016-07-17 18:00:00,16.5,-112.2,60.0,0,ESTELLE_2016_07
2016199N18131,2016,Western Pacific,UNNAMED,2016-07-17 06:00:00,20.3,129.7,25.0,-1,UNNAMED_2016_07
2016203N10249,2016,Eastern Pacific,GEORGETTE,2016-07-25 06:00:00,16.6,-126.4,115.0,4,GEORGETTE_2016_07
2016203N13259,2016,Eastern Pacific,FRANK,2016-07-27 00:00:00,21.6,-118.2,75.0,1,FRANK_2016_07
2016205N25152,2016,Western Pacific,LUPIT,2016-07-24 00:00:00,30.8,158.3,45.0,0,LUPIT_2016_07
2016207N17116,2016,Western Pacific,MIRINAE,2016-07-27 18:00:00,20.2,106.2,65.0,1,MIRINAE_2016_07
2016211N11128,2016,Western Pacific,NIDA,2016-08-01 12:00:00,21.7,116.1,80.0,1,NIDA_2016_08
2016214N15240,2016,Eastern Pacific,HOWARD,2016-08-02 06:00:00,18.0,-127.0,50.0,0,HOWARD_2016_08
2016215N16283,2016,North Atlantic,EARL,2016-08-04 04:00:00,17.4,-87.8,75.0,1,EARL_2016_08
2016216N14243,2016,Eastern Pacific,IVETTE,2016-08-05 18:00:00,15.3,-131.2,50.0,0,IVETTE_2016_08
2016216N17149,2016,Western Pacific,OMAIS,2016-08-06 06:00:00,25.2,147.6,65.0,1,OMAIS_2016_08
2016220N18258,2016,Eastern Pacific,JAVIER,2016-08-08 18:00:00,22.2,-109.3,55.0,0,JAVIER_2016_08
2016221N19163,2016,Western Pacific,CONSON,2016-08-13 12:00:00,32.7,153.1,55.0,0,CONSON_2016_08
2016225N16138,2016,Western Pacific,CHANTHU,2016-08-17 06:00:00,40.8,142.7,60.0,0,CHANTHU_2016_08
2016228N22117,2016,Western Pacific,DIANMU,2016-08-19 00:00:00,20.5,107.6,45.0,0,DIANMU_2016_08
2016230N12254,2016,Eastern Pacific,KAY,2016-08-20 12:00:00,19.8,-112.4,45.0,0,KAY_2016_08
2016230N12328,2016,North Atlantic,FIONA,2016-08-19 00:00:00,16.9,-41.5,45.0,0,FIONA_2016_08
2016230N15138,2016,Western Pacific,MINDULLE,2016-08-22 00:00:00,34.3,139.5,65.0,1,MINDULLE_2016_08
2016230N25160,2016,Western Pacific,LIONROCK,2016-08-28 00:00:00,26.1,136.6,120.0,4,LIONROCK_2016_08
2016232N22153,2016,Western Pacific,KOMPASU,2016-08-20 06:00:00,34.4,145.6,35.0,0,KOMPASU_2016_08
2016235N11341,2016,North Atlantic,GASTON,2016-08-29 00:00:00,30.6,-55.2,105.0,3,GASTON_2016_08
2016236N13146,2016,Western Pacific,UNNAMED,2016-08-23 12:00:00,15.7,145.1,40.0,0,UNNAMED_2016_08
2016237N14253,2016,Eastern Pacific,LESTER,2016-08-31 06:00:00,17.7,-137.0,125.0,4,LESTER_2016_08
2016240N13224,2016,Eastern Pacific,MADELINE,2016-08-30 06:00:00,18.9,-146.7,115.0,4,MADELINE_2016_08
2016240N31295,2016,North Atlantic,UNNAMED,2016-08-28 12:00:00,31.5,-69.6,30.0,-1,UNNAMED_2016_08
2016242N24279,2016,North Atlantic,HERMINE,2016-09-02 00:00:00,29.0,-84.8,70.0,1,HERMINE_2016_09
2016244N21123,2016,Western Pacific,NAMTHEUN,2016-09-02 06:00:00,27.1,130.8,100.0,3,NAMTHEUN_2016_09
2016248N15255,2016,Eastern Pacific,NEWTON,2016-09-06 06:00:00,22.1,-109.5,80.0,1,NEWTON_2016_09
2016253N13144,2016,Western Pacific,MERANTI,2016-09-13 12:00:00,20.4,122.9,170.0,5,MERANTI_2016_09
2016253N26152,2016,Western Pacific,UNNAMED,2016-09-11 00:00:00,35.5,152.6,35.0,0,UNNAMED_2016_09
2016255N12114,2016,Western Pacific,RAI,2016-09-12 00:00:00,13.7,112.2,30.0,-1,RAI_2016_09
2016255N12247,2016,Eastern Pacific,ORLENE,2016-09-12 18:00:00,17.7,-119.2,95.0,2,ORLENE_2016_09
2016256N12146,2016,Western Pacific,MALAKAS,2016-09-16 12:00:00,22.1,123.4,115.0,4,MALAKAS_2016_09
2016256N20312,2016,North Atlantic,IAN,2016-09-16 12:00:00,46.8,-38.6,55.0,-4,IAN_2016_09
2016257N13341,2016,North Atlantic,KARL,2016-09-25 06:00:00,35.8,-55.1,60.0,0,KARL_2016_09
2016257N27280,2016,North Atlantic,JULIA,2016-09-13 18:00:00,29.0,-81.2,45.0,0,JULIA_2016_09
2016262N16251,2016,Eastern Pacific,PAINE,2016-09-19 18:00:00,22.0,-116.1,80.0,1,PAINE_2016_09
2016263N13333,2016,North Atlantic,LISA,2016-09-21 06:00:00,17.2,-31.7,45.0,0,LISA_2016_09
2016265N10150,2016,Western Pacific,MEGI,2016-09-26 21:00:00,22.7,123.8,120.0,4,MEGI_2016_09
2016269N15165,2016,Western Pacific,CHABA,2016-10-03 06:00:00,24.9,127.0,150.0,5,CHABA_2016_10
2016270N12223,2016,Eastern Pacific,ULIKA,2016-09-28 06:00:00,13.6,-139.1,65.0,1,ULIKA_2016_09
2016270N15240,2016,Eastern Pacific,ROSLYN,2016-09-26 12:00:00,16.7,-119.4,45.0,0,ROSLYN_2016_09
2016273N13300,2016,North Atlantic,MATTHEW,2016-10-01 00:00:00,13.4,-71.9,145.0,5,MATTHEW_2016_10
2016278N16181,2016,Western Pacific,SONGDA,2016-10-11 18:00:00,30.3,148.9,130.0,4,SONGDA_2016_10
2016278N23300,2016,North Atlantic,NICOLE,2016-10-13 06:00:00,30.6,-66.2,120.0,4,NICOLE_2016_10
2016279N19130,2016,Western Pacific,AERE,2016-10-07 12:00:00,20.9,116.1,55.0,0,AERE_2016_10
2016287N12131,2016,Western Pacific,SARIKA,2016-10-15 18:00:00,15.7,121.8,115.0,4,SARIKA_2016_10
2016288N06146,2016,Western Pacific,HAIMA,2016-10-18 18:00:00,16.0,127.6,145.0,5,HAIMA_2016_10
2016295N13089,2016,North Indian,KYANT,2016-10-25 06:00:00,16.8,91.1,40.0,0,KYANT_2016_10
2016296N11262,2016,Eastern Pacific,SEYMOUR,2016-10-26 00:00:00,15.9,-117.1,130.0,4,SEYMOUR_2016_10
2016305N10147,2016,Western Pacific,MEARI,2016-11-06 00:00:00,19.5,142.6,90.0,2,MEARI_2016_11
2016313N11163,2016,Western Pacific,MA-ON,2016-11-09 12:00:00,15.6,158.5,35.0,0,MA-ON_2016_11
2016315N11171,2016,Western Pacific,UNNAMED,2016-11-10 18:00:00,10.1,165.7,25.0,-1,UNNAMED_2016_11
2016318N18253,2016,Eastern Pacific,TINA,2016-11-13 06:00:00,17.5,-107.3,35.0,0,TINA_2016_11
2016323N13279,2016,North Atlantic,OTTO,2016-11-24 12:00:00,11.0,-83.0,100.0,3,OTTO_2016_11
2016328N09130,2016,Western Pacific,TOKAGE,2016-11-27 06:00:00,16.5,118.0,80.0,1,TOKAGE_2016_11
2016335N07088,2016,North Indian,NADA,2016-11-30 06:00:00,9.0,84.9,45.0,0,NADA_2016_11
2016341N08092,2016,North Indian,VARDAH,2016-12-11 21:00:00,13.2,82.0,85.0,2,VARDAH_2016_12
2016354S15116,2017,South Indian,YVETTE,2016-12-21 12:00:00,-14.1,114.2,50.0,0,YVETTE_2016_12
2016355N07146,2016,Western Pacific,NOCK-TEN,2016-12-25 00:00:00,13.5,126.0,140.0,5,NOCK-TEN_2016_12
2017008N08128,2017,Western Pacific,UNNAMED,2017-01-08 12:00:00,9.8,125.9,30.0,-1,UNNAMED_2017_01
2017025S16128,2017,South Indian,UNNAMED,2017-01-28 00:00:00,-20.2,114.8,50.0,0,UNNAMED_2017_01
2017033S14056,2017,South Indian,CARLOS,2017-02-09 06:00:00,-23.8,53.6,70.0,1,CARLOS_2017_02
2017043S19040,2017,South Indian,DINEO,2017-02-15 12:00:00,-23.5,36.4,85.0,2,DINEO_2017_02
2017046S17137,2017,South Pacific,ALFRED,2017-02-20 00:00:00,-15.3,137.1,50.0,0,ALFRED_2017_02
2017051S18189,2017,South Pacific,BART,2017-02-21 06:00:00,-21.0,-164.3,40.0,0,BART_2017_02
2017052S16178,2017,South Pacific,UNNAMED,2017-02-21 18:00:00,-20.0,185.7,45.0,0,UNNAMED_2017_02
2017060S09139,2017,South Indian,BLANCHE,2017-03-06 00:00:00,-14.0,128.2,55.0,0,BLANCHE_2017_03
2017061S11063,2017,South Indian,ENAWO,2017-03-07 00:00:00,-14.7,51.5,130.0,4,ENAWO_2017_03
2017065S14079,2017,South Indian,FERNANDO,2017-03-09 06:00:00,-14.6,68.7,45.0,0,FERNANDO_2017_03
2017081S10096,2017,South Indian,CALEB,2017-03-24 18:00:00,-14.9,100.5,45.0,0,CALEB_2017_03
2017082S14152,2017,South Pacific,DEBBIE,2017-03-27 12:00:00,-19.6,149.8,115.0,4,DEBBIE_2017_03
2017094S10115,2017,South Indian,ERNIE,2017-04-07 12:00:00,-15.7,110.5,140.0,5,ERNIE_2017_04
2017094S17191,2017,South Pacific,UNNAMED,2017-04-11 18:00:00,-25.8,-168.0,40.0,-2,UNNAMED_2017_04
2017097S12171,2017,South Pacific,COOK,2017-04-10 00:00:00,-20.5,165.8,90.0,2,COOK_2017_04
2017104N08085,2017,North Indian,MAARUTHA,2017-04-16 00:00:00,16.0,92.0,50.0,0,MAARUTHA_2017_04
2017104N11130,2017,Western Pacific,UNNAMED,2017-04-18 00:00:00,15.3,116.9,25.0,-1,UNNAMED_2017_04
2017106N36310,2017,North Atlantic,ARLENE,2017-04-16 06:00:00,35.8,-50.3,55.0,-4,ARLENE_2017_04
2017111S09146,2017,South Indian,FRANCES,2017-04-28 18:00:00,-12.5,124.4,80.0,1,FRANCES_2017_04
2017113N09144,2017,Western Pacific,MUIFA,2017-04-26 18:00:00,14.5,134.5,40.0,0,MUIFA_2017_04
2017122S13170,2017,South Pacific,DONNA,2017-05-08 00:00:00,-17.0,164.8,125.0,4,DONNA_2017_05
2017127S18184,2017,South Pacific,ELLA,2017-05-12 00:00:00,-13.8,182.0,70.0,1,ELLA_2017_05
2017130N09269,2017,Eastern Pacific,ADRIAN,2017-05-10 06:00:00,9.7,-92.0,40.0,0,ADRIAN_2017_05
2017147N14087,2017,North Indian,MORA,2017-05-30 00:00:00,21.0,91.9,80.0,1,MORA_2017_05
2017152N14262,2017,Eastern Pacific,BEATRIZ,2017-06-01 12:00:00,14.8,-97.1,40.0,0,BEATRIZ_2017_06
2017161N13119,2017,Western Pacific,MERBOK,2017-06-12 00:00:00,20.2,115.1,45.0,0,MERBOK_2017_06
2017163N14265,2017,Eastern Pacific,CALVIN,2017-06-13 00:00:00,15.9,-95.7,40.0,0,CALVIN_2017_06
2017170N08310,2017,North Atlantic,BRET,2017-06-20 02:00:00,10.1,-61.1,45.0,0,BRET_2017_06
2017171N24271,2017,North Atlantic,CINDY,2017-06-21 00:00:00,26.2,-90.9,50.0,0,CINDY_2017_06
2017175N13264,2017,Eastern Pacific,DORA,2017-06-26 18:00:00,17.6,-106.8,90.0,2,DORA_2017_06
2017182N15132,2017,Western Pacific,NANMADOL,2017-07-03 09:00:00,28.6,125.5,65.0,1,NANMADOL_2017_07
2017187N12324,2017,North Atlantic,UNNAMED,2017-07-05 18:00:00,12.0,-37.1,25.0,-1,UNNAMED_2017_07
2017189N11250,2017,Eastern Pacific,EUGENE,2017-07-09 18:00:00,16.3,-115.0,100.0,3,EUGENE_2017_07
2017193N12252,2017,Eastern Pacific,FERNANDA,2017-07-15 00:00:00,10.7,-120.3,125.0,4,FERNANDA_2017_07
2017195N16114,2017,Western Pacific,TALAS,2017-07-16 06:00:00,18.1,108.4,50.0,0,TALAS_2017_07
2017198N10312,2017,North Atlantic,DON,2017-07-18 00:00:00,11.2,-53.8,45.0,0,DON_2017_07
2017198N13245,2017,Eastern Pacific,UNNAMED,2017-07-17 18:00:00,13.7,-116.8,30.0,-1,UNNAMED_2017_07
2017199N14255,2017,Eastern Pacific,GREG,2017-07-21 00:00:00,14.2,-117.0,50.0,0,GREG_2017_07
2017200N26162,2017,Western Pacific,NORU,2017-07-30 18:00:00,22.8,140.9,135.0,4,NORU_2017_07
2017201N23178,2017,Western Pacific,KULAP,2017-07-22 00:00:00,30.5,172.2,50.0,0,KULAP_2017_07
2017202N08274,2017,Eastern Pacific,HILARY,2017-07-26 00:00:00,15.9,-109.3,95.0,2,HILARY_2017_07
2017202N16116,2017,Western Pacific,SONCA,2017-07-24 12:00:00,16.9,110.3,45.0,0,SONCA_2017_07
2017202N19124,2017,Western Pacific,ROKE,2017-07-22 06:00:00,21.2,119.1,35.0,0,ROKE_2017_07
2017203N14248,2017,Eastern Pacific,IRWIN,2017-07-25 18:00:00,15.8,-119.8,80.0,1,IRWIN_2017_07
2017206N13129,2017,Western Pacific,NESAT,2017-07-29 09:00:00,24.0,122.4,90.0,2,NESAT_2017_07
2017209N19118,2017,Western Pacific,HAITANG,2017-07-29 00:00:00,18.2,116.3,40.0,0,HAITANG_2017_07
2017212N27158,2017,Western Pacific,NALGAE,2017-08-05 12:00:00,35.9,161.2,60.0,-2,NALGAE_2017_08
2017212N28275,2017,North Atlantic,EMILY,2017-07-31 14:45:00,27.5,-82.7,50.0,0,EMILY_2017_07
2017216N16254,2017,Eastern Pacific,UNNAMED,2017-08-04 06:00:00,16.5,-107.3,30.0,-1,UNNAMED_2017_08
2017219N16279,2017,North Atlantic,FRANKLIN,2017-08-10 00:00:00,20.3,-95.5,75.0,1,FRANKLIN_2017_08
2017223N16172,2017,Western Pacific,BANYAN,2017-08-12 21:00:00,20.8,164.2,110.0,3,BANYAN_2017_08
2017224N19253,2017,Eastern Pacific,JOVA,2017-08-11 18:00:00,18.8,-108.0,35.0,0,JOVA_2017_08
2017224N22293,2017,North Atlantic,GERT,2017-08-16 18:00:00,38.2,-64.1,95.0,2,GERT_2017_08
2017228N14314,2017,North Atlantic,HARVEY,2017-08-26 00:00:00,27.8,-96.8,115.0,4,HARVEY_2017_08
2017230N13249,2017,Eastern Pacific,KENNETH,2017-08-21 06:00:00,16.9,-129.7,115.0,4,KENNETH_2017_08
2017232N19130,2017,Western Pacific,HATO,2017-08-23 03:00:00,21.9,113.7,100.0,3,HATO_2017_08
2017236N15129,2017,Western Pacific,PAKHAR,2017-08-27 00:00:00,21.9,113.4,60.0,0,PAKHAR_2017_08
2017239N18147,2017,Western Pacific,SANVU,2017-09-01 00:00:00,27.2,142.1,90.0,2,SANVU_2017_09
2017240N31279,2017,North Atlantic,UNNAMED,2017-08-29 18:00:00,35.4,-75.5,40.0,-4,UNNAMED_2017_08
2017242N16333,2017,North Atlantic,IRMA,2017-09-05 18:00:00,16.9,-59.2,155.0,5,IRMA_2017_09
2017242N17253,2017,Eastern Pacific,LIDIA,2017-08-31 18:00:00,22.4,-110.0,55.0,0,LIDIA_2017_08
2017242N19122,2017,Western Pacific,MAWAR,2017-09-03 00:00:00,21.9,116.6,45.0,0,MAWAR_2017_09
2017247N09327,2017,North Atlantic,JOSE,2017-09-08 18:00:00,16.4,-57.8,135.0,4,JOSE_2017_09
2017247N16132,2017,Western Pacific,GUCHOL,2017-09-06 00:00:00,20.3,120.4,30.0,-1,GUCHOL_2017_09
2017249N22263,2017,North Atlantic,KATIA,2017-09-08 18:00:00,21.1,-96.2,90.0,2,KATIA_2017_09
2017252N14147,2017,Western Pacific,TALIM,2017-09-14 00:00:00,26.5,124.6,120.0,4,TALIM_2017_09
2017253N14130,2017,Western Pacific,DOKSURI,2017-09-15 00:00:00,17.7,107.4,95.0,2,DOKSURI_2017_09
2017254N16251,2017,Eastern Pacific,OTIS,2017-09-18 00:00:00,17.6,-127.2,100.0,3,OTIS_2017_09
2017257N16251,2017,Eastern Pacific,NORMA,2017-09-16 00:00:00,18.9,-110.1,65.0,1,NORMA_2017_09
2017257N16258,2017,Eastern Pacific,MAX,2017-09-14 18:00:00,16.6,-99.2,80.0,1,MAX_2017_09
2017258N10337,2017,North Atlantic,LEE,2017-09-27 12:00:00,30.3,-56.6,100.0,3,LEE_2017_09
2017260N12310,2017,North Atlantic,MARIA,2017-09-20 00:00:00,17.0,-64.3,150.0,5,MARIA_2017_09
2017265N17257,2017,Eastern Pacific,PILAR,2017-09-24 12:00:00,20.0,-106.0,45.0,0,PILAR_2017_09
2017267N18116,2017,Western Pacific,UNNAMED,2017-09-24 00:00:00,18.2,113.1,30.0,-1,UNNAMED_2017_09
2017277N11279,2017,North Atlantic,NATE,2017-10-07 12:00:00,25.7,-87.9,80.0,1,NATE_2017_10
2017277N14265,2017,Eastern Pacific,RAMON,2017-10-04 06:00:00,14.6,-95.7,40.0,0,RAMON_2017_10
2017280N32321,2017,North Atlantic,OPHELIA,2017-10-14 12:00:00,34.2,-27.7,100.0,3,OPHELIA_2017_10
2017282N17113,2017,Western Pacific,UNNAMED,2017-10-09 18:00:00,17.7,107.2,30.0,-1,UNNAMED_2017_10
2017284N15134,2017,Western Pacific,KHANUN,2017-10-15 03:00:00,20.3,114.1,90.0,2,KHANUN_2017_10
2017288N09138,2017,Western Pacific,LAN,2017-10-21 12:00:00,23.8,132.5,135.0,4,LAN_2017_10
2017291N09116,2017,Western Pacific,UNNAMED,2017-10-18 18:00:00,9.8,116.6,25.0,-3,UNNAMED_2017_10
2017292N13151,2017,Western Pacific,SAOLA,2017-10-28 06:00:00,27.1,128.4,65.0,1,SAOLA_2017_10
2017300N10271,2017,Eastern Pacific,SELMA,2017-10-27 06:00:00,10.5,-89.2,35.0,0,SELMA_2017_10
2017301N18276,2017,North Atlantic,PHILIPPE,2017-10-28 18:00:00,21.3,-82.4,35.0,0,PHILIPPE_2017_10
2017304N11127,2017,Western Pacific,DAMREY,2017-11-03 18:00:00,12.8,110.4,90.0,2,DAMREY_2017_11
2017307N07102,2017,Western Pacific,UNNAMED,2017-11-04 12:00:00,5.6,100.3,25.0,-1,UNNAMED_2017_11
2017309N26308,2017,North Atlantic,RINA,2017-11-08 06:00:00,36.4,-48.7,50.0,0,RINA_2017_11
2017312N10134,2017,Western Pacific,HAIKUI,2017-11-10 18:00:00,17.2,116.8,45.0,0,HAIKUI_2017_11
2017321N07124,2017,Western Pacific,KIROGI,2017-11-18 18:00:00,10.9,111.7,40.0,0,KIROGI_2017_11
2017332S08098,2018,South Indian,DAHLIA,2017-12-01 00:00:00,-9.7,109.3,55.0,0,DAHLIA_2017_12
2017333N06082,2017,North Indian,OCKHI,2017-12-02 12:00:00,10.5,70.3,100.0,3,OCKHI_2017_12
2017340N09089,2017,North Indian,UNNAMED,2017-12-08 12:00:00,17.0,86.3,45.0,0,UNNAMED_2017_12
2017347N11131,2017,Western Pacific,KAI-TAK,2017-12-14 12:00:00,11.3,127.7,50.0,0,KAI-TAK_2017_12
2017354N08134,2017,Western Pacific,TEMBIN,2017-12-24 06:00:00,8.2,113.3,85.0,2,TEMBIN_2017_12
2017360S15124,2018,South Indian,HILDA,2017-12-27 18:00:00,-18.8,121.8,50.0,0,HILDA_2017_12
2017364N07138,2018,Western Pacific,BOLAVEN,2018-01-03 00:00:00,10.4,116.0,35.0,0,BOLAVEN_2018_01
2017364S12065,2018,South Indian,AVA,2018-01-05 06:00:00,-17.8,50.0,95.0,2,AVA_2018_01
2018004S09096,2018,South Indian,IRVING,2018-01-08 00:00:00,-16.6,81.3,95.0,2,IRVING_2018_01
2018007S13130,2018,South Indian,JOYCE,2018-01-11 18:00:00,-18.6,121.6,50.0,0,JOYCE_2018_01
2018010S10069,2018,South Indian,BERGUITTA,2018-01-15 12:00:00,-17.9,63.0,105.0,3,BERGUITTA_2018_01
2018025S09080,2018,South Indian,CEBILE,2018-01-28 18:00:00,-14.2,82.7,115.0,4,CEBILE_2018_01
2018027S11156,2018,South Pacific,FEHI,2018-01-31 18:00:00,-40.1,167.9,55.0,-4,FEHI_2018_01
2018038S15172,2018,South Pacific,GITA,2018-02-12 06:00:00,-21.6,186.0,125.0,4,GITA_2018_02
2018039N08151,2018,Western Pacific,SANBA,2018-02-11 12:00:00,7.0,134.5,40.0,0,SANBA_2018_02
2018044S10133,2018,South Indian,KELVIN,2018-02-18 06:00:00,-19.8,122.1,75.0,1,KELVIN_2018_02
2018060S13057,2018,South Indian,DUMAZILE,2018-03-05 12:00:00,-22.2,51.6,110.0,3,DUMAZILE_2018_03
2018064S16172,2018,South Pacific,HOLA,2018-03-08 00:00:00,-17.2,165.7,105.0,3,HOLA_2018_03
2018070S10160,2018,South Pacific,LINDA,2018-03-13 12:00:00,-20.4,158.9,55.0,0,LINDA_2018_03
2018073S09129,2018,South Indian,MARCUS,2018-03-21 18:00:00,-15.4,108.4,150.0,5,MARCUS_2018_03
2018073S12057,2018,South Indian,ELIAKIM,2018-03-16 06:00:00,-15.8,50.6,65.0,1,ELIAKIM_2018_03
2018079S08137,2018,South Pacific,NORA,2018-03-23 18:00:00,-12.0,139.5,100.0,3,NORA_2018_03
2018082N04147,2018,Western Pacific,JELAWAT,2018-03-30 12:00:00,16.8,139.0,130.0,4,JELAWAT_2018_03
2018082S12164,2018,South Pacific,IRIS,2018-04-03 18:00:00,-19.0,150.3,55.0,0,IRIS_2018_04
2018089S18172,2018,South Pacific,JOSIE,2018-03-31 18:00:00,-19.0,176.6,50.0,0,JOSIE_2018_03
2018096S15172,2018,South Pacific,KENI,2018-04-10 06:00:00,-19.6,179.2,90.0,2,KENI_2018_04
2018111S07055,2018,South Indian,FAKIR,2018-04-24 00:00:00,-19.4,55.0,75.0,1,FAKIR_2018_04
2018117S07098,2018,South Indian,FLAMBOYAN,2018-04-30 12:00:00,-15.8,84.4,70.0,1,FLAMBOYAN_2018_04
2018129N15153,2018,Western Pacific,UNNAMED,2018-05-12 12:00:00,19.0,147.5,35.0,0,UNNAMED_2018_05
2018131N12235,2018,Eastern Pacific,UNNAMED,2018-05-10 18:00:00,12.3,-126.2,30.0,-1,UNNAMED_2018_05
2018136N11054,2018,North Indian,MEKUNU:SAGAR,2018-05-25 12:00:00,16.3,54.3,100.0,3,MEKUNU:SAGAR_2018_05
2018146N19273,2018,North Atlantic,ALBERTO,2018-05-28 00:00:00,28.2,-85.8,55.0,0,ALBERTO_2018_05
2018148N17090,2018,North Indian,UNNAMED,2018-05-29 12:00:00,19.4,93.3,45.0,0,UNNAMED_2018_05
2018153N12113,2018,Western Pacific,EWINIAR,2018-06-07 06:00:00,21.0,111.5,40.0,0,EWINIAR_2018_06
2018155N10132,2018,Western Pacific,MALIKSI,2018-06-10 00:00:00,25.2,130.6,60.0,0,MALIKSI_2018_06
2018157N14255,2018,Eastern Pacific,ALETTA,2018-06-08 12:00:00,15.7,-111.0,120.0,4,ALETTA_2018_06
2018161N12260,2018,Eastern Pacific,BUD,2018-06-12 00:00:00,17.3,-107.4,120.0,4,BUD_2018_06
2018164N21120,2018,Western Pacific,UNNAMED,2018-06-14 00:00:00,25.3,124.5,35.0,-2,UNNAMED_2018_06
2018165N22117,2018,Western Pacific,GAEMI,2018-06-16 06:00:00,26.9,128.8,45.0,-2,GAEMI_2018_06
2018166N15260,2018,Eastern Pacific,CARLOTTA,2018-06-17 00:00:00,16.4,-99.5,55.0,0,CARLOTTA_2018_06
2018174N12244,2018,Eastern Pacific,DANIEL,2018-06-24 18:00:00,16.6,-116.0,40.0,0,DANIEL_2018_06
2018178N12253,2018,Eastern Pacific,EMILIA,2018-06-29 12:00:00,16.0,-115.8,50.0,0,EMILIA_2018_06
2018179N19134,2018,Western Pacific,PRAPIROON,2018-07-02 06:00:00,28.2,127.3,80.0,1,PRAPIROON_2018_07
2018182N11256,2018,Eastern Pacific,FABIO,2018-07-03 18:00:00,15.5,-116.0,95.0,2,FABIO_2018_07
2018184N10147,2018,Western Pacific,MARIA,2018-07-08 12:00:00,20.5,136.6,145.0,5,MARIA_2018_07
2018186N10325,2018,North Atlantic,BERYL,2018-07-06 06:00:00,10.5,-44.6,70.0,1,BERYL_2018_07
2018186N31292,2018,North Atlantic,CHRIS,2018-07-11 00:00:00,33.9,-71.9,90.0,2,CHRIS_2018_07
2018195N19138,2018,Western Pacific,SON-TINH,2018-07-18 12:00:00,18.7,106.8,50.0,0,SON-TINH_2018_07
2018199N18128,2018,Western Pacific,AMPIL,2018-07-22 00:00:00,30.7,122.9,55.0,0,AMPIL_2018_07
2018202N18116,2018,Western Pacific,UNNAMED,2018-07-21 00:00:00,18.0,118.6,35.0,0,UNNAMED_2018_07
2018202N21159,2018,Western Pacific,WUKONG,2018-07-25 06:00:00,33.9,157.8,65.0,1,WUKONG_2018_07
2018204N15137,2018,Western Pacific,JONGDARI,2018-07-27 06:00:00,26.4,143.8,90.0,2,JONGDARI_2018_07
2018208N11225,2018,Eastern Pacific,UNNAMED,2018-07-26 18:00:00,10.9,-135.0,30.0,-1,UNNAMED_2018_07
2018208N13238,2018,Eastern Pacific,GILMA,2018-07-27 06:00:00,14.2,-126.3,40.0,0,GILMA_2018_07
2018211N27152,2018,Western Pacific,UNNAMED,2018-08-01 12:00:00,36.2,150.0,35.0,-2,UNNAMED_2018_08
2018213N12245,2018,Eastern Pacific,HECTOR,2018-08-06 18:00:00,15.1,217.5,135.0,4,HECTOR_2018_08
2018214N19153,2018,Western Pacific,SHANSHAN,2018-08-07 06:00:00,31.2,143.9,85.0,2,SHANSHAN_2018_08
2018215N41326,2018,North Atlantic,DEBBY,2018-08-09 00:00:00,42.4,-47.2,45.0,0,DEBBY_2018_08
2018217N12266,2018,Eastern Pacific,ILEANA,2018-08-06 12:00:00,15.8,-101.2,55.0,0,ILEANA_2018_08
2018218N14255,2018,Eastern Pacific,JOHN,2018-08-07 18:00:00,18.3,-110.1,95.0,2,JOHN_2018_08
2018218N18134,2018,Western Pacific,YAGI,2018-08-12 12:00:00,27.7,122.2,45.0,0,YAGI_2018_08
2018219N15237,2018,Eastern Pacific,KRISTY,2018-08-10 06:00:00,17.8,-129.9,60.0,0,KRISTY_2018_08
2018221N17112,2018,Western Pacific,BEBINCA,2018-08-16 06:00:00,20.0,108.0,60.0,0,BEBINCA_2018_08
2018222N16147,2018,Western Pacific,LEEPI,2018-08-12 12:00:00,23.5,141.4,65.0,1,LEEPI_2018_08
2018226N11245,2018,Eastern Pacific,LANE,2018-08-22 00:00:00,14.3,-153.6,140.0,5,LANE_2018_08
2018226N23128,2018,Western Pacific,RUMBIA,2018-08-16 18:00:00,30.5,121.9,50.0,0,RUMBIA_2018_08
2018227N11145,2018,Western Pacific,SOULIK,2018-08-18 06:00:00,24.8,140.0,105.0,3,SOULIK_2018_08
2018227N37315,2018,North Atlantic,ERNESTO,2018-08-16 12:00:00,41.5,-43.8,40.0,-2,ERNESTO_2018_08
2018229N11160,2018,Western Pacific,CIMARON,2018-08-22 00:00:00,24.2,139.9,115.0,4,CIMARON_2018_08
2018234N22119,2018,Western Pacific,UNNAMED,2018-08-23 00:00:00,22.8,120.5,30.0,-1,UNNAMED_2018_08
2018238N13239,2018,Eastern Pacific,MIRIAM,2018-08-31 18:00:00,18.7,-141.2,85.0,2,MIRIAM_2018_08
2018239N11161,2018,Western Pacific,JEBI,2018-08-31 06:00:00,18.3,142.7,155.0,5,JEBI_2018_08
2018240N15251,2018,Eastern Pacific,NORMAN,2018-08-30 18:00:00,17.6,-118.4,130.0,4,NORMAN_2018_08
2018242N13343,2018,North Atlantic,FLORENCE,2018-09-11 18:00:00,27.2,-66.4,130.0,4,FLORENCE_2018_09
2018244N14252,2018,Eastern Pacific,OLIVIA,2018-09-07 00:00:00,18.9,-129.2,115.0,4,OLIVIA_2018_09
2018246N22283,2018,North Atlantic,GORDON,2018-09-04 18:00:00,28.9,-87.2,60.0,0,GORDON_2018_09
2018250N12170,2018,Western Pacific,MANGKHUT,2018-09-12 06:00:00,14.0,135.2,155.0,5,MANGKHUT_2018_09
2018251N13325,2018,North Atlantic,ISAAC,2018-09-10 00:00:00,14.5,-41.0,65.0,1,ISAAC_2018_09
2018251N13343,2018,North Atlantic,HELENE,2018-09-11 00:00:00,15.3,-32.1,95.0,2,HELENE_2018_09
2018251N15248,2018,Eastern Pacific,PAUL,2018-09-09 18:00:00,18.1,-118.6,40.0,0,PAUL_2018_09
2018251N20122,2018,Western Pacific,BARIJAT,2018-09-11 06:00:00,20.8,118.1,45.0,0,BARIJAT_2018_09
2018255N37320,2018,North Atlantic,JOYCE,2018-09-12 00:00:00,37.0,-39.8,45.0,-4,JOYCE_2018_09
2018256S07076,2019,South Indian,UNNAMED,2018-09-15 12:00:00,-10.6,70.1,45.0,0,UNNAMED_2018_09
2018263N12146,2018,Western Pacific,TRAMI,2018-09-24 18:00:00,19.6,129.1,140.0,5,TRAMI_2018_09
2018263N17089,2018,North Indian,DAYE,2018-09-20 12:00:00,18.3,86.1,35.0,0,DAYE_2018_09
2018263N26249,2018,Eastern Pacific,UNNAMED,2018-09-19 18:00:00,26.7,-111.2,30.0,-1,UNNAMED_2018_09
2018265N08338,2018,North Atlantic,KIRK,2018-09-26 12:00:00,12.1,-53.6,55.0,0,KIRK_2018_09
2018265N13308,2018,North Atlantic,UNNAMED,2018-09-21 18:00:00,12.9,-52.5,30.0,-1,UNNAMED_2018_09
2018265N35315,2018,North Atlantic,LESLIE,2018-10-12 00:00:00,30.4,-35.2,80.0,1,LESLIE_2018_10
2018268N14253,2018,Eastern Pacific,ROSA,2018-09-28 06:00:00,16.9,-117.1,130.0,4,ROSA_2018_09
2018268N24155,2018,Western Pacific,UNNAMED,2018-09-26 12:00:00,30.2,151.2,30.0,-1,UNNAMED_2018_09
2018269N11220,2018,Eastern Pacific,WALAKA,2018-10-02 00:00:00,12.9,-169.6,140.0,5,WALAKA_2018_10
2018269S09157,2019,South Pacific,LIUA,2018-09-27 00:00:00,-10.9,162.1,45.0,0,LIUA_2018_09
2018271N06154,2018,Western Pacific,KONG-REY,2018-10-01 18:00:00,17.3,133.6,150.0,5,KONG-REY_2018_10
2018273N12259,2018,Eastern Pacific,SERGIO,2018-10-04 06:00:00,14.1,-118.5,120.0,4,SERGIO_2018_10
2018279N11069,2018,North Indian,LUBAN,2018-10-10 12:00:00,14.4,58.6,85.0,2,LUBAN_2018_10
2018280N18273,2018,North Atlantic,MICHAEL,2018-10-10 17:30:00,30.0,-85.5,140.0,5,MICHAEL_2018_10
2018281N14088,2018,North Indian,TITLI,2018-10-10 18:00:00,18.3,85.0,105.0,3,TITLI_2018_10
2018282N09333,2018,North Atlantic,NADINE,2018-10-10 06:00:00,11.8,-30.9,55.0,0,NADINE_2018_10
2018288N17257,2018,Eastern Pacific,TARA,2018-10-16 00:00:00,18.4,-104.3,55.0,0,TARA_2018_10
2018292N13269,2018,Eastern Pacific,VICENTE,2018-10-20 18:00:00,14.5,-94.0,45.0,0,VICENTE_2018_10
2018292N14261,2018,Eastern Pacific,WILLA,2018-10-22 06:00:00,17.9,-107.1,140.0,5,WILLA_2018_10
2018294N08161,2018,Western Pacific,YUTU,2018-10-24 12:00:00,14.7,146.2,150.0,5,YUTU_2018_10
2018300N25315,2018,North Atlantic,OSCAR,2018-10-30 00:00:00,27.0,-58.5,95.0,2,OSCAR_2018_10
2018306N14249,2018,Eastern Pacific,XAVIER,2018-11-04 12:00:00,17.4,-105.3,55.0,0,XAVIER_2018_11
2018309S06068,2019,South Indian,ALCIDE,2018-11-08 03:00:00,-11.4,54.2,115.0,4,ALCIDE_2018_11
2018311N07179,2018,Western Pacific,USAGI,2018-11-24 00:00:00,9.8,109.5,90.0,2,USAGI_2018_11
2018313S05090,2019,South Indian,BOUCHRA,2018-11-19 06:00:00,-14.7,81.0,60.0,0,BOUCHRA_2018_11
2018314N12093,2018,North Indian,GAJA,2018-11-15 18:00:00,10.6,80.3,80.0,1,GAJA_2018_11
2018321N10113,2018,Western Pacific,TORAJI,2018-11-17 12:00:00,10.8,111.0,30.0,-1,TORAJI_2018_11
2018324N04156,2018,Western Pacific,MAN-YI,2018-11-22 18:00:00,13.4,137.0,95.0,2,MAN-YI_2018_11
2018334S09156,2019,South Pacific,OWEN,2018-12-12 21:00:00,-15.3,136.0,85.0,2,OWEN_2018_12
2018347N07089,2018,North Indian,PHETHAI,2018-12-16 12:00:00,13.4,83.1,55.0,0,PHETHAI_2018_12
2018348S08093,2019,South Indian,KENANGA,2018-12-19 00:00:00,-15.8,82.8,115.0,4,KENANGA_2018_12
2018351S09059,2019,South Indian,CILIDA,2018-12-21 12:00:00,-15.1,57.7,135.0,4,CILIDA_2018_12
2018358N07140,2018,Western Pacific,UNNAMED,2018-12-28 00:00:00,10.6,128.4,30.0,-1,UNNAMED_2018_12
2018363S12145,2019,South Pacific,PENNY,2019-01-03 18:00:00,-15.7,155.5,55.0,0,PENNY_2019_01
2018365N08115,2018,Western Pacific,PABUK,2019-01-04 00:00:00,7.9,101.6,50.0,0,PABUK_2019_01
2019001S10162,2019,South Pacific,MONA,2019-01-03 18:00:00,-14.5,177.5,50.0,0,MONA_2019_01
2019004N03175,2019,Western Pacific,UNNAMED,2019-01-21 12:00:00,12.5,126.0,30.0,-1,UNNAMED_2019_01
2019018S24033,2019,South Indian,DESMOND,2019-01-20 06:00:00,-23.0,38.7,45.0,0,DESMOND_2019_01
2019021S09128,2019,South Indian,RILEY,2019-01-27 12:00:00,-17.9,112.8,75.0,1,RILEY_2019_01
2019035S11058,2019,South Indian,GELENA,2019-02-09 12:00:00,-18.7,60.3,120.0,4,GELENA_2019_02
2019035S13070,2019,South Indian,FUNANI,2019-02-07 12:00:00,-19.9,66.7,120.0,4,FUNANI_2019_02
2019040S17183,2019,South Pacific,NEIL,2019-02-09 18:00:00,-20.8,-175.0,40.0,0,NEIL_2019_02
2019042S17162,2019,South Pacific,OMA,2019-02-19 00:00:00,-19.6,162.5,75.0,1,OMA_2019_02
2019050N05163,2019,Western Pacific,WUTIP,2019-02-23 10:00:00,11.8,142.9,145.0,5,WUTIP_2019_02
2019057S13184,2019,South Pacific,POLA,2019-02-28 06:00:00,-23.3,-178.0,100.0,3,POLA_2019_02
2019060S10078,2019,South Indian,HALEH,2019-03-04 18:00:00,-19.1,72.5,115.0,4,HALEH_2019_03
2019063S18038,2019,South Indian,IDAI,2019-03-11 03:00:00,-17.3,43.0,115.0,4,IDAI_2019_03
2019067S11115,2019,South Indian,SAVANNAH,2019-03-17 06:00:00,-16.2,91.0,105.0,3,SAVANNAH_2019_03
2019071N04161,2019,Western Pacific,UNNAMED,2019-03-17 06:00:00,7.4,133.8,35.0,0,UNNAMED_2019_03
2019074S08151,2019,South Pacific,TREVOR,2019-03-22 18:00:00,-15.6,138.2,110.0,3,TREVOR_2019_03
2019077S13123,2019,South Indian,VERONICA,2019-03-21 00:00:00,-16.4,117.7,130.0,4,VERONICA_2019_03
2019078S13066,2019,South Indian,JOANINHA,2019-03-26 12:00:00,-19.5,65.0,120.0,4,JOANINHA_2019_03
2019093S07133,2019,South Indian,WALLACE,2019-04-08 18:00:00,-16.3,115.2,60.0,0,WALLACE_2019_04
2019112S04079,2019,South Indian,LORNA,2019-04-28 12:00:00,-18.1,90.0,90.0,2,LORNA_2019_04
2019112S10053,2019,South Indian,KENNETH,2019-04-25 06:00:00,-11.7,41.9,125.0,4,KENNETH_2019_04
2019116N02090,2019,North Indian,FANI,2019-05-02 12:00:00,17.6,84.8,150.0,5,FANI_2019_05
2019126S05129,2019,South Indian,LILI,2019-05-09 09:00:00,-9.1,128.8,55.0,0,LILI_2019_05
2019129S10160,2019,South Pacific,ANN,2019-05-12 18:00:00,-15.9,155.7,60.0,0,ANN_2019_05
2019141N28291,2019,North Atlantic,ANDREA,2019-05-20 18:00:00,28.1,-68.6,35.0,-2,ANDREA_2019_05
2019160N11073,2019,North Indian,VAYU,2019-06-13 12:00:00,20.8,69.1,100.0,3,VAYU_2019_06
2019177N15256,2019,Eastern Pacific,ALVIN,2019-06-28 00:00:00,17.0,-114.8,65.0,1,ALVIN_2019_06
2019178N10137,2019,Western Pacific,UNNAMED,2019-06-29 12:00:00,14.8,131.2,35.0,0,UNNAMED_2019_06
2019181N10252,2019,Eastern Pacific,BARBARA,2019-07-03 00:00:00,13.0,-124.0,135.0,4,BARBARA_2019_07
2019182N18114,2019,Western Pacific,MUN,2019-07-03 06:00:00,19.1,108.3,35.0,0,MUN_2019_07
2019188N16245,2019,Eastern Pacific,COSME,2019-07-06 12:00:00,15.5,-114.9,45.0,0,COSME_2019_07
2019192N29274,2019,North Atlantic,BARRY,2019-07-13 12:00:00,29.3,-91.9,65.0,1,BARRY_2019_07
2019193N14255,2019,Eastern Pacific,UNNAMED,2019-07-12 18:00:00,14.9,-107.0,30.0,-1,UNNAMED_2019_07
2019195N13136,2019,Western Pacific,DANAS,2019-07-18 12:00:00,26.5,123.9,45.0,0,DANAS_2019_07
2019203N15244,2019,Eastern Pacific,DALILA,2019-07-23 12:00:00,18.3,-117.4,40.0,0,DALILA_2019_07
2019204N25283,2019,North Atlantic,UNNAMED,2019-07-23 06:00:00,26.9,-79.6,30.0,-1,UNNAMED_2019_07
2019205N23137,2019,Western Pacific,NARI,2019-07-25 12:00:00,27.5,137.3,35.0,0,NARI_2019_07
2019209N11237,2019,Eastern Pacific,ERICK,2019-07-30 18:00:00,13.4,216.4,115.0,4,ERICK_2019_07
2019210N11253,2019,Eastern Pacific,FLOSSIE,2019-07-31 00:00:00,13.0,-122.4,70.0,1,FLOSSIE_2019_07
2019210N16117,2019,Western Pacific,WIPHA,2019-08-02 12:00:00,21.5,108.4,55.0,0,WIPHA_2019_08
2019213N17155,2019,Western Pacific,FRANCISCO,2019-08-05 18:00:00,31.8,131.9,80.0,1,FRANCISCO_2019_08
2019214N15134,2019,Western Pacific,LEKIMA,2019-08-08 12:00:00,24.4,124.9,135.0,4,LEKIMA_2019_08
2019215N13242,2019,Eastern Pacific,GIL,2019-08-03 18:00:00,14.7,-121.9,35.0,0,GIL_2019_08
2019216N16147,2019,Western Pacific,KROSA,2019-08-08 06:00:00,22.1,140.6,100.0,3,KROSA_2019_08
2019224N18252,2019,Eastern Pacific,HENRIETTE,2019-08-12 12:00:00,19.7,-111.5,40.0,0,HENRIETTE_2019_08
2019231N13135,2019,Western Pacific,BAILU,2019-08-24 06:00:00,22.3,120.6,60.0,0,BAILU_2019_08
2019233N15255,2019,Eastern Pacific,IVO,2019-08-22 12:00:00,15.5,-113.1,60.0,0,IVO_2019_08
2019233N40300,2019,North Atlantic,CHANTAL,2019-08-21 00:00:00,40.3,-57.1,35.0,0,CHANTAL_2019_08
2019236N08143,2019,Western Pacific,PODUL,2019-08-29 00:00:00,17.5,111.3,40.0,0,PODUL_2019_08
2019236N10314,2019,North Atlantic,DORIAN,2019-09-01 16:40:00,26.5,-77.0,160.0,5,DORIAN_2019_09
2019239N32287,2019,North Atlantic,ERIN,2019-08-27 18:00:00,31.3,-71.6,35.0,0,ERIN_2019_08
2019242N14180,2019,Western Pacific,FAXAI,2019-09-07 18:00:00,30.1,140.5,115.0,4,FAXAI_2019_09
2019242N18126,2019,Western Pacific,KAJIKI,2019-09-02 12:00:00,17.4,108.4,35.0,0,KAJIKI_2019_09
2019243N06136,2019,Western Pacific,LINGLING,2019-09-05 12:00:00,25.7,125.2,120.0,4,LINGLING_2019_09
2019244N13253,2019,Eastern Pacific,JULIETTE,2019-09-03 12:00:00,18.2,-114.7,110.0,3,JULIETTE_2019_09
2019246N15225,2019,Eastern Pacific,AKONI,2019-09-05 18:00:00,12.1,-144.6,35.0,0,AKONI_2019_09
2019246N16330,2019,North Atlantic,GABRIELLE,2019-09-08 18:00:00,34.5,-49.3,55.0,0,GABRIELLE_2019_09
2019246N24266,2019,North Atlantic,FERNAND,2019-09-04 00:00:00,23.1,-96.1,45.0,0,FERNAND_2019_09
2019255N09162,2019,Western Pacific,PEIPAH,2019-09-15 12:00:00,17.7,148.0,35.0,0,PEIPAH_2019_09
2019255N15251,2019,Eastern Pacific,KIKO,2019-09-15 12:00:00,17.0,-120.9,115.0,4,KIKO_2019_09
2019256N23286,2019,North Atlantic,HUMBERTO,2019-09-18 18:00:00,32.5,-67.2,110.0,3,HUMBERTO_2019_09
2019260N10253,2019,Eastern Pacific,MARIO,2019-09-18 18:00:00,14.4,-111.4,60.0,0,MARIO_2019_09
2019260N12262,2019,Eastern Pacific,LORENA,2019-09-20 18:00:00,23.0,-109.2,75.0,1,LORENA_2019_09
2019260N13317,2019,North Atlantic,JERRY,2019-09-20 00:00:00,17.7,-56.6,90.0,2,JERRY_2019_09
2019260N20129,2019,Western Pacific,TAPAH,2019-09-21 06:00:00,27.4,125.6,65.0,1,TAPAH_2019_09
2019261N28264,2019,North Atlantic,IMELDA,2019-09-17 17:45:00,28.9,-95.4,40.0,0,IMELDA_2019_09
2019264N19071,2019,North Indian,HIKAA:HIKKA,2019-09-24 00:00:00,20.1,61.0,90.0,2,HIKAA:HIKKA_2019_09
2019265N12301,2019,North Atlantic,KAREN,2019-09-24 18:00:00,17.7,-65.6,40.0,0,KAREN_2019_09
2019266N11341,2019,North Atlantic,LORENZO,2019-09-29 03:00:00,24.3,-45.0,140.0,5,LORENZO_2019_09
2019268N10155,2019,Western Pacific,MITAG,2019-09-30 12:00:00,24.6,122.9,90.0,2,MITAG_2019_09
2019272N14261,2019,Eastern Pacific,NARDA,2019-09-30 18:00:00,23.6,-107.3,45.0,0,NARDA_2019_09
2019278N16165,2019,Western Pacific,HAGIBIS,2019-10-07 10:00:00,15.9,147.1,160.0,5,HAGIBIS_2019_10
2019282N35286,2019,North Atlantic,MELISSA,2019-10-10 00:00:00,38.9,-68.2,55.0,-4,MELISSA_2019_10
2019285N15198,2019,Eastern Pacific,EMA,2019-10-12 18:00:00,20.5,-163.7,45.0,0,EMA_2019_10
2019288N13341,2019,North Atlantic,UNNAMED,2019-10-14 12:00:00,12.6,-19.3,30.0,-1,UNNAMED_2019_10
2019288N16136,2019,Western Pacific,NEOGURI,2019-10-19 18:00:00,22.6,127.5,95.0,2,NEOGURI_2019_10
2019289N14267,2019,Eastern Pacific,UNNAMED,2019-10-16 00:00:00,13.8,-93.3,30.0,-3,UNNAMED_2019_10
2019290N08169,2019,Western Pacific,BUALOI,2019-10-22 09:00:00,18.7,144.0,140.0,5,BUALOI_2019_10
2019290N11234,2019,Eastern Pacific,OCTAVE,2019-10-18 06:00:00,10.0,-126.8,40.0,0,OCTAVE_2019_10
2019291N22264,2019,North Atlantic,NESTOR,2019-10-18 12:00:00,25.2,-91.2,50.0,-3,NESTOR_2019_10
2019293N17257,2019,Eastern Pacific,PRISCILLA,2019-10-20 12:00:00,17.9,-104.0,40.0,0,PRISCILLA_2019_10
2019296N15066,2019,North Indian,KYAAR:KYARR,2019-10-27 00:00:00,17.0,68.2,135.0,4,KYAAR:KYARR_2019_10
2019297N40322,2019,North Atlantic,PABLO,2019-10-27 18:00:00,44.1,-17.3,70.0,1,PABLO_2019_10
2019299N25265,2019,North Atlantic,OLGA,2019-10-26 00:00:00,27.0,-92.5,45.0,-4,OLGA_2019_10
2019300N41309,2019,North Atlantic,REBEKAH,2019-10-28 00:00:00,40.5,-41.1,70.0,-4,REBEKAH_2019_10
2019301N05081,2019,North Indian,MAHA,2019-11-04 12:00:00,18.9,64.1,105.0,3,MAHA_2019_11
2019302N11118,2019,North Indian,BULBUL:MATMO,2019-11-09 15:00:00,21.4,88.3,105.0,3,BULBUL:MATMO_2019_11
2019306N10162,2019,Western Pacific,HALONG,2019-11-05 15:00:00,20.1,150.7,165.0,5,HALONG_2019_11
2019308N13114,2019,Western Pacific,NAKRI,2019-11-08 06:00:00,12.6,116.5,65.0,1,NAKRI_2019_11
2019314N12172,2019,Western Pacific,FENGSHEN,2019-11-15 12:00:00,21.1,142.2,115.0,4,FENGSHEN_2019_11
2019314N14136,2019,Western Pacific,KALMAEGI,2019-11-19 00:00:00,19.2,122.5,90.0,2,KALMAEGI_2019_11
2019317N11248,2019,Eastern Pacific,RAYMOND,2019-11-15 18:00:00,14.4,-109.1,45.0,0,RAYMOND_2019_11
2019320N09264,2019,Eastern Pacific,UNNAMED,2019-11-16 00:00:00,9.1,-97.7,30.0,-1,UNNAMED_2019_11
2019322N11144,2019,Western Pacific,FUNG-WONG,2019-11-21 00:00:00,20.1,124.8,65.0,1,FUNG-WONG_2019_11
2019323N19302,2019,North Atlantic,SEBASTIEN,2019-11-23 00:00:00,26.7,-52.6,60.0,0,SEBASTIEN_2019_11
2019326S08163,2020,South Pacific,RITA,2019-11-25 00:00:00,-11.8,169.8,70.0,1,RITA_2019_11
2019329N09160,2019,Western Pacific,KAMMURI,2019-12-02 12:00:00,12.9,124.7,120.0,4,KAMMURI_2019_12
2019335N05058,2019,North Indian,PAWAN,2019-12-06 12:00:00,7.9,52.2,45.0,0,PAWAN_2019_12
2019336S06055,2020,South Indian,BELNA,2019-12-07 12:00:00,-10.3,47.4,105.0,3,BELNA_2019_12
2019337N11072,2019,North Indian,UNNAMED,2019-12-03 21:00:00,13.8,70.0,55.0,0,UNNAMED_2019_12
2019337S04065,2020,South Indian,AMBALI,2019-12-06 00:00:00,-10.4,62.2,140.0,5,AMBALI_2019_12
2019352S14070,2020,South Indian,CALVINIA,2019-12-31 12:00:00,-22.7,58.6,75.0,1,CALVINIA_2019_12
2019354N05151,2019,Western Pacific,PHANFONE,2019-12-25 00:00:00,11.8,122.4,105.0,3,PHANFONE_2019_12
2019359S08175,2020,South Pacific,SARAI,2019-12-28 12:00:00,-20.0,178.2,75.0,1,SARAI_2019_12
2020005S08133,2020,South Indian,CLAUDIA,2020-01-13 18:00:00,-17.6,112.4,85.0,2,CLAUDIA_2020_01
2020005S13121,2020,South Indian,BLAKE,2020-01-06 06:00:00,-17.1,122.3,55.0,0,BLAKE_2020_01
2020015S12170,2020,South Pacific,TINO,2020-01-18 00:00:00,-19.1,183.9,85.0,2,TINO_2020_01
2020019S11063,2020,South Indian,UNNAMED,2020-01-22 21:00:00,-21.5,70.5,45.0,0,UNNAMED_2020_01
2020022S17043,2020,South Indian,DIANE,2020-01-25 18:00:00,-21.9,64.2,55.0,0,DIANE_2020_01
2020023S19056,2020,South Indian,ESAMI,2020-01-25 00:00:00,-23.7,71.6,45.0,0,ESAMI_2020_01
2020024S14190,2020,South Pacific,UNNAMED,2020-01-25 12:00:00,-20.6,-167.8,35.0,0,UNNAMED_2020_01
2020034S13063,2020,South Indian,FRANCISCO,2020-02-05 06:00:00,-16.9,68.4,45.0,0,FRANCISCO_2020_02
2020034S17129,2020,South Indian,DAMIEN,2020-02-08 06:00:00,-20.4,116.6,95.0,2,DAMIEN_2020_02
2020037S13163,2020,South Pacific,UESI,2020-02-11 18:00:00,-21.6,162.7,80.0,1,UESI_2020_02
2020045S15075,2020,South Indian,GABEKILE,2020-02-16 00:00:00,-18.4,74.6,90.0,2,GABEKILE_2020_02
2020051S13186,2020,South Pacific,VICKY,2020-02-21 00:00:00,-15.1,-170.4,45.0,0,VICKY_2020_02
2020052S11181,2020,South Pacific,WASI,2020-02-21 18:00:00,-13.2,-174.0,60.0,0,WASI_2020_02
2020052S13140,2020,South Pacific,ESTHER,2020-02-24 06:00:00,-16.7,137.7,50.0,0,ESTHER_2020_02
2020053S12119,2020,South Indian,FERDINAND,2020-02-25 12:00:00,-15.8,116.5,100.0,3,FERDINAND_2020_02
2020069S11113,2020,South Indian,UNNAMED,2020-03-12 18:00:00,-22.0,114.6,45.0,0,UNNAMED_2020_03
2020072S14054,2020,South Indian,HEROLD,2020-03-17 03:00:00,-18.5,59.4,100.0,3,HEROLD_2020_03
2020073S14149,2020,South Pacific,GRETEL,2020-03-15 06:00:00,-21.6,163.5,65.0,1,GRETEL_2020_03
2020092S09155,2020,South Pacific,HAROLD,2020-04-06 06:00:00,-15.8,167.8,145.0,5,HAROLD_2020_04
2020092S12069,2020,South Indian,IRONDRO,2020-04-04 06:00:00,-21.5,78.1,105.0,3,IRONDRO_2020_04
2020104S12091,2020,South Indian,JERUTO,2020-04-14 18:00:00,-14.7,86.3,40.0,0,JERUTO_2020_04
2020116N14245,2020,Eastern Pacific,UNNAMED,2020-04-25 06:00:00,13.5,-115.5,30.0,-1,UNNAMED_2020_04
2020129N07134,2020,Western Pacific,VONGFONG,2020-05-13 18:00:00,12.2,127.0,100.0,3,VONGFONG_2020_05
2020136N10088,2020,North Indian,AMPHAN,2020-05-18 12:00:00,14.1,86.4,145.0,5,AMPHAN_2020_05
2020138N28281,2020,North Atlantic,ARTHUR,2020-05-19 12:00:00,37.0,-69.5,55.0,-4,ARTHUR_2020_05
2020139S04095,2020,South Indian,MANGGA,2020-05-21 00:00:00,-7.7,92.6,40.0,0,MANGGA_2020_05
2020148N32281,2020,North Atlantic,BERTHA,2020-05-27 12:00:00,32.6,-79.5,45.0,0,BERTHA_2020_05
2020152N12269,2020,Eastern Pacific,AMANDA,2020-05-31 06:00:00,13.3,-90.4,35.0,0,AMANDA_2020_05
2020153N13072,2020,North Indian,NISARGA,2020-06-03 06:00:00,18.1,72.9,85.0,2,NISARGA_2020_06
2020154N19269,2020,North Atlantic,CRISTOBAL,2020-06-03 06:00:00,18.9,-92.3,50.0,0,CRISTOBAL_2020_06
2020160N10133,2020,Western Pacific,NURI,2020-06-13 06:00:00,19.4,115.1,35.0,0,NURI_2020_06
2020174N39293,2020,North Atlantic,DOLLY,2020-06-23 12:00:00,39.4,-62.7,40.0,0,DOLLY_2020_06
2020176N10228,2020,Eastern Pacific,BORIS,2020-06-25 18:00:00,11.0,-136.8,35.0,0,BORIS_2020_06
2020182N20248,2020,Eastern Pacific,UNNAMED,2020-06-29 18:00:00,19.9,-112.1,25.0,-1,UNNAMED_2020_06
2020186N30289,2020,North Atlantic,EDOUARD,2020-07-06 12:00:00,39.9,-51.7,40.0,0,EDOUARD_2020_07
2020188N28271,2020,North Atlantic,FAY,2020-07-10 12:00:00,37.7,-74.7,50.0,0,FAY_2020_07
2020189N10261,2020,Eastern Pacific,CRISTINA,2020-07-10 18:00:00,19.4,-114.8,60.0,0,CRISTINA_2020_07
2020196N17250,2020,Eastern Pacific,UNNAMED,2020-07-13 12:00:00,16.6,-110.4,30.0,-1,UNNAMED_2020_07
2020202N15234,2020,Eastern Pacific,UNNAMED,2020-07-20 12:00:00,18.3,-129.7,35.0,0,UNNAMED_2020_07
2020202N15241,2020,Eastern Pacific,DOUGLAS,2020-07-24 00:00:00,14.6,-138.0,115.0,4,DOUGLAS_2020_07
2020203N09323,2020,North Atlantic,GONZALO,2020-07-23 06:00:00,9.7,-46.6,55.0,0,GONZALO_2020_07
2020205N26272,2020,North Atlantic,HANNA,2020-07-25 18:00:00,26.9,-96.8,80.0,1,HANNA_2020_07
2020211N13306,2020,North Atlantic,ISAIAS,2020-08-04 00:00:00,32.8,-79.1,80.0,1,ISAIAS_2020_08
2020211N14124,2020,Western Pacific,SINLAKU,2020-08-02 00:00:00,19.3,106.4,45.0,0,SINLAKU_2020_08
2020212N13340,2020,North Atlantic,UNNAMED,2020-07-30 12:00:00,13.0,-20.4,30.0,-3,UNNAMED_2020_07
2020213N15131,2020,Western Pacific,HAGUPIT,2020-08-03 12:00:00,26.8,121.7,75.0,1,HAGUPIT_2020_08
2020220N14128,2020,Western Pacific,JANGMI,2020-08-09 12:00:00,27.5,126.2,40.0,0,JANGMI_2020_08
2020221N13262,2020,Eastern Pacific,ELIDA,2020-08-11 12:00:00,21.1,-113.5,90.0,2,ELIDA_2020_08
2020222N15117,2020,Western Pacific,MEKKHALA,2020-08-10 21:00:00,23.5,118.0,70.0,1,MEKKHALA_2020_08
2020222N26149,2020,Western Pacific,UNNAMED,2020-08-09 12:00:00,26.1,147.8,45.0,0,UNNAMED_2020_08
2020224N11326,2020,North Atlantic,JOSEPHINE,2020-08-13 12:00:00,13.4,-48.6,40.0,0,JOSEPHINE_2020_08
2020226N13233,2020,Eastern Pacific,UNNAMED,2020-08-13 06:00:00,13.5,-128.8,30.0,-1,UNNAMED_2020_08
2020228N37286,2020,North Atlantic,KYLE,2020-08-15 06:00:00,38.4,-69.1,45.0,0,KYLE_2020_08
2020229N18123,2020,Western Pacific,HIGOS,2020-08-18 18:00:00,21.6,113.8,60.0,0,HIGOS_2020_08
2020229N18242,2020,Eastern Pacific,FAUSTO,2020-08-16 12:00:00,20.4,-119.3,35.0,0,FAUSTO_2020_08
2020230N11264,2020,Eastern Pacific,GENEVIEVE,2020-08-18 12:00:00,17.7,-107.6,115.0,4,GENEVIEVE_2020_08
2020233N14313,2020,North Atlantic,LAURA,2020-08-27 00:00:00,28.5,-93.0,130.0,4,LAURA_2020_08
2020234N14280,2020,North Atlantic,MARCO,2020-08-23 12:00:00,24.3,-87.2,65.0,1,MARCO_2020_08
2020234N19123,2020,Western Pacific,BAVI,2020-08-25 18:00:00,31.4,124.7,100.0,3,BAVI_2020_08
2020238N16252,2020,Eastern Pacific,HERNAN,2020-08-27 06:00:00,18.4,-105.8,40.0,0,HERNAN_2020_08
2020239N13134,2020,Western Pacific,MAYSAK,2020-09-01 00:00:00,26.9,126.0,120.0,4,MAYSAK_2020_09
2020239N15243,2020,Eastern Pacific,ISELLE,2020-08-28 06:00:00,17.7,-115.6,50.0,0,ISELLE_2020_08
2020244N25146,2020,Western Pacific,HAISHEN,2020-09-04 06:00:00,22.2,134.3,135.0,4,HAISHEN_2020_09
2020244N30279,2020,North Atlantic,OMAR,2020-09-01 12:00:00,34.6,-73.7,35.0,0,OMAR_2020_09
2020245N16285,2020,North Atlantic,NANA,2020-09-03 03:00:00,16.9,-87.5,65.0,1,NANA_2020_09
2020249N14265,2020,Eastern Pacific,JULIO,2020-09-06 00:00:00,16.8,-103.9,40.0,0,JULIO_2020_09
2020251N15342,2020,North Atlantic,RENE,2020-09-10 12:00:00,18.4,-35.3,40.0,0,RENE_2020_09
2020251N17319,2020,North Atlantic,PAULETTE,2020-09-14 18:00:00,33.9,-64.4,90.0,2,PAULETTE_2020_09
2020254N26143,2020,Western Pacific,UNNAMED,2020-09-11 18:00:00,30.9,138.2,25.0,-1,UNNAMED_2020_09
2020256N11329,2020,North Atlantic,TEDDY,2020-09-18 00:00:00,20.4,-54.4,120.0,4,TEDDY_2020_09
2020256N25281,2020,North Atlantic,SALLY,2020-09-16 06:00:00,29.9,-87.9,95.0,2,SALLY_2020_09
2020257N16248,2020,Eastern Pacific,KARINA,2020-09-15 00:00:00,18.7,-119.3,50.0,0,KARINA_2020_09
2020258N11127,2020,Western Pacific,NOUL,2020-09-17 18:00:00,16.1,110.3,50.0,0,NOUL_2020_09
2020258N18332,2020,North Atlantic,VICKY,2020-09-14 18:00:00,19.0,-29.1,45.0,0,VICKY_2020_09
2020259N47338,2020,North Atlantic,ALPHA,2020-09-15 00:00:00,47.0,-22.4,60.0,-4,ALPHA_2020_09
2020261N10335,2020,North Atlantic,WILFRED,2020-09-17 18:00:00,10.8,-28.1,35.0,0,WILFRED_2020_09
2020261N21265,2020,North Atlantic,BETA,2020-09-20 18:00:00,27.5,-93.6,55.0,0,BETA_2020_09
2020263N21136,2020,Western Pacific,DOLPHIN,2020-09-22 06:00:00,28.1,135.6,55.0,0,DOLPHIN_2020_09
2020265N16252,2020,Eastern Pacific,LOWELL,2020-09-23 06:00:00,19.6,-119.3,45.0,0,LOWELL_2020_09
2020270N17159,2020,Western Pacific,KUJIRA,2020-09-29 06:00:00,34.7,155.1,65.0,1,KUJIRA_2020_09
2020272N12257,2020,Eastern Pacific,MARIE,2020-10-02 06:00:00,15.9,-122.6,120.0,4,MARIE_2020_10
2020276N17277,2020,North Atlantic,GAMMA,2020-10-03 16:45:00,20.2,-87.4,65.0,1,GAMMA_2020_10
2020277N21141,2020,Western Pacific,CHAN-HOM,2020-10-07 18:00:00,27.2,133.0,80.0,1,CHAN-HOM_2020_10
2020279N11256,2020,Eastern Pacific,NORBERT,2020-10-06 12:00:00,13.9,-106.4,50.0,0,NORBERT_2020_10
2020279N16284,2020,North Atlantic,DELTA,2020-10-06 18:00:00,18.5,-83.3,120.0,4,DELTA_2020_10
2020281N14126,2020,Western Pacific,LINFA,2020-10-10 18:00:00,14.7,110.6,40.0,0,LINFA_2020_10
2020285N17120,2020,Western Pacific,NANGKA,2020-10-13 12:00:00,19.1,110.5,50.0,0,NANGKA_2020_10
2020291N06141,2020,Western Pacific,SAUDEL,2020-10-23 00:00:00,17.7,115.3,75.0,1,SAUDEL_2020_10
2020291N32305,2020,North Atlantic,EPSILON,2020-10-21 18:00:00,29.3,-59.6,100.0,3,EPSILON_2020_10
2020293N23139,2020,Western Pacific,UNNAMED,2020-10-20 12:00:00,25.1,139.4,30.0,-1,UNNAMED_2020_10
2020296N09137,2020,Western Pacific,MOLAVE,2020-10-27 06:00:00,13.5,113.2,105.0,3,MOLAVE_2020_10
2020299N11144,2020,Western Pacific,GONI,2020-10-31 18:00:00,13.7,125.0,170.0,5,GONI_2020_10
2020299N18277,2020,North Atlantic,ZETA,2020-10-28 21:00:00,29.2,-90.6,100.0,3,ZETA_2020_10
2020303N05149,2020,Western Pacific,ATSANI,2020-11-04 12:00:00,20.2,128.7,50.0,0,ATSANI_2020_11
2020306N15288,2020,North Atlantic,ETA,2020-11-03 00:00:00,14.3,-82.5,130.0,4,ETA_2020_11
2020309N14245,2020,Eastern Pacific,ODALYS,2020-11-05 00:00:00,17.7,-121.2,45.0,0,ODALYS_2020_11
2020312N10131,2020,Western Pacific,ETAU,2020-11-09 06:00:00,12.7,112.1,45.0,0,ETAU_2020_11
2020313N08135,2020,Western Pacific,VAMCO,2020-11-13 18:00:00,15.6,112.4,115.0,4,VAMCO_2020_11
2020314N28313,2020,North Atlantic,THETA,2020-11-10 12:00:00,28.9,-38.0,60.0,-2,THETA_2020_11
2020317S04092,2021,South Indian,ALICIA,2020-11-16 00:00:00,-15.3,72.8,75.0,1,ALICIA_2020_11
2020318N16289,2020,North Atlantic,IOTA,2020-11-16 12:00:00,13.5,-81.5,135.0,4,IOTA_2020_11
2020323N15248,2020,Eastern Pacific,POLO,2020-11-18 12:00:00,16.0,-115.6,40.0,0,POLO_2020_11
2020326N11063,2020,North Indian,GATI,2020-11-22 06:00:00,10.4,52.6,100.0,3,GATI_2020_11
2020327N08086,2020,North Indian,NIVAR,2020-11-25 12:00:00,11.5,80.9,70.0,1,NIVAR_2020_11
2020332S11091,2021,South Indian,BONGOYO,2020-12-08 12:00:00,-17.7,77.4,60.0,0,BONGOYO_2020_12
2020335N06090,2020,North Indian,BUREVI,2020-12-02 00:00:00,8.5,83.3,45.0,0,BUREVI_2020_12
2020339S09106,2021,South Indian,UNNAMED,2020-12-08 18:00:00,-10.9,108.6,45.0,0,UNNAMED_2020_12
2020345S13183,2021,South Pacific,UNNAMED,2020-12-12 00:00:00,-14.9,176.2,40.0,0,UNNAMED_2020_12
2020346S13168,2021,South Pacific,YASA,2020-12-16 00:00:00,-14.7,174.3,140.0,5,YASA_2020_12
2020347S14190,2021,South Pacific,ZAZU,2020-12-15 18:00:00,-20.3,-170.9,55.0,0,ZAZU_2020_12
2020353N06129,2020,Western Pacific,KROVANH,2020-12-24 12:00:00,8.2,101.6,30.0,-1,KROVANH_2020_12
2020355S11065,2021,South Indian,CHALANE,2020-12-30 00:00:00,-19.3,35.9,70.0,1,CHALANE_2020_12
2020366S12073,2021,South Indian,DANILO,2021-01-03 18:00:00,-13.0,75.4,60.0,0,DANILO_2021_01
2021001S14136,2021,South Pacific,IMOGEN,2021-01-03 12:00:00,-17.4,140.8,45.0,0,IMOGEN_2021_01
2021012S12086,2021,South Indian,ELOISE,2021-01-23 00:00:00,-20.1,35.0,90.0,2,ELOISE_2021_01
2021013S12099,2021,South Indian,JOSHUA,2021-01-18 00:00:00,-19.3,87.9,50.0,0,JOSHUA_2021_01
2021015S14147,2021,South Pacific,KIMI,2021-01-17 12:00:00,-15.8,146.5,55.0,0,KIMI_2021_01
2021018S11133,2021,South Indian,UNNAMED,2021-01-22 00:00:00,-19.0,120.2,45.0,0,UNNAMED_2021_01
2021020S13107,2021,South Indian,UNNAMED,2021-01-21 06:00:00,-12.6,97.4,40.0,0,UNNAMED_2021_01
2021025S14138,2021,South Pacific,LUCAS,2021-02-01 12:00:00,-15.6,162.6,65.0,1,LUCAS_2021_02
2021028S15128,2021,South Indian,UNNAMED,2021-02-04 06:00:00,-24.4,113.7,35.0,0,UNNAMED_2021_02
2021029S14162,2021,South Pacific,BINA,2021-01-31 06:00:00,-12.6,174.0,50.0,0,BINA_2021_01
2021029S16171,2021,South Pacific,ANA,2021-01-31 00:00:00,-18.1,178.4,65.0,1,ANA_2021_01
2021035S11080,2021,South Indian,FARAJI,2021-02-08 18:00:00,-14.3,82.6,140.0,5,FARAJI_2021_02
2021038S14178,2021,South Pacific,UNNAMED,2021-02-10 00:00:00,-25.2,182.3,45.0,0,UNNAMED_2021_02
2021042S23040,2021,South Indian,GUAMBE,2021-02-19 12:00:00,-24.8,36.5,90.0,2,GUAMBE_2021_02
2021046N06142,2021,Western Pacific,DUJUAN,2021-02-19 00:00:00,7.0,131.2,45.0,0,DUJUAN_2021_02
2021053S13128,2021,South Indian,MARIAN,2021-02-28 12:00:00,-17.5,91.4,100.0,3,MARIAN_2021_02
2021058S14149,2021,South Pacific,NIRAN,2021-03-05 12:00:00,-18.8,159.2,140.0,5,NIRAN_2021_03
2021062S14064,2021,South Indian,HABANA,2021-03-10 12:00:00,-17.5,76.1,135.0,4,HABANA_2021_03
2021062S18040,2021,South Indian,IMAN,2021-03-08 00:00:00,-25.5,59.8,50.0,0,IMAN_2021_03
2021093S10103,2021,South Indian,ODETTE,2021-04-09 00:00:00,-14.4,107.9,55.0,0,ODETTE_2021_04
2021093S11122,2021,South Indian,SEROJA,2021-04-11 06:00:00,-26.2,112.0,75.0,1,SEROJA_2021_04
2021099S15159,2021,South Pacific,UNNAMED,2021-04-11 00:00:00,-24.6,167.9,40.0,0,UNNAMED_2021_04
2021102N06144,2021,Western Pacific,SURIGAE,2021-04-17 12:00:00,12.0,129.2,170.0,5,SURIGAE_2021_04
2021108S11067,2021,South Indian,JOBO,2021-04-21 06:00:00,-9.7,48.2,55.0,0,JOBO_2021_04
2021129N13254,2021,Eastern Pacific,ANDRES,2021-05-09 12:00:00,13.7,-107.9,35.0,0,ANDRES_2021_05
2021132N06132,2021,Western Pacific,UNNAMED,2021-05-13 00:00:00,7.2,129.1,35.0,0,UNNAMED_2021_05
2021133N10071,2021,North Indian,TAUKTAE,2021-05-17 00:00:00,18.4,71.7,120.0,4,TAUKTAE_2021_05
2021140N30305,2021,North Atlantic,ANA,2021-05-21 00:00:00,34.8,-55.0,50.0,-4,ANA_2021_05
2021143N15090,2021,North Indian,YAAS,2021-05-25 12:00:00,19.5,88.2,65.0,1,YAAS_2021_05
2021148N05142,2021,Western Pacific,CHOI-WAN,2021-05-31 00:00:00,8.1,130.8,45.0,0,CHOI-WAN_2021_05
2021151N11257,2021,Eastern Pacific,BLANCA,2021-06-01 06:00:00,13.9,-109.5,50.0,0,BLANCA_2021_06
2021161N18115,2021,Western Pacific,KOGUMA,2021-06-12 12:00:00,19.7,107.4,35.0,0,KOGUMA_2021_06
2021163N11240,2021,Eastern Pacific,CARLOS,2021-06-13 06:00:00,11.9,-125.0,45.0,0,CARLOS_2021_06
2021165N32282,2021,North Atlantic,BILL,2021-06-15 12:00:00,39.4,-64.0,55.0,0,BILL_2021_06
2021169N14260,2021,Eastern Pacific,DOLORES,2021-06-19 12:00:00,17.9,-103.5,60.0,0,DOLORES_2021_06
2021169N23268,2021,North Atlantic,CLAUDETTE,2021-06-18 18:00:00,27.2,-91.1,40.0,-3,CLAUDETTE_2021_06
2021171N09152,2021,Western Pacific,CHAMPI,2021-06-25 06:00:00,22.0,139.1,65.0,1,CHAMPI_2021_06
2021176N15259,2021,Eastern Pacific,ENRIQUE,2021-06-27 06:00:00,17.5,-105.9,80.0,1,ENRIQUE_2021_06
2021179N30287,2021,North Atlantic,DANNY,2021-06-28 18:00:00,32.0,-79.5,40.0,0,DANNY_2021_06
2021182N09317,2021,North Atlantic,ELSA,2021-07-02 18:00:00,13.8,-62.4,75.0,1,ELSA_2021_07
2021185N13121,2021,Western Pacific,UNNAMED,2021-07-07 18:00:00,19.7,106.8,30.0,-1,UNNAMED_2021_07
2021186N16129,2021,Western Pacific,UNNAMED,2021-07-05 06:00:00,19.4,123.5,30.0,-1,UNNAMED_2021_07
2021195N13249,2021,Eastern Pacific,FELICIA,2021-07-17 12:00:00,14.5,-124.2,125.0,4,FELICIA_2021_07
2021197N17135,2021,Western Pacific,IN-FA,2021-07-21 00:00:00,24.1,127.9,95.0,2,IN-FA_2021_07
2021198N15254,2021,Eastern Pacific,GUILLERMO,2021-07-18 18:00:00,18.3,-113.4,50.0,0,GUILLERMO_2021_07
2021198N19117,2021,Western Pacific,CEMPAKA,2021-07-20 06:00:00,21.5,112.3,80.0,1,CEMPAKA_2021_07
2021204N21146,2021,Western Pacific,NEPARTAK,2021-07-27 00:00:00,34.9,142.6,40.0,-2,NEPARTAK_2021_07
2021208N13245,2021,Eastern Pacific,JIMENA,2021-08-05 12:00:00,15.7,-136.8,35.0,0,JIMENA_2021_08
2021212N12248,2021,Eastern Pacific,HILDA,2021-08-01 00:00:00,14.2,-118.3,75.0,1,HILDA_2021_08
2021213N14253,2021,Eastern Pacific,IGNACIO,2021-08-02 12:00:00,18.2,-113.6,35.0,0,IGNACIO_2021_08
2021214N20155,2021,Western Pacific,UNNAMED,2021-08-02 18:00:00,25.3,153.2,35.0,0,UNNAMED_2021_08
2021214N21110,2021,Western Pacific,LUPIT,2021-08-04 18:00:00,22.4,116.8,45.0,0,LUPIT_2021_08
2021215N24124,2021,Western Pacific,MIRINAE,2021-08-08 06:00:00,35.1,142.1,55.0,0,MIRINAE_2021_08
2021216N22144,2021,Western Pacific,NIDA,2021-08-06 12:00:00,36.9,153.0,55.0,0,NIDA_2021_08
2021219N08193,2021,Western Pacific,OMAIS,2021-08-21 12:00:00,22.8,127.1,55.0,0,OMAIS_2021_08
2021219N15258,2021,Eastern Pacific,KEVIN,2021-08-08 12:00:00,15.7,-108.6,55.0,0,KEVIN_2021_08
2021222N12262,2021,Eastern Pacific,LINDA,2021-08-14 12:00:00,18.6,-115.5,115.0,4,LINDA_2021_08
2021222N14301,2021,North Atlantic,FRED,2021-08-16 18:00:00,29.5,-85.4,55.0,0,FRED_2021_08
2021225N15313,2021,North Atlantic,GRACE,2021-08-21 00:00:00,20.7,-95.8,105.0,3,GRACE_2021_08
2021227N36297,2021,North Atlantic,HENRI,2021-08-21 12:00:00,33.6,-72.7,65.0,1,HENRI_2021_08
2021235N20251,2021,Eastern Pacific,MARTY,2021-08-23 12:00:00,20.5,-111.8,40.0,0,MARTY_2021_08
2021236N12265,2021,Eastern Pacific,NORA,2021-08-28 18:00:00,19.1,-105.3,75.0,1,NORA_2021_08
2021239N17281,2021,North Atlantic,IDA,2021-08-29 12:00:00,28.5,-89.6,130.0,4,IDA_2021_08
2021240N13313,2021,North Atlantic,KATE,2021-08-30 12:00:00,21.3,-50.8,40.0,0,KATE_2021_08
2021241N32308,2021,North Atlantic,JULIAN,2021-08-29 18:00:00,35.9,-45.7,50.0,0,JULIAN_2021_08
2021244N12339,2021,North Atlantic,LARRY,2021-09-04 06:00:00,15.8,-44.0,110.0,3,LARRY_2021_09
2021244N24164,2021,Western Pacific,UNNAMED,2021-09-02 12:00:00,27.8,158.4,35.0,0,UNNAMED_2021_09
2021248N11131,2021,Western Pacific,CONSON,2021-09-07 21:00:00,13.5,121.7,65.0,1,CONSON_2021_09
2021248N12141,2021,Western Pacific,CHANTHU,2021-09-10 18:00:00,19.5,122.3,155.0,5,CHANTHU_2021_09
2021250N17254,2021,Eastern Pacific,OLAF,2021-09-10 02:50:00,23.0,-109.7,90.0,2,OLAF_2021_09
2021252N28273,2021,North Atlantic,MINDY,2021-09-09 01:15:00,29.7,-85.1,50.0,0,MINDY_2021_09
2021256N21265,2021,North Atlantic,NICHOLAS,2021-09-14 00:00:00,28.0,-96.2,65.0,1,NICHOLAS_2021_09
2021259N30286,2021,North Atlantic,ODETTE,2021-09-20 00:00:00,44.1,-54.1,55.0,-4,ODETTE_2021_09
2021262N10333,2021,North Atlantic,ROSE,2021-09-21 00:00:00,18.8,-35.3,50.0,0,ROSE_2021_09
2021262N16307,2021,North Atlantic,PETER,2021-09-19 18:00:00,17.9,-57.0,45.0,0,PETER_2021_09
2021264N13119,2021,Western Pacific,DIANMU,2021-09-23 12:00:00,15.3,109.3,35.0,0,DIANMU_2021_09
2021265N11150,2021,Western Pacific,MINDULLE,2021-09-26 00:00:00,18.6,136.8,140.0,5,MINDULLE_2021_09
2021266N10327,2021,North Atlantic,SAM,2021-09-26 18:00:00,14.1,-50.3,135.0,4,SAM_2021_09
2021267N18094,2021,North Indian,GULAB:SHAHEEN-GU,2021-10-02 18:00:00,24.3,60.1,70.0,1,GULAB:SHAHEEN-GU_2021_10
2021267N31298,2021,North Atlantic,TERESA,2021-09-24 18:00:00,33.6,-64.1,40.0,-2,TERESA_2021_09
2021272N07338,2021,North Atlantic,VICTOR,2021-10-01 12:00:00,11.4,-33.0,55.0,0,VICTOR_2021_10
2021276N07131,2021,Western Pacific,LIONROCK,2021-10-08 12:00:00,19.0,110.6,45.0,0,LIONROCK_2021_10
2021280N14137,2021,Western Pacific,KOMPASU,2021-10-12 06:00:00,18.8,117.4,60.0,0,KOMPASU_2021_10
2021282N16165,2021,Western Pacific,NAMTHEUN,2021-10-15 18:00:00,28.1,163.0,55.0,0,NAMTHEUN_2021_10
2021283N14258,2021,Eastern Pacific,PAMELA,2021-10-12 06:00:00,18.6,-109.1,65.0,1,PAMELA_2021_10
2021295N09145,2021,Western Pacific,MALOU,2021-10-28 06:00:00,24.8,141.5,85.0,2,MALOU_2021_10
2021296N06127,2021,Western Pacific,UNNAMED,2021-10-26 22:00:00,12.2,109.3,35.0,0,UNNAMED_2021_10
2021296N13260,2021,Eastern Pacific,RICK,2021-10-25 06:00:00,17.2,-101.8,90.0,2,RICK_2021_10
2021299N33284,2021,North Atlantic,WANDA,2021-10-27 00:00:00,40.8,-67.6,60.0,-4,WANDA_2021_10
2021307N09275,2021,Eastern Pacific,TERRY,2021-11-07 12:00:00,8.2,-100.9,35.0,0,TERRY_2021_11
2021311N13248,2021,Eastern Pacific,SANDRA,2021-11-07 12:00:00,13.5,-113.5,35.0,0,SANDRA_2021_11
2021312N07090,2021,North Indian,UNNAMED,2021-11-11 06:00:00,12.8,80.8,40.0,0,UNNAMED_2021_11
2021323S10103,2022,South Indian,PADDY,2021-11-22 00:00:00,-12.9,108.0,45.0,0,PADDY_2021_11
2021333N11146,2021,Western Pacific,NYATOH,2021-12-02 21:00:00,20.2,138.0,130.0,4,NYATOH_2021_12
2021334S07101,2022,South Indian,TERATAI,2021-12-01 00:00:00,-8.9,102.6,45.0,0,TERATAI_2021_12
2021335N08096,2021,North Indian,JAWAD,2021-12-03 00:00:00,13.6,86.2,35.0,0,JAWAD_2021_12
2021343S09155,2022,South Pacific,RUBY,2021-12-13 00:00:00,-17.3,159.8,70.0,1,RUBY_2021_12
2021346N05145,2021,Western Pacific,RAI,2021-12-16 00:00:00,9.7,127.6,150.0,5,RAI_2021_12
2021349N05108,2021,Western Pacific,UNNAMED,2021-12-16 12:00:00,4.3,104.5,30.0,-1,UNNAMED_2021_12
2021358S09130,2022,South Pacific,SETH,2021-12-31 06:00:00,-20.0,154.2,50.0,0,SETH_2021_12
2022008S13148,2022,South Pacific,TIFFANY,2022-01-09 18:00:00,-14.1,144.9,60.0,0,TIFFANY_2022_01
2022008S17173,2022,South Pacific,CODY,2022-01-12 00:00:00,-22.8,173.9,60.0,0,CODY_2022_01
2022020S13060,2022,South Indian,ANA,2022-01-24 06:00:00,-16.3,40.4,50.0,0,ANA_2022_01
2022024S09090,2022,South Indian,BATSIRAI,2022-02-02 12:00:00,-18.8,56.7,125.0,4,BATSIRAI_2022_02
2022030S14147,2022,South Pacific,UNNAMED,2022-01-31 06:00:00,-14.4,150.9,45.0,0,UNNAMED_2022_01
2022034S16082,2022,South Indian,CLIFF,2022-02-04 18:00:00,-18.6,83.6,45.0,0,CLIFF_2022_02
2022037S10103,2022,South Indian,EMNATI,2022-02-20 12:00:00,-17.5,55.3,115.0,4,EMNATI_2022_02
2022038S19164,2022,South Pacific,DOVI,2022-02-11 00:00:00,-25.1,166.0,90.0,2,DOVI_2022_02
2022042S12063,2022,South Indian,DUMAKO,2022-02-14 00:00:00,-16.2,56.9,50.0,0,DUMAKO_2022_02
2022054S13100,2022,South Indian,VERNON,2022-02-26 03:00:00,-14.8,90.2,120.0,4,VERNON_2022_02
2022054S14085,2022,South Indian,UNNAMED,2022-02-26 06:00:00,-11.1,90.6,45.0,0,UNNAMED_2022_02
2022055S13129,2022,South Indian,ANIKA,2022-02-26 06:00:00,-13.3,127.4,55.0,0,ANIKA_2022_02
2022058S17163,2022,South Pacific,EVA,2022-03-03 00:00:00,-25.8,173.9,45.0,0,EVA_2022_03
2022059S10106,2022,South Indian,UNNAMED,2022-03-02 00:00:00,-10.8,111.0,35.0,0,UNNAMED_2022_03
2022062N06085,2022,North Indian,UNNAMED,2022-03-05 12:00:00,11.5,83.0,40.0,0,UNNAMED_2022_03
2022065S16055,2022,South Indian,GOMBE,2022-03-11 00:00:00,-15.4,40.6,100.0,3,GOMBE_2022_03
2022072S11107,2022,South Indian,BILLY,2022-03-14 12:00:00,-16.2,99.8,65.0,1,BILLY_2022_03
2022076S10126,2022,South Indian,CHARLOTTE,2022-03-22 00:00:00,-16.7,109.4,90.0,2,CHARLOTTE_2022_03
2022080S09087,2022,South Indian,HALIMA,2022-03-25 12:00:00,-14.2,73.4,125.0,4,HALIMA_2022_03
2022088N09116,2022,Western Pacific,UNNAMED,2022-03-30 18:00:00,12.5,109.7,35.0,0,UNNAMED_2022_03
2022094S15163,2022,South Pacific,FILI,2022-04-06 00:00:00,-19.3,162.2,60.0,0,FILI_2022_04
2022096N03150,2022,Western Pacific,MALAKAS,2022-04-13 18:00:00,19.7,137.5,105.0,3,MALAKAS_2022_04
2022099N11128,2022,Western Pacific,MEGI,2022-04-10 00:00:00,10.8,125.9,40.0,0,MEGI_2022_04
2022110S12051,2022,South Indian,JASMINE,2022-04-25 12:00:00,-21.2,40.8,65.0,1,JASMINE_2022_04
2022126N07095,2022,North Indian,ASANI,2022-05-08 06:00:00,11.9,88.6,65.0,1,ASANI_2022_05
2022126S06088,2022,South Indian,KARIM,2022-05-08 18:00:00,-11.0,90.5,60.0,0,KARIM_2022_05
2022137S13171,2022,South Pacific,GINA,2022-05-18 12:00:00,-15.2,169.5,35.0,0,GINA_2022_05
2022148N13263,2022,Eastern Pacific,AGATHA,2022-05-29 18:00:00,14.0,-98.9,95.0,2,AGATHA_2022_05
2022154N21273,2022,North Atlantic,ALEX,2022-06-05 18:00:00,31.0,-72.5,60.0,0,ALEX_2022_06
2022165N14258,2022,Eastern Pacific,BLAS,2022-06-15 18:00:00,15.1,-102.5,75.0,1,BLAS_2022_06
2022167N11269,2022,Eastern Pacific,CELIA,2022-06-24 06:00:00,16.8,-107.7,50.0,0,CELIA_2022_06
2022179N08310,2022,Eastern Pacific,BONNIE,2022-07-05 12:00:00,15.1,-103.8,100.0,3,BONNIE_2022_07
2022180N15117,2022,Western Pacific,CHABA,2022-07-02 00:00:00,20.6,111.7,75.0,1,CHABA_2022_07
2022180N15130,2022,Western Pacific,AERE,2022-07-02 00:00:00,24.7,130.3,45.0,0,AERE_2022_07
2022183N32280,2022,North Atlantic,COLIN,2022-07-01 23:30:00,32.4,-80.5,35.0,0,COLIN_2022_07
2022191N14249,2022,Eastern Pacific,DARBY,2022-07-11 18:00:00,14.6,-124.3,120.0,4,DARBY_2022_07
2022197N12260,2022,Eastern Pacific,ESTELLE,2022-07-17 12:00:00,15.3,-106.4,75.0,1,ESTELLE_2022_07
2022207N11262,2022,Eastern Pacific,FRANK,2022-07-30 06:00:00,15.5,-115.0,80.0,1,FRANK_2022_07
2022208N15143,2022,Western Pacific,SONGDA,2022-07-30 06:00:00,31.9,125.0,30.0,-1,SONGDA_2022_07
2022208S08092,2023,South Indian,UNNAMED,2022-07-29 12:00:00,-12.3,94.6,45.0,0,UNNAMED_2022_07
2022209N16246,2022,Eastern Pacific,GEORGETTE,2022-07-29 06:00:00,15.4,-121.3,50.0,0,GEORGETTE_2022_07
2022211N20129,2022,Western Pacific,TRASES,2022-07-31 12:00:00,28.6,127.2,35.0,0,TRASES_2022_07
2022215N21118,2022,Western Pacific,UNNAMED,2022-08-03 12:00:00,21.6,117.0,25.0,-1,UNNAMED_2022_08
2022219N14255,2022,Eastern Pacific,HOWARD,2022-08-09 00:00:00,20.9,-114.8,75.0,1,HOWARD_2022_08
2022221N24149,2022,Western Pacific,MEARI,2022-08-11 12:00:00,28.8,135.6,35.0,0,MEARI_2022_08
2022224N22067,2022,North Indian,UNNAMED,2022-08-12 12:00:00,22.1,65.2,40.0,0,UNNAMED_2022_08
2022225N15253,2022,Eastern Pacific,IVETTE,2022-08-15 12:00:00,17.8,-113.5,35.0,0,IVETTE_2022_08
2022230N18095,2022,North Indian,UNNAMED,2022-08-19 06:00:00,21.2,88.9,45.0,0,UNNAMED_2022_08
2022232N18131,2022,Western Pacific,MA-ON,2022-08-23 03:00:00,17.5,122.2,65.0,1,MA-ON_2022_08
2022232N20266,2022,North Atlantic,UNNAMED,2022-08-19 18:00:00,20.2,-93.7,30.0,-3,UNNAMED_2022_08
2022233N22151,2022,Western Pacific,TOKAGE,2022-08-23 18:00:00,32.9,148.6,95.0,2,TOKAGE_2022_08
2022239N22150,2022,Western Pacific,HINNAMNOR,2022-08-31 21:00:00,23.1,126.0,145.0,5,HINNAMNOR_2022_08
2022242N20133,2022,Western Pacific,UNNAMED,2022-08-31 06:00:00,21.0,132.2,30.0,-1,UNNAMED_2022_08
2022244N15254,2022,Eastern Pacific,JAVIER,2022-09-03 00:00:00,22.5,-112.8,45.0,0,JAVIER_2022_09
2022244N38313,2022,North Atlantic,DANIELLE,2022-09-04 18:00:00,38.4,-45.2,75.0,1,DANIELLE_2022_09
2022246N18301,2022,North Atlantic,EARL,2022-09-10 00:00:00,37.1,-56.8,95.0,2,EARL_2022_09
2022247N26147,2022,Western Pacific,MUIFA,2022-09-11 06:00:00,22.9,124.4,110.0,3,MUIFA_2022_09
2022248N14259,2022,Eastern Pacific,KAY,2022-09-07 12:00:00,20.6,-112.3,85.0,2,KAY_2022_09
2022254N21158,2022,Western Pacific,MERBOK,2022-09-14 00:00:00,28.3,162.1,70.0,1,MERBOK_2022_09
2022254N24143,2022,Western Pacific,NANMADOL,2022-09-16 18:00:00,25.5,133.8,135.0,4,NANMADOL_2022_09
2022255N16256,2022,Eastern Pacific,MADELINE,2022-09-19 12:00:00,20.5,-108.7,55.0,0,MADELINE_2022_09
2022257N16312,2022,North Atlantic,FIONA,2022-09-21 06:00:00,23.5,-71.8,120.0,4,FIONA_2022_09
2022259N12265,2022,Eastern Pacific,LESTER,2022-09-16 06:00:00,13.1,-95.4,35.0,0,LESTER_2022_09
2022263N18137,2022,Western Pacific,TALAS,2022-09-23 00:00:00,30.8,134.8,35.0,0,TALAS_2022_09
2022263N29314,2022,North Atlantic,GASTON,2022-09-21 06:00:00,36.9,-43.1,55.0,0,GASTON_2022_09
2022264N17132,2022,Western Pacific,NORU,2022-09-24 18:00:00,15.2,124.7,145.0,5,NORU_2022_09
2022265N17256,2022,Eastern Pacific,NEWTON,2022-09-22 12:00:00,17.6,-108.2,55.0,0,NEWTON_2022_09
2022266N12294,2022,North Atlantic,IAN,2022-09-28 12:00:00,26.0,-82.7,140.0,5,IAN_2022_09
2022266N17341,2022,North Atlantic,HERMINE,2022-09-23 18:00:00,18.1,-20.3,35.0,0,HERMINE_2022_09
2022268N20147,2022,Western Pacific,KULAP,2022-09-29 00:00:00,38.7,156.0,75.0,1,KULAP_2022_09
2022268S09088,2023,South Indian,ASHLEY,2022-09-27 06:00:00,-13.2,80.9,50.0,0,ASHLEY_2022_09
2022270N14136,2022,Western Pacific,ROKE,2022-09-29 09:00:00,26.2,132.6,90.0,2,ROKE_2022_09
2022270N14324,2022,North Atlantic,UNNAMED,2022-09-28 00:00:00,14.5,-34.3,30.0,-1,UNNAMED_2022_09
2022272N14258,2022,Eastern Pacific,ORLENE,2022-10-02 12:00:00,19.3,-106.9,115.0,4,ORLENE_2022_10
2022276N15249,2022,Eastern Pacific,PAINE,2022-10-04 18:00:00,17.5,-113.2,40.0,0,PAINE_2022_10
2022276S05090,2023,South Indian,BALITA,2022-10-07 00:00:00,-9.6,85.4,40.0,0,BALITA_2022_10
2022278N14331,2022,North Atlantic,UNNAMED,2022-10-04 12:00:00,13.6,-29.5,30.0,-1,UNNAMED_2022_10
2022280N11294,2022,North Atlantic,JULIA,2022-10-09 06:00:00,12.4,-83.3,75.0,1,JULIA_2022_10
2022284N15152,2022,Western Pacific,HAITANG,2022-10-14 06:00:00,21.2,156.7,40.0,0,HAITANG_2022_10
2022285N12116,2022,Western Pacific,SONCA,2022-10-14 18:00:00,15.2,109.1,35.0,0,SONCA_2022_10
2022285N17140,2022,Western Pacific,NESAT,2022-10-17 12:00:00,19.1,115.5,90.0,2,NESAT_2022_10
2022285N19266,2022,North Atlantic,KARL,2022-10-12 18:00:00,22.0,-94.6,50.0,0,KARL_2022_10
2022287N26154,2022,Western Pacific,HAITANG,2022-10-15 18:00:00,26.7,153.1,35.0,-2,HAITANG_2022_10
2022292N21132,2022,Western Pacific,UNNAMED,2022-10-19 18:00:00,20.8,130.3,30.0,-1,UNNAMED_2022_10
2022293N15259,2022,Eastern Pacific,ROSLYN,2022-10-22 18:00:00,18.5,-106.6,115.0,4,ROSLYN_2022_10
2022295N13093,2022,North Indian,SITRANG,2022-10-24 06:00:00,19.4,89.6,45.0,0,SITRANG_2022_10
2022299N11134,2022,Western Pacific,NALGAE,2022-10-31 18:00:00,18.3,116.2,75.0,1,NALGAE_2022_10
2022301N07140,2022,Western Pacific,BANYAN,2022-10-31 00:00:00,7.4,134.0,40.0,0,BANYAN_2022_10
2022304N16287,2022,North Atlantic,LISA,2022-11-02 21:30:00,17.4,-88.3,80.0,1,LISA_2022_11
2022304N34296,2022,North Atlantic,MARTIN,2022-11-02 18:00:00,36.1,-48.9,75.0,1,MARTIN_2022_11
2022305S04091,2023,South Indian,UNNAMED,2022-11-03 12:00:00,-9.1,94.3,40.0,0,UNNAMED_2022_11
2022311N21293,2022,North Atlantic,NICOLE,2022-11-09 23:00:00,26.6,-78.2,65.0,1,NICOLE_2022_11
2022316N20167,2022,Western Pacific,YAMANEKO,2022-11-13 06:00:00,22.1,165.9,40.0,0,YAMANEKO_2022_11
2022338N05100,2022,North Indian,MANDOUS,2022-12-08 00:00:00,9.4,84.3,55.0,0,MANDOUS_2022_12
2022342N06133,2022,Western Pacific,PAKHAR,2022-12-11 18:00:00,19.1,128.2,50.0,0,PAKHAR_2022_12
2022346S10098,2023,South Indian,DARIAN,2022-12-21 06:00:00,-13.9,90.6,135.0,4,DARIAN_2022_12
2022347N12074,2022,North Indian,UNNAMED,2022-12-14 00:00:00,13.3,70.8,50.0,0,UNNAMED_2022_12
2022355S10128,2023,South Indian,ELLIE,2022-12-22 12:00:00,-13.3,129.7,45.0,0,ELLIE_2022_12
2023005S18142,2023,South Pacific,HALE,2023-01-07 06:00:00,-21.1,156.7,50.0,0,HALE_2023_01
2023013S08081,2023,South Indian,CHENESO,2023-01-25 18:00:00,-19.5,43.1,80.0,1,CHENESO_2023_01
2023015N36289,2023,North Atlantic,UNNAMED,2023-01-17 00:00:00,39.8,-61.6,60.0,-2,UNNAMED_2023_01
2023016S15160,2023,South Pacific,IRENE,2023-01-18 18:00:00,-19.2,167.8,55.0,0,IRENE_2023_01
2023020S18156,2023,South Pacific,UNNAMED,2023-01-20 12:00:00,-20.0,160.0,40.0,0,UNNAMED_2023_01
2023032S12091,2023,South Indian,DINGANI,2023-02-13 06:00:00,-19.1,73.6,85.0,2,DINGANI_2023_02
2023036S12117,2023,South Indian,FREDDY,2023-02-19 00:00:00,-16.6,67.0,140.0,5,FREDDY_2023_02
2023036S12163,2023,South Pacific,GABRIELLE,2023-02-10 06:00:00,-23.3,159.7,90.0,2,GABRIELLE_2023_02
2023050S09094,2023,South Indian,ENALA,2023-02-23 18:00:00,-19.7,71.0,75.0,1,ENALA_2023_02
2023055S14184,2023,South Pacific,JUDY,2023-03-01 06:00:00,-19.3,169.2,110.0,3,JUDY_2023_03
2023059S15149,2023,South Pacific,KEVIN,2023-03-04 00:00:00,-20.8,171.4,135.0,4,KEVIN_2023_03
2023087S10096,2023,South Indian,HERMAN,2023-03-31 12:00:00,-17.8,106.8,130.0,4,HERMAN_2023_03
2023096S07135,2023,South Indian,ILSA,2023-04-13 09:00:00,-19.1,118.8,140.0,5,ILSA_2023_04
2023108N03160,2023,Western Pacific,SANVU,2023-04-20 18:00:00,9.8,156.3,45.0,0,SANVU_2023_04
2023129N08091,2023,North Indian,MOCHA,2023-05-14 00:00:00,18.7,91.7,145.0,5,MOCHA_2023_05
2023132S03090,2023,South Indian,FABIEN,2023-05-16 18:00:00,-7.8,74.5,105.0,3,FABIEN_2023_05
2023138N05151,2023,Western Pacific,MAWAR,2023-05-26 00:00:00,15.1,139.2,165.0,5,MAWAR_2023_05
2023152N26274,2023,North Atlantic,ARLENE,2023-06-02 06:00:00,27.3,-86.4,35.0,0,ARLENE_2023_06
2023156N10067,2023,North Indian,BIPARJOY,2023-06-10 09:00:00,16.9,67.4,110.0,3,BIPARJOY_2023_06
2023156N12135,2023,Western Pacific,GUCHOL,2023-06-10 06:00:00,20.0,130.2,95.0,2,GUCHOL_2023_06
2023160N20092,2023,North Indian,UNNAMED,2023-06-09 12:00:00,20.0,91.5,45.0,0,UNNAMED_2023_06
2023170N11323,2023,North Atlantic,BRET,2023-06-22 06:00:00,13.5,-55.9,60.0,0,BRET_2023_06
2023173N10320,2023,North Atlantic,CINDY,2023-06-24 06:00:00,14.6,-51.2,50.0,0,CINDY_2023_06
2023179N15256,2023,Eastern Pacific,ADRIAN,2023-06-30 12:00:00,17.0,-111.9,90.0,2,ADRIAN_2023_06
2023180N13264,2023,Eastern Pacific,BEATRIZ,2023-06-30 18:00:00,17.5,-102.7,75.0,1,BEATRIZ_2023_06
2023191N10262,2023,Eastern Pacific,CALVIN,2023-07-14 18:00:00,13.7,-123.9,110.0,3,CALVIN_2023_07
2023193N37305,2023,North Atlantic,DON,2023-07-22 18:00:00,39.5,-50.1,65.0,1,DON_2023_07
2023194N16123,2023,Western Pacific,TALIM,2023-07-17 06:00:00,20.7,112.1,80.0,1,TALIM_2023_07
2023201N13134,2023,Western Pacific,DOKSURI,2023-07-25 00:00:00,17.6,124.6,130.0,4,DOKSURI_2023_07
2023202N13240,2023,Eastern Pacific,UNNAMED,2023-07-20 12:00:00,12.8,-119.6,30.0,-1,UNNAMED_2023_07
2023207N09141,2023,Western Pacific,KHANUN,2023-08-01 06:00:00,25.0,128.7,125.0,4,KHANUN_2023_08
2023212N19090,2023,North Indian,UNNAMED,2023-07-31 18:00:00,19.9,92.0,40.0,0,UNNAMED_2023_07
2023213N14257,2023,Eastern Pacific,DORA,2023-08-06 00:00:00,13.2,224.4,130.0,4,DORA_2023_08
2023217N15256,2023,Eastern Pacific,EUGENE,2023-08-06 06:00:00,20.3,-109.4,60.0,0,EUGENE_2023_08
2023218N25145,2023,Western Pacific,LAN,2023-08-11 00:00:00,26.8,142.9,120.0,4,LAN_2023_08
2023225N14248,2023,Eastern Pacific,FERNANDA,2023-08-14 12:00:00,15.6,-118.0,115.0,4,FERNANDA_2023_08
2023226N11222,2023,Eastern Pacific,GREG,2023-08-15 06:00:00,11.1,-144.0,45.0,0,GREG_2023_08
2023228N12259,2023,Eastern Pacific,HILARY,2023-08-18 06:00:00,16.8,-110.4,120.0,4,HILARY_2023_08
2023231N15313,2023,North Atlantic,GERT,2023-09-03 00:00:00,28.6,-53.5,50.0,0,GERT_2023_09
2023231N15327,2023,North Atlantic,EMILY,2023-08-20 12:00:00,19.4,-38.3,45.0,0,EMILY_2023_08
2023232N13300,2023,North Atlantic,FRANKLIN,2023-08-29 00:00:00,28.9,-71.1,130.0,4,FRANKLIN_2023_08
2023234N18128,2023,Western Pacific,SAOLA,2023-08-29 18:00:00,19.9,121.9,140.0,5,SAOLA_2023_08
2023234N19154,2023,Western Pacific,DAMREY,2023-08-28 00:00:00,38.6,144.6,60.0,0,DAMREY_2023_08
2023234N25271,2023,North Atlantic,HAROLD,2023-08-22 12:00:00,26.8,-96.4,50.0,0,HAROLD_2023_08
2023239N16242,2023,Eastern Pacific,IRWIN,2023-08-29 00:00:00,19.1,-125.0,40.0,0,IRWIN_2023_08
2023239N18144,2023,Western Pacific,HAIKUI,2023-09-03 06:00:00,22.9,121.5,105.0,3,HAIKUI_2023_09
2023239N21274,2023,North Atlantic,IDALIA,2023-08-30 09:00:00,29.1,-84.1,115.0,4,IDALIA_2023_08
2023241N10158,2023,Western Pacific,KIROGI,2023-08-31 06:00:00,16.7,154.2,70.0,1,KIROGI_2023_08
2023241N28308,2023,North Atlantic,JOSE,2023-09-01 00:00:00,31.6,-52.5,55.0,0,JOSE_2023_09
2023242N15339,2023,North Atlantic,KATIA,2023-09-02 18:00:00,24.5,-30.1,50.0,0,KATIA_2023_09
2023247N20130,2023,Western Pacific,YUN-YEUNG,2023-09-07 12:00:00,31.9,137.1,45.0,0,YUN-YEUNG_2023_09
2023248N12257,2023,Eastern Pacific,JOVA,2023-09-07 00:00:00,15.3,-112.4,140.0,5,JOVA_2023_09
2023249N12320,2023,North Atlantic,LEE,2023-09-08 06:00:00,17.5,-53.0,145.0,5,LEE_2023_09
2023251N16334,2023,North Atlantic,MARGOT,2023-09-13 06:00:00,33.0,-39.9,80.0,1,MARGOT_2023_09
2023258N14318,2023,North Atlantic,NIGEL,2023-09-19 18:00:00,31.1,-54.7,85.0,2,NIGEL_2023_09
2023259N15225,2023,Eastern Pacific,UNNAMED,2023-09-15 18:00:00,15.0,-135.8,30.0,-1,UNNAMED_2023_09
2023261N13248,2023,Eastern Pacific,KENNETH,2023-09-20 12:00:00,15.6,-123.1,45.0,0,KENNETH_2023_09
2023265N29284,2023,North Atlantic,OPHELIA,2023-09-22 18:00:00,32.7,-76.1,60.0,0,OPHELIA_2023_09
2023266N16116,2023,Western Pacific,UNNAMED,2023-09-25 06:00:00,15.8,109.4,30.0,-1,UNNAMED_2023_09
2023266N16323,2023,North Atlantic,PHILIPPE,2023-09-25 06:00:00,17.1,-43.8,50.0,0,PHILIPPE_2023_09
2023267N14242,2023,Eastern Pacific,UNNAMED,2023-09-23 18:00:00,14.0,-119.7,30.0,-1,UNNAMED_2023_09
2023271N14144,2023,Western Pacific,KOINU,2023-10-02 12:00:00,19.9,126.2,120.0,4,KOINU_2023_10
2023271N16316,2023,North Atlantic,RINA,2023-09-29 06:00:00,18.6,-46.4,45.0,0,RINA_2023_09
2023276N11254,2023,Eastern Pacific,LIDIA,2023-10-11 00:00:00,20.1,-105.5,120.0,4,LIDIA_2023_10
2023279N08157,2023,Western Pacific,BOLAVEN,2023-10-11 18:00:00,19.7,142.8,165.0,5,BOLAVEN_2023_10
2023281N14260,2023,Eastern Pacific,MAX,2023-10-09 18:00:00,17.3,-101.1,60.0,0,MAX_2023_10
2023284N10330,2023,North Atlantic,SEAN,2023-10-12 18:00:00,13.3,-37.8,40.0,0,SEAN_2023_10
2023289N15111,2023,Western Pacific,SANBA,2023-10-19 12:00:00,21.0,109.2,45.0,0,SANBA_2023_10
2023290N12256,2023,Eastern Pacific,NORMA,2023-10-19 12:00:00,16.9,-107.7,115.0,4,NORMA_2023_10
2023292N11063,2023,North Indian,TEJ,2023-10-21 18:00:00,11.4,56.6,105.0,3,TEJ_2023_10
2023292N13309,2023,North Atlantic,TAMMY,2023-10-25 12:00:00,26.1,-59.4,95.0,2,TAMMY_2023_10
2023292S03172,2024,South Pacific,LOLA,2023-10-24 00:00:00,-14.5,169.0,125.0,4,LOLA_2023_10
2023293N12089,2023,North Indian,HAMOON,2023-10-24 12:00:00,21.0,91.2,90.0,2,HAMOON_2023_10
2023294N09264,2023,Eastern Pacific,OTIS,2023-10-25 03:00:00,16.1,-99.7,145.0,5,OTIS_2023_10
2023297N11277,2023,North Atlantic,UNNAMED,2023-10-23 12:00:00,11.4,-82.6,25.0,-1,UNNAMED_2023_10
2023302N10267,2023,Eastern Pacific,PILAR,2023-11-01 00:00:00,11.7,-89.4,55.0,0,PILAR_2023_11
2023314N05149,2023,Western Pacific,UNNAMED,2023-11-11 12:00:00,6.3,144.9,25.0,-1,UNNAMED_2023_11
2023316S08168,2024,South Pacific,MAL,2023-11-14 18:00:00,-18.7,176.6,75.0,1,MAL_2023_11
2023317N10094,2023,North Indian,MIDHILI,2023-11-17 06:00:00,21.4,89.7,40.0,0,MIDHILI_2023_11
2023321N15278,2023,North Atlantic,UNNAMED,2023-11-16 18:00:00,15.0,-81.7,30.0,-3,UNNAMED_2023_11
2023326N10240,2023,Eastern Pacific,RAMON,2023-11-25 18:00:00,15.0,-122.9,40.0,0,RAMON_2023_11
2023334N08088,2023,North Indian,MICHAUNG,2023-12-04 18:00:00,14.4,80.3,65.0,1,MICHAUNG_2023_12
2023337S08165,2024,South Pacific,JASPER,2023-12-08 00:00:00,-14.2,156.6,120.0,4,JASPER_2023_12
2023349N04141,2023,Western Pacific,JELAWAT,2023-12-17 18:00:00,7.2,127.6,30.0,-1,JELAWAT_2023_12
2023364S19035,2024,South Indian,ALVARO,2024-01-01 12:00:00,-21.5,42.7,65.0,1,ALVARO_2024_01
2024012S09093,2024,South Indian,ANGGREK,2024-01-28 18:00:00,-21.7,73.1,115.0,4,ANGGREK_2024_01
2024012S12059,2024,South Indian,BELAL,2024-01-14 18:00:00,-20.1,53.8,90.0,2,BELAL_2024_01
2024017S15151,2024,South Pacific,KIRRILY,2024-01-25 06:00:00,-18.7,147.8,55.0,0,KIRRILY_2024_01
2024022S16058,2024,South Indian,CANDICE,2024-01-26 06:00:00,-26.2,61.8,50.0,0,CANDICE_2024_01
2024029S15063,2024,South Indian,UNNAMED,2024-01-30 18:00:00,-19.2,65.2,35.0,0,UNNAMED_2024_01
2024031S24154,2024,South Pacific,UNNAMED,2024-02-08 12:00:00,-15.9,163.9,40.0,0,UNNAMED_2024_02
2024035S16188,2024,South Pacific,NAT,2024-02-06 12:00:00,-17.0,-156.8,55.0,0,NAT_2024_02
2024037S09184,2024,South Pacific,OSAI,2024-02-07 12:00:00,-16.6,-165.7,50.0,0,OSAI_2024_02
2024044S14066,2024,South Indian,DJOUNGOU,2024-02-18 09:00:00,-19.2,77.5,140.0,5,DJOUNGOU_2024_02
2024044S15134,2024,South Pacific,LINCOLN,2024-02-16 00:00:00,-15.6,137.6,45.0,0,LINCOLN_2024_02
2024045S15192,2024,South Pacific,UNNAMED,2024-02-16 18:00:00,-22.3,-157.2,55.0,0,UNNAMED_2024_02
2024049S17052,2024,South Indian,ELEANOR,2024-02-22 06:00:00,-20.1,58.6,60.0,0,ELEANOR_2024_02
2024061S11062,2024,South Indian,FILIPO,2024-03-12 00:00:00,-21.0,35.6,55.0,0,FILIPO_2024_03
2024067S10090,2024,South Indian,NEVILLE,2024-03-21 15:00:00,-17.8,104.2,115.0,4,NEVILLE_2024_03
2024073S14128,2024,South Pacific,MEGAN,2024-03-17 18:00:00,-15.3,137.2,90.0,2,MEGAN_2024_03
2024082S08054,2024,South Indian,GAMANE,2024-03-27 00:00:00,-12.9,50.0,85.0,2,GAMANE_2024_03
2024096S11120,2024,South Indian,OLGA,2024-04-07 12:00:00,-15.4,119.2,115.0,4,OLGA_2024_04
2024100S11152,2024,South Pacific,PAUL,2024-04-11 06:00:00,-14.6,155.6,50.0,0,PAUL_2024_04
2024121S07047,2024,South Indian,HIDAYA,2024-05-03 06:00:00,-8.5,42.4,80.0,1,HIDAYA_2024_05
2024134S07055,2024,South Indian,IALY,2024-05-21 06:00:00,-4.9,42.5,65.0,1,IALY_2024_05
2024139S02072,2024,South Indian,UNNAMED,2024-05-19 00:00:00,-2.6,73.9,40.0,0,UNNAMED_2024_05
2024141N03142,2024,Western Pacific,EWINIAR,2024-05-26 21:00:00,15.7,122.6,90.0,2,EWINIAR_2024_05
2024145N14087,2024,North Indian,REMAL,2024-05-26 14:00:00,21.5,89.0,60.0,0,REMAL_2024_05
2024151N18113,2024,Western Pacific,MALIKSI,2024-05-31 00:00:00,19.6,112.4,30.0,-1,MALIKSI_2024_05
2024170N20267,2024,North Atlantic,ALBERTO,2024-06-20 00:00:00,21.5,-95.5,45.0,0,ALBERTO_2024_06
2024181N09320,2024,North Atlantic,BERYL,2024-07-02 06:00:00,14.3,-65.9,145.0,5,BERYL_2024_07
2024183N20265,2024,North Atlantic,CHRIS,2024-07-01 03:00:00,19.9,-96.5,40.0,0,CHRIS_2024_07
2024186N15256,2024,Eastern Pacific,ALETTA,2024-07-04 12:00:00,17.1,-105.6,35.0,0,ALETTA_2024_07
2024195N13114,2024,Western Pacific,UNNAMED,2024-07-14 12:00:00,14.9,111.1,25.0,-1,UNNAMED_2024_07
2024198N08130,2024,Western Pacific,PRAPIROON,2024-07-22 12:00:00,20.4,108.2,60.0,0,PRAPIROON_2024_07
2024201N12133,2024,Western Pacific,GAEMI,2024-07-24 06:00:00,24.2,122.5,125.0,4,GAEMI_2024_07
2024207N16250,2024,Eastern Pacific,BUD,2024-07-25 06:00:00,17.8,-114.0,50.0,0,BUD_2024_07
2024213N14254,2024,Eastern Pacific,CARLOTTA,2024-08-03 00:00:00,18.7,-117.2,80.0,1,CARLOTTA_2024_08
2024216N12231,2024,Eastern Pacific,DANIEL,2024-08-03 06:00:00,12.4,-129.6,35.0,0,DANIEL_2024_08
2024216N20284,2024,North Atlantic,DEBBY,2024-08-05 00:00:00,28.3,-84.1,70.0,1,DEBBY_2024_08
2024218N14254,2024,Eastern Pacific,FABIO,2024-08-06 06:00:00,16.5,-110.0,55.0,0,FABIO_2024_08
2024218N16247,2024,Eastern Pacific,EMILIA,2024-08-07 06:00:00,16.2,-115.7,60.0,0,EMILIA_2024_08
2024218N23143,2024,Western Pacific,MARIA,2024-08-08 12:00:00,28.8,145.4,70.0,1,MARIA_2024_08
2024224N27154,2024,Western Pacific,SON-TINH,2024-08-11 18:00:00,30.2,154.3,40.0,-2,SON-TINH_2024_08
2024225N14313,2024,North Atlantic,ERNESTO,2024-08-16 00:00:00,26.6,-68.3,85.0,2,ERNESTO_2024_08
2024225N22135,2024,Western Pacific,AMPIL,2024-08-16 00:00:00,33.5,140.7,110.0,3,AMPIL_2024_08
2024225N24147,2024,Western Pacific,WUKONG,2024-08-13 06:00:00,27.2,149.9,30.0,-1,WUKONG_2024_08
2024231N14251,2024,Eastern Pacific,GILMA,2024-08-25 00:00:00,17.7,-131.4,115.0,4,GILMA_2024_08
2024231N24126,2024,Western Pacific,JONGDARI,2024-08-19 00:00:00,25.1,126.0,35.0,0,JONGDARI_2024_08
2024233N15148,2024,Western Pacific,SHANSHAN,2024-08-27 12:00:00,28.7,130.3,115.0,4,SHANSHAN_2024_08
2024235N16223,2024,Eastern Pacific,HONE,2024-08-25 12:00:00,18.2,-155.7,75.0,1,HONE_2024_08
2024236N14248,2024,Eastern Pacific,HECTOR,2024-08-27 00:00:00,16.9,-126.2,50.0,0,HECTOR_2024_08
2024238N25077,2024,North Indian,ASNA,2024-08-30 00:00:00,23.3,68.5,40.0,0,ASNA_2024_08
2024244N09137,2024,Western Pacific,YAGI,2024-09-05 18:00:00,19.2,113.0,145.0,5,YAGI_2024_09
2024246N22147,2024,Western Pacific,LEEPI,2024-09-05 18:00:00,34.9,146.9,40.0,0,LEEPI_2024_09
2024253N11148,2024,Western Pacific,BEBINCA,2024-09-15 06:00:00,30.1,126.1,80.0,1,BEBINCA_2024_09
2024253N21266,2024,North Atlantic,FRANCINE,2024-09-11 22:00:00,29.3,-91.3,90.0,2,FRANCINE_2024_09
2024256N16332,2024,North Atlantic,GORDON,2024-09-14 00:00:00,19.9,-39.8,40.0,0,GORDON_2024_09
2024256N18254,2024,Eastern Pacific,ILEANA,2024-09-14 18:00:00,25.2,-108.9,45.0,0,ILEANA_2024_09
2024259N12145,2024,Western Pacific,PULASAN,2024-09-17 12:00:00,21.5,134.6,55.0,-3,PULASAN_2024_09
2024259N17126,2024,Western Pacific,SOULIK,2024-09-19 06:00:00,16.9,107.2,35.0,0,SOULIK_2024_09
2024259N31284,2024,North Atlantic,UNNAMED,2024-09-16 12:00:00,32.8,-78.2,50.0,-4,UNNAMED_2024_09
2024264N20128,2024,Western Pacific,UNNAMED,2024-09-20 00:00:00,21.2,127.6,30.0,-1,UNNAMED_2024_09
2024267N14261,2024,Eastern Pacific,JOHN,2024-09-24 03:00:00,16.6,-98.9,105.0,3,JOHN_2024_09
2024267N29129,2024,Western Pacific,CIMARON,2024-09-25 00:00:00,28.3,134.7,35.0,0,CIMARON_2024_09
2024268N17278,2024,North Atlantic,HELENE,2024-09-27 00:00:00,28.7,-84.3,120.0,4,HELENE_2024_09
2024269N14150,2024,Western Pacific,JEBI,2024-10-01 12:00:00,37.0,143.3,70.0,1,JEBI_2024_10
2024269N39302,2024,North Atlantic,ISAAC,2024-09-28 06:00:00,38.8,-42.3,90.0,2,ISAAC_2024_09
2024270N24128,2024,Western Pacific,KRATHON,2024-09-30 18:00:00,20.6,120.0,135.0,4,KRATHON_2024_09
2024271N17319,2024,North Atlantic,JOYCE,2024-09-27 18:00:00,18.2,-43.4,45.0,0,JOYCE_2024_09
2024274N14328,2024,North Atlantic,KIRK,2024-10-04 00:00:00,21.2,-47.1,130.0,4,KIRK_2024_10
2024274S09075,2025,South Indian,ANCHA,2024-10-02 12:00:00,-11.4,74.5,51.0,0,ANCHA_2024_10
2024275N10336,2024,North Atlantic,LESLIE,2024-10-10 00:00:00,22.3,-49.0,90.0,2,LESLIE_2024_10
2024275N14264,2024,Eastern Pacific,UNNAMED,2024-10-02 06:00:00,15.2,-95.5,35.0,0,UNNAMED_2024_10
2024278N11150,2024,Western Pacific,BARIJAT,2024-10-07 06:00:00,21.9,146.6,45.0,0,BARIJAT_2024_10
2024279N21265,2024,North Atlantic,MILTON,2024-10-07 20:00:00,21.8,-90.9,155.0,5,MILTON_2024_10
2024293N13141,2024,Western Pacific,TRAMI,2024-10-26 00:00:00,17.0,113.3,65.0,1,TRAMI_2024_10
2024293N17275,2024,North Atlantic,NADINE,2024-10-19 16:00:00,17.5,-88.2,50.0,0,NADINE_2024_10
2024293N21294,2024,North Atlantic,OSCAR,2024-10-19 20:15:00,21.5,-71.1,75.0,1,OSCAR_2024_10
2024295N15092,2024,North Indian,DANA,2024-10-24 06:00:00,19.3,87.8,65.0,1,DANA_2024_10
2024296N13260,2024,Eastern Pacific,KRISTY,2024-10-24 18:00:00,14.1,-121.0,140.0,5,KRISTY_2024_10
2024298N13150,2024,Western Pacific,KONG-REY,2024-10-30 00:00:00,19.1,124.9,140.0,5,KONG-REY_2024_10
2024306N39319,2024,North Atlantic,PATTY,2024-10-31 18:00:00,39.2,-41.0,55.0,-4,PATTY_2024_10
2024307N06143,2024,Western Pacific,YINXING,2024-11-07 06:00:00,18.5,122.4,130.0,4,YINXING_2024_11
2024307N11232,2024,Eastern Pacific,LANE,2024-11-02 12:00:00,11.2,-129.7,40.0,0,LANE_2024_11
2024307N11250,2024,Eastern Pacific,UNNAMED,2024-11-02 06:00:00,11.3,-109.9,30.0,-3,UNNAMED_2024_11
2024309N13283,2024,North Atlantic,RAFAEL,2024-11-08 06:00:00,24.4,-87.6,105.0,3,RAFAEL_2024_11
2024312N14145,2024,Western Pacific,TORAJI,2024-11-10 12:00:00,15.5,124.4,80.0,1,TORAJI_2024_11
2024313N10169,2024,Western Pacific,MAN-YI,2024-11-16 00:00:00,12.6,126.7,140.0,5,MAN-YI_2024_11
2024313S06092,2025,South Indian,BHEKI,2024-11-17 18:00:00,-16.8,69.9,115.0,4,BHEKI_2024_11
2024314N07151,2024,Western Pacific,USAGI,2024-11-13 18:00:00,16.6,124.0,130.0,4,USAGI_2024_11
2024319N16282,2024,North Atlantic,SARA,2024-11-15 12:00:00,16.1,-85.6,45.0,0,SARA_2024_11
2024328S09096,2025,South Indian,ROBYN,2024-11-28 12:00:00,-16.3,91.2,51.0,0,ROBYN_2024_11
2024329N04089,2024,North Indian,FENGAL,2024-11-30 00:00:00,12.4,81.3,45.0,0,FENGAL_2024_11
2024341S12086,2025,South Indian,CHIDO,2024-12-12 06:00:00,-10.6,54.5,134.0,4,CHIDO_2024_12
2024357N10115,2024,Western Pacific,PABUK,2024-12-23 00:00:00,11.2,113.0,30.0,-1,PABUK_2024_12
2024359S13097,2025,South Indian,UNNAMED,2024-12-27 00:00:00,-11.6,95.0,35.0,0,UNNAMED_2024_12
2024364S13117,2025,South Indian,DIKELEDI,2025-01-16 00:00:00,-27.4,43.3,99.0,3,DIKELEDI_2025_01
2024364S17177,2025,South Pacific,UNNAMED,2024-12-29 06:00:00,-17.3,176.9,51.0,0,UNNAMED_2024_12
2025010S17185,2025,South Pacific,PITA,2025-01-11 00:00:00,-20.0,-166.5,39.0,0,PITA_2025_01
2025017S18122,2025,South Indian,SEAN,2025-01-20 12:00:00,-22.6,110.8,115.0,4,SEAN_2025_01
2025024S11082,2025,South Indian,FAIDA,2025-02-03 00:00:00,-18.2,51.7,45.0,0,FAIDA_2025_02
2025029S25043,2025,South Indian,ELVIS,2025-01-29 18:00:00,-25.6,43.2,45.0,0,ELVIS_2025_01
2025031S15106,2025,South Indian,VINCE,2025-02-06 18:00:00,-19.7,80.7,134.0,4,VINCE_2025_02
2025032S14120,2025,South Indian,TALIAH,2025-02-04 06:00:00,-15.5,111.1,84.0,2,TALIAH_2025_02
2025034S19166,2025,South Pacific,UNNAMED,2025-02-03 00:00:00,-20.7,167.8,45.0,0,UNNAMED_2025_02
2025039S14125,2025,South Indian,ZELIA,2025-02-13 12:00:00,-19.3,118.2,128.0,4,ZELIA_2025_02
2025042S22164,2025,South Pacific,UNNAMED,2025-02-11 06:00:00,-22.3,163.5,39.0,0,UNNAMED_2025_02
2025050S12125,2025,South Indian,BIANCA,2025-02-25 00:00:00,-21.1,102.5,99.0,3,BIANCA_2025_02
2025052S14148,2025,South Pacific,ALFRED,2025-02-27 12:00:00,-17.9,155.7,115.0,4,ALFRED_2025_02
2025052S23038,2025,South Indian,HONDE,2025-02-27 06:00:00,-24.9,41.4,70.0,1,HONDE_2025_02
2025054S13182,2025,South Pacific,RAE,2025-02-24 18:00:00,-21.5,-178.7,89.0,2,RAE_2025_02
2025054S17051,2025,South Indian,GARANCE,2025-02-27 00:00:00,-17.9,55.0,105.0,3,GARANCE_2025_02
2025056S16171,2025,South Pacific,SERU,2025-02-25 12:00:00,-17.8,171.2,64.0,1,SERU_2025_02
2025064S05095,2025,South Indian,IVONE,2025-03-09 18:00:00,-17.3,83.1,51.0,0,IVONE_2025_03
2025064S12067,2025,South Indian,JUDE,2025-03-09 18:00:00,-14.9,41.3,80.0,1,JUDE_2025_03
2025076S13107,2025,South Indian,UNNAMED,2025-03-19 00:00:00,-13.2,96.4,45.0,0,UNNAMED_2025_03
2025082S13116,2025,South Indian,COURTNEY,2025-03-29 12:00:00,-18.7,90.1,128.0,4,COURTNEY_2025_03
2025086S14121,2025,South Indian,DIANNE,2025-03-28 18:00:00,-16.3,123.8,45.0,0,DIANNE_2025_03
2025100S09132,2025,South Indian,ERROL,2025-04-16 12:00:00,-14.4,118.9,138.0,5,ERROL_2025_04
2025104S15168,2025,South Pacific,TAM,2025-04-15 12:00:00,-23.2,171.5,51.0,0,TAM_2025_04
2025106S10135,2025,South Pacific,UNNAMED,2025-04-18 06:00:00,-11.3,139.7,35.0,0,UNNAMED_2025_04
2025129S08138,2025,South Pacific,UNNAMED,2025-05-11 06:00:00,-8.9,138.4,35.0,0,UNNAMED_2025_05
2025149N12256,2025,Eastern Pacific,ALVIN,2025-05-29 18:00:00,14.6,-106.9,50.0,0,ALVIN_2025_05
2025159N12250,2025,Eastern Pacific,COSME,2025-06-09 18:00:00,14.7,-113.6,60.0,0,COSME_2025_06
2025159N15258,2025,Eastern Pacific,BARBARA,2025-06-09 06:00:00,16.7,-105.3,65.0,1,BARBARA_2025_06
2025162N15114,2025,Western Pacific,WUTIP,2025-06-14 00:00:00,20.3,109.1,64.0,1,WUTIP_2025_06
2025164N11260,2025,Eastern Pacific,DALILA,2025-06-14 18:00:00,16.8,-104.5,55.0,0,DALILA_2025_06
2025168N11269,2025,Eastern Pacific,ERICK,2025-06-19 06:00:00,15.5,-97.5,120.0,4,ERICK_2025_06
2025173N30302,2025,North Atlantic,ANDREA,2025-06-23 12:00:00,33.2,-55.2,35.0,0,ANDREA_2025_06
2025174N23146,2025,Western Pacific,SEPAT,2025-06-23 12:00:00,27.0,143.0,39.0,0,SEPAT_2025_06
2025176N18113,2025,Western Pacific,UNNAMED,2025-06-25 06:00:00,18.5,113.2,25.0,-1,UNNAMED_2025_06
2025180N13261,2025,Eastern Pacific,FLOSSIE,2025-07-02 03:00:00,18.2,-107.5,105.0,3,FLOSSIE_2025_07
2025180N19266,2025,North Atlantic,BARRY,2025-06-29 18:00:00,20.9,-96.7,40.0,0,BARRY_2025_06
2025183N24148,2025,Western Pacific,MUN,2025-07-03 12:00:00,28.3,145.5,60.0,0,MUN_2025_07
2025185N20119,2025,Western Pacific,DANAS,2025-07-06 12:00:00,23.0,119.6,89.0,2,DANAS_2025_07
2025185N30280,2025,North Atlantic,CHANTAL,2025-07-06 06:00:00,33.3,-78.9,50.0,0,CHANTAL_2025_07
2025192N25140,2025,Western Pacific,NARI,2025-07-13 18:00:00,32.1,143.1,51.0,0,NARI_2025_07
2025194N31124,2025,Western Pacific,UNNAMED,2025-07-12 18:00:00,30.8,123.6,29.0,-1,UNNAMED_2025_07
2025196N33141,2025,Western Pacific,UNNAMED,2025-07-15 06:00:00,32.7,140.7,39.0,0,UNNAMED_2025_07
2025198S10090,2026,South Indian,UNNAMED,2025-07-16 18:00:00,-9.8,89.8,35.0,0,UNNAMED_2025_07
2025200N19123,2025,Western Pacific,WIPHA,2025-07-20 00:00:00,21.6,114.6,64.0,1,WIPHA_2025_07
2025203N18133,2025,Western Pacific,FRANCISCO,2025-07-23 06:00:00,21.9,129.9,39.0,0,FRANCISCO_2025_07
2025204N19121,2025,Western Pacific,CO-MAY,2025-07-24 00:00:00,16.2,118.6,70.0,1,CO-MAY_2025_07
2025205N13144,2025,Western Pacific,KROSA,2025-07-27 18:00:00,24.4,145.3,80.0,1,KROSA_2025_07
2025207N11219,2025,Eastern Pacific,IONA,2025-07-29 12:00:00,10.8,-153.7,115.0,4,IONA_2025_07
2025209N12220,2025,Eastern Pacific,KELI,2025-07-29 06:00:00,12.3,-146.1,45.0,0,KELI_2025_07
2025212N13247,2025,Eastern Pacific,GIL,2025-08-02 00:00:00,16.2,-124.3,65.0,1,GIL_2025_08
2025214N27137,2025,Western Pacific,BAILU,2025-08-02 18:00:00,31.0,140.5,35.0,0,BAILU_2025_08
2025215N33284,2025,North Atlantic,DEXTER,2025-08-08 06:00:00,43.6,-45.0,70.0,-4,DEXTER_2025_08
2025216N13243,2025,Eastern Pacific,HENRIETTE,2025-08-11 12:00:00,28.3,-155.8,75.0,1,HENRIETTE_2025_08
2025216N28163,2025,Western Pacific,UNNAMED,2025-08-04 06:00:00,28.0,163.0,25.0,-1,UNNAMED_2025_08
2025218N28157,2025,Western Pacific,UNNAMED,2025-08-06 06:00:00,28.4,157.1,25.0,-1,UNNAMED_2025_08
2025219N13264,2025,Eastern Pacific,IVO,2025-08-08 18:00:00,20.3,-110.7,55.0,0,IVO_2025_08
2025219N18148,2025,Western Pacific,PODUL,2025-08-13 00:00:00,22.1,122.0,89.0,2,PODUL_2025_08
2025219S07062,2026,South Indian,AWO,2025-08-07 00:00:00,-7.3,61.9,35.0,0,AWO_2025_08
2025223N17337,2025,North Atlantic,ERIN,2025-08-16 18:00:00,19.8,-63.4,140.0,5,ERIN_2025_08
2025230N20107,2025,Western Pacific,UNNAMED,2025-08-18 12:00:00,20.1,107.3,29.0,-1,UNNAMED_2025_08
2025231N27128,2025,Western Pacific,LINGLING,2025-08-21 06:00:00,31.7,129.9,45.0,0,LINGLING_2025_08
2025235N17117,2025,Western Pacific,KAJIKI,2025-08-24 12:00:00,17.9,109.3,93.0,2,KAJIKI_2025_08
2025236N27298,2025,North Atlantic,FERNAND,2025-08-25 12:00:00,33.8,-58.4,50.0,0,FERNAND_2025_08
2025237N16251,2025,Eastern Pacific,JULIETTE,2025-08-26 06:00:00,18.2,-115.6,60.0,0,JULIETTE_2025_08
2025240N15116,2025,Western Pacific,NONGFA,2025-08-30 00:00:00,17.5,108.2,39.0,0,NONGFA_2025_08
2025243N14239,2025,Eastern Pacific,KIKO,2025-09-04 00:00:00,13.8,-131.9,125.0,4,KIKO_2025_09
2025245N17255,2025,Eastern Pacific,LORENA,2025-09-03 18:00:00,22.5,-112.1,75.0,1,LORENA_2025_09
2025247N27132,2025,Western Pacific,PEIPAH,2025-09-05 12:00:00,35.6,142.9,51.0,0,PEIPAH_2025_09
2025249N18117,2025,Western Pacific,TAPAH,2025-09-08 00:00:00,21.8,112.6,64.0,1,TAPAH_2025_09
2025252S09069,2026,South Indian,BLOSSOM,2025-09-09 06:00:00,-9.1,69.3,35.0,0,BLOSSOM_2025_09
2025254N14262,2025,Eastern Pacific,MARIO,2025-09-15 12:00:00,19.9,-112.8,55.0,0,MARIO_2025_09
2025259N16124,2025,Western Pacific,MITAG,2025-09-16 18:00:00,16.1,122.2,45.0,0,MITAG_2025_09
2025261N19312,2025,North Atlantic,GABRIELLE,2025-09-23 00:00:00,32.1,-61.4,120.0,4,GABRIELLE_2025_09
2025262N16133,2025,Western Pacific,RAGASA,2025-09-21 12:00:00,18.9,125.4,144.0,5,RAGASA_2025_09
2025262N23163,2025,Western Pacific,NEOGURI,2025-09-21 00:00:00,27.2,152.7,124.0,4,NEOGURI_2025_09
2025265N14261,2025,Eastern Pacific,NARDA,2025-09-24 06:00:00,15.2,-109.9,90.0,2,NARDA_2025_09
2025267N10134,2025,Western Pacific,BUALOI,2025-09-28 18:00:00,18.2,106.2,80.0,1,BUALOI_2025_09
2025268N19306,2025,North Atlantic,HUMBERTO,2025-09-27 18:00:00,22.7,-60.7,140.0,5,HUMBERTO_2025_09
2025270N21285,2025,North Atlantic,IMELDA,2025-10-01 12:00:00,30.7,-71.4,80.0,1,IMELDA_2025_10
2025273N09248,2025,Eastern Pacific,OCTAVE,2025-10-06 00:00:00,16.2,-123.1,80.0,1,OCTAVE_2025_10
2025274N15131,2025,Western Pacific,MATMO,2025-10-05 00:00:00,20.2,111.6,89.0,2,MATMO_2025_10
2025274N16087,2025,North Indian,UNNAMED,2025-10-01 06:00:00,15.9,86.5,35.0,0,UNNAMED_2025_10
2025276N22067,2025,North Indian,SHAKHTI,2025-10-04 18:00:00,21.1,62.5,74.0,1,SHAKHTI_2025_10
2025278N15254,2025,Eastern Pacific,PRISCILLA,2025-10-07 18:00:00,19.7,-110.5,100.0,3,PRISCILLA_2025_10
2025278N25143,2025,Western Pacific,HALONG,2025-10-07 18:00:00,28.8,137.0,119.0,4,HALONG_2025_10
2025280N11319,2025,North Atlantic,JERRY,2025-10-08 12:00:00,13.6,-51.9,55.0,0,JERRY_2025_10
2025281N19139,2025,Western Pacific,NAKRI,2025-10-13 00:00:00,33.1,140.3,74.0,1,NAKRI_2025_10
2025281N38324,2025,North Atlantic,KAREN,2025-10-08 12:00:00,41.2,-36.7,50.0,-4,KAREN_2025_10
2025282N16261,2025,Eastern Pacific,RAYMOND,2025-10-10 06:00:00,17.0,-102.9,50.0,0,RAYMOND_2025_10
2025286N14320,2025,North Atlantic,LORENZO,2025-10-14 00:00:00,15.8,-42.4,50.0,0,LORENZO_2025_10
2025291N13126,2025,Western Pacific,FENGSHEN,2025-10-21 18:00:00,17.3,111.8,51.0,0,FENGSHEN_2025_10
2025291S08074,2026,South Indian,CHENGE,2025-10-20 18:00:00,-9.1,67.0,60.0,0,CHENGE_2025_10
2025294N14290,2025,North Atlantic,MELISSA,2025-10-28 12:00:00,17.5,-78.1,165.0,5,MELISSA_2025_10
2025297N13247,2025,Eastern Pacific,SONIA,2025-10-25 12:00:00,13.4,-117.9,45.0,0,SONIA_2025_10
2025300N11086,2025,North Indian,MONTHA,2025-10-27 12:00:00,13.3,84.0,45.0,0,MONTHA_2025_10
2025305N10138,2025,Western Pacific,KALMAEGI,2025-11-06 00:00:00,13.2,112.1,115.0,4,KALMAEGI_2025_11
2025308N10143,2025,Western Pacific,FUNG-WONG,2025-11-09 06:00:00,14.9,123.2,115.0,4,FUNG-WONG_2025_11
2025322S10131,2026,South Indian,FINA,2025-11-24 06:00:00,-14.3,128.0,109.0,3,FINA_2025_11
2025329N10124,2025,Western Pacific,KOTO,2025-11-27 00:00:00,13.2,113.9,80.0,1,KOTO_2025_11
2025330N05099,2025,North Indian,SENYAR,2025-11-25 18:00:00,4.7,98.4,45.0,0,SENYAR_2025_11
2025331N07081,2025,North Indian,DITWAH,2025-11-27 00:00:00,6.6,81.2,35.0,0,DITWAH_2025_11
2025333N05105,2025,Western Pacific,UNNAMED,2025-11-28 18:00:00,4.5,105.1,29.0,-1,UNNAMED_2025_11
2025339S14210,2026,South Pacific,UNNAMED,2025-12-05 06:00:00,-15.0,-148.8,39.0,0,UNNAMED_2025_12
2025346S08098,2026,South Indian,BAKUNG,2025-12-14 12:00:00,-10.8,91.0,80.0,1,BAKUNG_2025_12
2025349S13169,2026,South Pacific,UNNAMED,2025-12-14 12:00:00,-12.9,168.9,39.0,0,UNNAMED_2025_12
2025352S12110,2026,South Indian,GRANT,2025-12-29 12:00:00,-13.7,80.5,119.0,4,GRANT_2025_12
2025362S13120,2026,South Indian,HAYLEY,2025-12-29 18:00:00,-16.1,120.3,89.0,2,HAYLEY_2025_12
2026001S11106,2026,South Indian,IGGY,2026-01-01 06:00:00,-13.1,108.1,45.0,0,IGGY_2026_01
2026005S10097,2026,South Indian,JENNA,2026-01-06 06:00:00,-15.7,94.8,89.0,2,JENNA_2026_01
2026010S17148,2026,South Pacific,KOJI,2026-01-10 12:00:00,-17.9,148.0,45.0,0,KOJI_2026_01
2026011S14076,2026,South Indian,DUDZAI,2026-01-16 00:00:00,-16.8,72.1,124.0,4,DUDZAI_2026_01
2026015N10130,2026,Western Pacific,NOKAEN,2026-01-17 06:00:00,14.1,124.4,51.0,0,NOKAEN_2026_01
2026021S18159,2026,South Pacific,UNNAMED,2026-01-21 06:00:00,-19.1,161.1,39.0,0,UNNAMED_2026_01
2026021S26041,2026,South Indian,EWETSE,2026-01-21 00:00:00,-24.4,42.6,51.0,0,EWETSE_2026_01
2026023S13120,2026,South Indian,LUANA,2026-01-24 00:00:00,-16.6,122.2,54.0,0,LUANA_2026_01
2026028S17172,2026,South Pacific,UNNAMED,2026-01-28 18:00:00,-21.4,173.8,54.0,0,UNNAMED_2026_01
2026030S16043,2026,South Indian,FYTIA,2026-01-31 00:00:00,-16.0,44.8,99.0,3,FYTIA_2026_01
2026035N09133,2026,Western Pacific,PENHA,2026-02-05 06:00:00,8.2,127.9,39.0,0,PENHA_2026_02
2026037S18122,2026,South Indian,MITCHELL,2026-02-07 18:00:00,-20.3,116.2,80.0,1,MITCHELL_2026_02
2026039S18057,2026,South Indian,GEZANI,2026-02-10 12:00:00,-18.1,50.1,109.0,3,GEZANI_2026_02
2026051S15076,2026,South Indian,HORACIO,2026-02-23 18:00:00,-20.7,65.1,138.0,5,HORACIO_2026_02
2026058S18168,2026,South Pacific,URMIL,2026-02-28 00:00:00,-20.4,170.7,64.0,1,URMIL_2026_02
2026063S12109,2026,South Indian,UNNAMED,2026-03-05 00:00:00,-10.7,113.3,39.0,0,UNNAMED_2026_03
2026063S14151,2026,South Pacific,UNNAMED,2026-03-04 00:00:00,-14.2,150.8,35.0,0,UNNAMED_2026_03
2026065S16114,2026,South Indian,UNNAMED,2026-03-06 00:00:00,-15.8,113.7,35.0,0,UNNAMED_2026_03
2026070N10137,2026,Western Pacific,NURI,2026-03-11 00:00:00,10.4,136.8,29.0,-1,NURI_2026_03
2026076S12157,2026,South Pacific,NARELLE,2026-03-19 06:00:00,-13.6,146.5,124.0,4,NARELLE_2026_03
2026082S17163,2026,South Pacific,UNNAMED,2026-03-23 12:00:00,-20.1,162.9,45.0,0,UNNAMED_2026_03
2026092S11074,2026,South Indian,INDUSA,2026-04-04 06:00:00,-20.3,70.2,89.0,2,INDUSA_2026_04
2026094S09155,2026,South Pacific,MAILA,2026-04-07 18:00:00,-9.5,156.0,124.0,4,MAILA_2026_04
2026095S14172,2026,South Pacific,VAIANU,2026-04-07 00:00:00,-18.1,174.8,99.0,3,VAIANU_2026_04
