SID,SEASON,BASIN,NAME,ISO_TIME,LAT,LON,USA_WIND,USA_SSHS,geometry,index_right,NAME_NORM
2013306N07162,2013,Western Pacific,HAIYAN,2013-11-07 21:00:00,10.8,125.9,168.0,5,POINT (125.9 10.8),49,HAIYAN_2013_11
2025294N14290,2025,North Atlantic,MELISSA,2025-10-28 12:00:00,17.5,-78.1,165.0,5,POINT (-78.1 17.5),53,MELISSA_2025_10
1980214N11330,1980,North Atlantic,ALLEN,1980-08-07 18:00:00,21.8,-86.4,165.0,5,POINT (-86.4 21.8),95,ALLEN_1980_08
2019236N10314,2019,North Atlantic,DORIAN,2019-09-01 16:40:00,26.5,-77.0,160.0,5,POINT (-77 26.5),64,DORIAN_2019_09
2006106S10153,2006,South Pacific,MONICA,2006-04-23 12:00:00,-11.3,136.7,155.0,5,POINT (136.7 -11.3),21,MONICA_2006_04
1995293N05177,1995,Western Pacific,ANGELA,1995-11-02 09:00:00,14.1,124.7,155.0,5,POINT (124.7 14.1),51,ANGELA_1995_11
2016041S14170,2016,South Pacific,WINSTON,2016-02-20 06:00:00,-17.4,178.7,155.0,5,POINT (178.7 -17.4),15,WINSTON_2016_02
1998281N11151,1998,Western Pacific,ZEB,1998-10-13 21:00:00,16.7,123.2,155.0,5,POINT (123.2 16.7),51,ZEB_1998_10
2016253N13144,2016,Western Pacific,MERANTI,2016-09-14 00:00:00,21.5,120.8,155.0,5,POINT (120.8 21.5),63,MERANTI_2016_09
2024279N21265,2024,North Atlantic,MILTON,2024-10-07 21:00:00,21.8,-90.7,153.0,5,POINT (-90.7 21.8),95,MILTON_2024_10
2021248N12141,2021,Western Pacific,CHANTHU,2021-09-10 15:00:00,19.1,122.5,153.0,5,POINT (122.5 19.1),51,CHANTHU_2021_09
2015066S08170,2015,South Pacific,PAM,2015-03-13 06:00:00,-16.6,168.8,150.0,5,POINT (168.8 -16.6),18,PAM_2015_03
2010285N13145,2010,Western Pacific,MEGI,2010-10-18 00:00:00,17.4,123.3,150.0,5,POINT (123.3 17.4),51,MEGI_2010_10
2007225N12331,2007,North Atlantic,DEAN,2007-08-21 06:00:00,18.6,-86.9,150.0,5,POINT (-86.9 18.6),95,DEAN_2007_08
2017242N16333,2017,North Atlantic,IRMA,2017-09-06 21:00:00,18.9,-65.4,150.0,5,POINT (-65.4 18.9),52,IRMA_2017_09
2012331N03157,2012,Western Pacific,BOPHA,2012-12-03 18:00:00,7.6,127.2,150.0,5,POINT (127.2 7.6),43,BOPHA_2012_12
2015293N13266,2015,Eastern Pacific,PATRICIA,2015-10-23 21:00:00,19.0,-105.2,150.0,5,POINT (-105.2 19),95,PATRICIA_2015_10
2020299N11144,2020,Western Pacific,GONI,2020-10-31 21:00:00,13.6,124.3,150.0,5,POINT (124.3 13.6),51,GONI_2020_10
2019116N02090,2019,North Indian,FANI,2019-05-02 15:00:00,17.9,84.9,148.0,5,POINT (84.9 17.9),112,FANI_2019_05
2004247N10332,2004,North Atlantic,IVAN,2004-09-11 18:00:00,18.0,-79.0,145.0,5,POINT (-79 18),53,IVAN_2004_09
1998295N12284,1998,North Atlantic,MITCH,1998-10-27 18:00:00,16.9,-85.4,145.0,5,POINT (-85.4 16.9),95,MITCH_1998_10
1987320N03171,1987,Western Pacific,NINA,1987-11-25 12:00:00,13.1,124.5,145.0,5,POINT (124.5 13.1),49,NINA_1987_11
2023294N09264,2023,Eastern Pacific,OTIS,2023-10-25 03:00:00,16.1,-99.7,145.0,5,POINT (-99.7 16.1),95,OTIS_2023_10
1992230N11325,1992,North Atlantic,ANDREW,1992-08-24 09:00:00,25.5,-80.3,145.0,5,POINT (-80.3 25.5),95,ANDREW_1992_08
2016273N13300,2016,North Atlantic,MATTHEW,2016-10-01 00:00:00,13.4,-71.9,145.0,5,POINT (-71.9 13.4),95,MATTHEW_2016_10
2020092S09155,2020,South Pacific,HAROLD,2020-04-06 06:00:00,-15.8,167.8,145.0,5,POINT (167.8 -15.8),18,HAROLD_2020_04
1988253N12306,1988,North Atlantic,GILBERT,1988-09-14 12:00:00,20.4,-86.5,145.0,5,POINT (-86.5 20.4),95,GILBERT_1988_09
2021346N05145,2021,Western Pacific,RAI,2021-12-16 03:00:00,9.8,126.8,143.0,5,POINT (126.8 9.8),43,RAI_2021_12
2025262N16133,2025,Western Pacific,RAGASA,2025-09-22 03:00:00,19.3,122.3,141.0,5,POINT (122.3 19.3),51,RAGASA_2025_09
2014190N08154,2014,Western Pacific,RAMMASUN,2014-07-18 06:00:00,19.9,111.3,140.0,5,POINT (111.3 19.9),55,RAMMASUN_2014_07
2011233N12129,2011,Western Pacific,NANMADOL,2011-08-26 15:00:00,17.8,123.0,140.0,5,POINT (123 17.8),51,NANMADOL_2011_08
2004134N07132,2004,Western Pacific,NIDA,2004-05-16 15:00:00,13.0,125.2,140.0,5,POINT (125.2 13),49,NIDA_2004_05
2018280N18273,2018,North Atlantic,MICHAEL,2018-10-10 17:30:00,30.0,-85.5,140.0,5,POINT (-85.5 30),95,MICHAEL_2018_10
2015122N07144,2015,Western Pacific,NOUL,2015-05-10 06:00:00,17.8,122.6,140.0,5,POINT (122.6 17.8),51,NOUL_2015_05
2018250N12170,2018,Western Pacific,MANGKHUT,2018-09-14 18:00:00,18.0,122.3,140.0,5,POINT (122.3 18),51,MANGKHUT_2018_09
2002063S11066,2002,South Indian,HARY,2002-03-10 00:00:00,-14.7,50.8,140.0,5,POINT (50.8 -14.7),20,HARY_2002_03
1989190N20160,1989,Western Pacific,GORDON,1989-07-15 15:00:00,17.7,123.3,140.0,5,POINT (123.3 17.7),51,GORDON_1989_07
2007244N12303,2007,North Atlantic,FELIX,2007-09-04 12:00:00,14.3,-83.2,140.0,5,POINT (-83.2 14.3),95,FELIX_2007_09
2022266N12294,2022,North Atlantic,IAN,2022-09-28 12:00:00,26.0,-82.7,140.0,5,POINT (-82.7 26),95,IAN_2022_09
1999298N12099,1999,North Indian,UNNAMED,1999-10-29 00:00:00,19.6,86.9,140.0,5,POINT (86.9 19.6),112,UNNAMED_1999_10
1996246N08148,1996,Western Pacific,SALLY,1996-09-07 18:00:00,19.2,121.8,140.0,5,POINT (121.8 19.2),51,SALLY_1996_09
2023096S07135,2023,South Indian,ILSA,2023-04-13 09:00:00,-19.1,118.8,140.0,5,POINT (118.8 -19.1),21,ILSA_2023_04
1989286N14137,1989,Western Pacific,ELSIE,1989-10-19 00:00:00,16.6,123.0,140.0,5,POINT (123 16.6),51,ELSIE_1989_10
2000230N08139,2000,Western Pacific,BILIS,2000-08-22 12:00:00,22.5,122.0,140.0,5,POINT (122 22.5),63,BILIS_2000_08
2006298N12143,2006,Western Pacific,CIMARON,2006-10-29 12:00:00,16.5,122.6,140.0,5,POINT (122.6 16.5),51,CIMARON_2006_10
1989305N07105,1989,North Indian,GAY,1989-11-08 18:00:00,14.8,80.3,140.0,5,POINT (80.3 14.8),112,GAY_1989_11
2017260N12310,2017,North Atlantic,MARIA,2017-09-20 06:00:00,17.6,-65.1,140.0,5,POINT (-65.1 17.6),52,MARIA_2017_09
1987219N08134,1987,Western Pacific,BETTY,1987-08-11 21:00:00,12.3,126.0,138.0,5,POINT (126 12.3),49,BETTY_1987_08
1991113N10091,1991,North Indian,UNNAMED,1991-04-29 15:00:00,21.2,91.0,138.0,5,POINT (91 21.2),112,UNNAMED_1991_04
2024313N10169,2024,Western Pacific,MAN-YI,2024-11-16 03:00:00,12.9,126.1,138.0,5,POINT (126.1 12.9),49,MAN-YI_2024_11
1997283N07177,1997,Western Pacific,IVAN,1997-10-19 06:00:00,17.2,123.4,135.0,4,POINT (123.4 17.2),51,IVAN_1997_10
2023234N18128,2023,Western Pacific,SAOLA,2023-08-29 12:00:00,19.3,122.7,135.0,4,POINT (122.7 19.3),51,SAOLA_2023_08
2022264N17132,2022,Western Pacific,NORU,2022-09-25 00:00:00,15.0,123.6,135.0,4,POINT (123.6 15),51,NORU_2022_09
2011028S13180,2011,South Pacific,YASI,2011-02-02 12:00:00,-17.5,146.9,135.0,4,POINT (146.9 -17.5),21,YASI_2011_02
2005063S12141,2005,South Indian,INGRID,2005-03-12 09:00:00,-11.4,134.4,135.0,4,POINT (134.4 -11.4),21,INGRID_2005_03
2010293N17093,2010,North Indian,GIRI,2010-10-22 12:00:00,19.8,93.4,135.0,4,POINT (93.4 19.8),112,GIRI_2010_10
2016355N07146,2016,Western Pacific,NOCK-TEN,2016-12-25 06:00:00,13.5,125.1,135.0,4,POINT (125.1 13.5),49,NOCK-TEN_2016_12
1988006S05182,1988,South Pacific,ANNE,1988-01-10 21:00:00,-14.5,165.7,135.0,4,POINT (165.7 -14.5),19,ANNE_1988_01
2004061S12072,2004,South Indian,GAFILO,2004-03-06 21:00:00,-15.0,51.1,135.0,4,POINT (51.1 -15),20,GAFILO_2004_03
1998285N12149,1998,Western Pacific,BABS,1998-10-21 00:00:00,13.1,125.6,135.0,4,POINT (125.6 13.1),49,BABS_1998_10
2006329N06150,2006,Western Pacific,DURIAN,2006-11-30 00:00:00,13.4,124.6,135.0,4,POINT (124.6 13.4),49,DURIAN_2006_11
2008238N13293,2008,North Atlantic,GUSTAV,2008-08-30 22:00:00,22.4,-83.1,135.0,4,POINT (-83.1 22.4),61,GUSTAV_2008_08
2021239N17281,2021,North Atlantic,IDA,2021-08-29 16:55:00,29.1,-90.2,130.0,4,POINT (-90.2 29.1),95,IDA_2021_08
1989271N12142,1989,Western Pacific,ANGELA,1989-10-05 12:00:00,18.3,123.0,130.0,4,POINT (123 18.3),51,ANGELA_1989_10
2009342S09140,2010,South Indian,LAURENCE,2009-12-21 06:00:00,-19.5,120.6,130.0,4,POINT (120.6 -19.5),21,LAURENCE_2009_12
1998335S12138,1999,South Indian,THELMA,1998-12-10 00:00:00,-13.0,126.4,130.0,4,POINT (126.4 -13),21,THELMA_1998_12
2005186N12299,2005,North Atlantic,DENNIS,2005-07-08 12:00:00,20.9,-79.5,130.0,4,POINT (-79.5 20.9),61,DENNIS_2005_07
2020318N16289,2020,North Atlantic,IOTA,2020-11-16 21:00:00,13.6,-82.6,130.0,4,POINT (-82.6 13.6),95,IOTA_2020_11
2007314N10093,2007,North Indian,SIDR,2007-11-15 12:00:00,21.0,89.2,130.0,4,POINT (89.2 21),112,SIDR_2007_11
1995258N14115,1995,Western Pacific,RYAN,1995-09-22 03:00:00,21.9,121.5,130.0,4,POINT (121.5 21.9),63,RYAN_1995_09
2002295N11261,2002,Eastern Pacific,KENNA,2002-10-25 12:00:00,20.4,-106.5,130.0,4,POINT (-106.5 20.4),95,KENNA_2002_10
1990310N07152,1990,Western Pacific,MIKE,1990-11-12 12:00:00,10.1,126.6,130.0,4,POINT (126.6 10.1),43,MIKE_1990_11
2020233N14313,2020,North Atlantic,LAURA,2020-08-27 03:00:00,29.1,-93.2,130.0,4,POINT (-93.2 29.1),95,LAURA_2020_08
2011270N18139,2011,Western Pacific,NALGAE,2011-10-01 00:00:00,16.8,122.7,130.0,4,POINT (122.7 16.8),51,NALGAE_2011_10
1996203N12152,1996,Western Pacific,HERB,1996-07-31 12:00:00,24.8,122.6,130.0,4,POINT (122.6 24.8),63,HERB_1996_07
2006216N07151,2006,Western Pacific,SAOMAI,2006-08-10 06:00:00,27.0,121.2,130.0,4,POINT (121.2 27),112,SAOMAI_2006_08
1999343S11123,2000,South Indian,JOHN,1999-12-14 16:00:00,-19.9,117.3,130.0,4,POINT (117.3 -19.9),21,JOHN_1999_12
2007257N16134,2007,Western Pacific,WIPHA,2007-09-18 06:00:00,25.6,122.6,130.0,4,POINT (122.6 25.6),63,WIPHA_2007_09
2024307N06143,2024,Western Pacific,YINXING,2024-11-07 06:00:00,18.5,122.4,130.0,4,POINT (122.4 18.5),51,YINXING_2024_11
2023129N08091,2023,North Indian,MOCHA,2023-05-14 06:00:00,19.9,92.6,130.0,4,POINT (92.6 19.9),112,MOCHA_2023_05
2005289N18282,2005,North Atlantic,WILMA,2005-10-21 21:45:00,20.6,-86.8,130.0,4,POINT (-86.8 20.6),95,WILMA_2005_10
2004223N11301,2004,North Atlantic,CHARLEY,2004-08-13 19:45:00,26.6,-82.2,130.0,4,POINT (-82.2 26.6),95,CHARLEY_2004_08
2014086S10041,2014,South Indian,HELLEN,2014-03-30 18:00:00,-15.1,45.1,130.0,4,POINT (45.1 -15.1),20,HELLEN_2014_03
1985284N05159,1985,Western Pacific,DOT,1985-10-18 00:00:00,14.4,124.3,130.0,4,POINT (124.3 14.4),51,DOT_1985_10
2017061S11063,2017,South Indian,ENAWO,2017-03-07 06:00:00,-14.7,50.7,130.0,4,POINT (50.7 -14.7),20,ENAWO_2017_03
2020306N15288,2020,North Atlantic,ETA,2020-11-03 00:00:00,14.3,-82.5,130.0,4,POINT (-82.5 14.3),95,ETA_2020_11
2015285N14151,2015,Western Pacific,KOPPU,2015-10-17 12:00:00,15.9,123.1,130.0,4,POINT (123.1 15.9),51,KOPPU_2015_10
2014092S11159,2014,South Pacific,ITA,2014-04-11 03:00:00,-14.1,145.5,130.0,4,POINT (145.5 -14.1),21,ITA_2014_04
2013281N12098,2013,North Indian,PHAILIN,2013-10-12 09:00:00,18.5,85.4,130.0,4,POINT (85.4 18.5),112,PHAILIN_2013_10
2024244N09137,2024,Western Pacific,YAGI,2024-09-06 03:00:00,19.5,111.8,128.0,4,POINT (111.8 19.5),55,YAGI_2024_09
1983339S10065,1984,South Indian,ANDRY,1983-12-10 15:00:00,-11.1,49.1,128.0,4,POINT (49.1 -11.1),20,ANDRY_1983_12
2003061S21148,2003,South Pacific,ERICA,2003-03-13 15:00:00,-20.8,163.5,128.0,4,POINT (163.5 -20.8),14,ERICA_2003_03
2002033S13121,2002,South Indian,CHRIS,2002-02-05 16:00:00,-19.6,120.2,125.0,4,POINT (120.2 -19.6),21,CHRIS_2002_02
1984077S12149,1984,South Pacific,KATHY,1984-03-22 18:00:00,-15.5,137.0,125.0,4,POINT (137 -15.5),21,KATHY_1984_03
1995089S09131,1995,South Indian,CHLOE,1995-04-07 12:00:00,-15.0,123.7,125.0,4,POINT (123.7 -15),21,CHLOE_1995_04
2015047S15152,2015,South Pacific,MARCIA,2015-02-19 18:00:00,-21.7,150.5,125.0,4,POINT (150.5 -21.7),21,MARCIA_2015_02
1996095S09133,1996,South Indian,OLIVIA,1996-04-10 10:00:00,-20.6,115.6,125.0,4,POINT (115.6 -20.6),21,OLIVIA_1996_04
1993083S12181,1993,South Pacific,PREMA,1993-03-29 09:00:00,-16.7,168.6,125.0,4,POINT (168.6 -16.7),18,PREMA_1993_03
1983239N10183,1983,Western Pacific,ELLEN,1983-09-06 06:00:00,18.3,123.1,125.0,4,POINT (123.1 18.3),51,ELLEN_1983_09
1989106S11128,1989,South Indian,ORSON,1989-04-22 18:00:00,-20.1,116.2,125.0,4,POINT (116.2 -20.1),21,ORSON_1989_04
2004174N14146,2004,Western Pacific,MINDULLE,2004-06-29 18:00:00,19.0,122.7,125.0,4,POINT (122.7 19),51,MINDULLE_2004_06
2013220N12137,2013,Western Pacific,UTOR,2013-08-11 15:00:00,15.8,122.9,125.0,4,POINT (122.9 15.8),51,UTOR_2013_08
1990327S07175,1991,South Pacific,SINA,1990-11-27 12:00:00,-18.1,176.7,125.0,4,POINT (176.7 -18.1),15,SINA_1990_11
2012346S14180,2013,South Pacific,EVAN,2012-12-17 06:00:00,-18.0,177.1,125.0,4,POINT (177.1 -18),15,EVAN_2012_12
1988285N09318,1988,North Atlantic,JOAN:MIRIAM,1988-10-22 10:00:00,11.9,-83.7,125.0,4,POINT (-83.7 11.9),95,JOAN:MIRIAM_1988_10
2015344N07145,2015,Western Pacific,MELOR,2015-12-14 03:00:00,12.6,125.2,125.0,4,POINT (125.2 12.6),49,MELOR_2015_12
2004333N06154,2004,Western Pacific,NANMADOL,2004-12-02 03:00:00,14.6,124.2,125.0,4,POINT (124.2 14.6),51,NANMADOL_2004_12
2008311N14278,2008,North Atlantic,PALOMA,2008-11-08 18:00:00,20.2,-78.8,125.0,4,POINT (-78.8 20.2),61,PALOMA_2008_11
2000105S09127,2000,South Indian,ROSITA,2000-04-19 18:00:00,-18.4,122.3,125.0,4,POINT (122.3 -18.4),21,ROSITA_2000_04
2024314N07151,2024,Western Pacific,USAGI,2024-11-14 00:00:00,17.2,123.1,125.0,4,POINT (123.1 17.2),51,USAGI_2024_11
1984239N08146,1984,Western Pacific,IKE,1984-09-01 12:00:00,9.4,126.9,125.0,4,POINT (126.9 9.4),43,IKE_1984_09
1994186N09139,1994,Western Pacific,TIM,1994-07-10 09:00:00,22.6,122.1,125.0,4,POINT (122.1 22.6),63,TIM_1994_07
1999074S13132,1999,South Indian,VANCE,1999-03-21 23:00:00,-21.3,114.4,125.0,4,POINT (114.4 -21.3),21,VANCE_1999_03
2007274N18131,2007,Western Pacific,KROSA,2007-10-06 06:00:00,24.5,122.2,125.0,4,POINT (122.2 24.5),63,KROSA_2007_10
2024201N12133,2024,Western Pacific,GAEMI,2024-07-24 06:00:00,24.2,122.5,125.0,4,POINT (122.5 24.2),63,GAEMI_2024_07
1991194N11147,1991,Western Pacific,AMY,1991-07-18 18:00:00,21.5,120.8,125.0,4,POINT (120.8 21.5),63,AMY_1991_07
2006268N12129,2006,Western Pacific,XANGSANE,2006-09-27 12:00:00,13.2,123.7,125.0,4,POINT (123.7 13.2),49,XANGSANE_2006_09
1988295N10138,1988,Western Pacific,RUBY,1988-10-24 12:00:00,14.6,123.0,125.0,4,POINT (123 14.6),51,RUBY_1988_10
1990124N09088,1990,North Indian,UNNAMED,1990-05-08 12:00:00,14.0,81.2,125.0,4,POINT (81.2 14),112,UNNAMED_1990_05
2005236N23285,2005,North Atlantic,KATRINA,2005-08-29 06:00:00,28.2,-89.6,125.0,4,POINT (-89.6 28.2),95,KATRINA_2005_08
2006311N16143,2006,Western Pacific,CHEBI,2006-11-10 18:00:00,16.3,122.8,125.0,4,POINT (122.8 16.3),51,CHEBI_2006_11
1985070S17175,1985,South Pacific,HINA,1985-03-16 18:00:00,-17.6,176.3,125.0,4,POINT (176.3 -17.6),15,HINA_1985_03
1989246N16159,1989,Western Pacific,SARAH,1989-09-11 12:00:00,23.3,122.0,125.0,4,POINT (122 23.3),63,SARAH_1989_09
2001278N12302,2001,North Atlantic,IRIS,2001-10-09 02:00:00,16.3,-88.4,125.0,4,POINT (-88.4 16.3),95,IRIS_2001_10
1994211N12152,1994,Western Pacific,DOUG,1994-08-07 18:00:00,24.7,122.2,125.0,4,POINT (122.2 24.7),63,DOUG_1994_08
2024181N09320,2024,North Atlantic,BERYL,2024-07-03 15:00:00,17.0,-76.1,123.0,4,POINT (-76.1 17),53,BERYL_2024_07
1999231N20266,1999,North Atlantic,BRET,1999-08-22 15:00:00,26.4,-96.5,123.0,4,POINT (-96.5 26.4),95,BRET_1999_08
2003240N20139,2003,Western Pacific,DUJUAN,2003-09-01 15:00:00,21.4,121.0,123.0,4,POINT (121 21.4),63,DUJUAN_2003_09
2019112S10053,2019,South Indian,KENNETH,2019-04-25 09:00:00,-11.9,41.4,123.0,4,POINT (41.4 -11.9),112,KENNETH_2019_04
2026076S12157,2026,South Pacific,NARELLE,2026-03-19 15:00:00,-13.7,144.7,122.0,4,POINT (144.7 -13.7),21,NARELLE_2026_03
2020346S13168,2021,South Pacific,YASA,2020-12-17 03:00:00,-16.2,178.2,120.0,4,POINT (178.2 -16.2),16,YASA_2020_12
1980296N05165,1980,Western Pacific,BETTY,1980-11-04 12:00:00,15.8,122.8,120.0,4,POINT (122.8 15.8),51,BETTY_1980_11
1984302N00149,1984,Western Pacific,AGNES,1984-11-04 18:00:00,11.2,125.8,120.0,4,POINT (125.8 11.2),49,AGNES_1984_11
2001303N13276,2001,North Atlantic,MICHELLE,2001-11-04 18:00:00,21.5,-81.8,120.0,4,POINT (-81.8 21.5),61,MICHELLE_2001_11
2016185N08145,2016,Western Pacific,NEPARTAK,2016-07-07 18:00:00,22.4,121.7,120.0,4,POINT (121.7 22.4),63,NEPARTAK_2016_07
2023271N14144,2023,Western Pacific,KOINU,2023-10-04 18:00:00,21.9,121.3,120.0,4,POINT (121.3 21.9),63,KOINU_2023_10
2024268N17278,2024,North Atlantic,HELENE,2024-09-27 03:10:00,30.0,-83.7,120.0,4,POINT (-83.7 30),95,HELENE_2024_09
2019329N09160,2019,Western Pacific,KAMMURI,2019-12-02 12:00:00,12.9,124.7,120.0,4,POINT (124.7 12.9),49,KAMMURI_2019_12
1999288N15093,1999,North Indian,UNNAMED,1999-10-17 06:00:00,18.0,85.0,120.0,4,POINT (85 18),112,UNNAMED_1999_10
2008262N16142,2008,Western Pacific,HAGUPIT,2008-09-23 18:00:00,21.1,112.6,120.0,4,POINT (112.6 21.1),112,HAGUPIT_2008_09
2007066S12066,2007,South Indian,INDLALA,2007-03-14 18:00:00,-14.7,51.0,120.0,4,POINT (51 -14.7),20,INDLALA_2007_03
2000083S17102,2000,South Indian,HUDAH,2000-04-02 15:00:00,-15.2,51.0,120.0,4,POINT (51 -15.2),20,HUDAH_2000_04
2025168N11269,2025,Eastern Pacific,ERICK,2025-06-19 06:00:00,15.5,-97.5,120.0,4,POINT (-97.5 15.5),95,ERICK_2025_06
2000273N16277,2000,North Atlantic,KEITH,2000-10-01 07:00:00,17.9,-87.3,120.0,4,POINT (-87.3 17.9),95,KEITH_2000_10
2016288N06146,2016,Western Pacific,HAIMA,2016-10-19 12:00:00,17.3,123.2,120.0,4,POINT (123.2 17.3),51,HAIMA_2016_10
1988308N09140,1988,Western Pacific,SKIP,1988-11-07 00:00:00,10.9,126.0,120.0,4,POINT (126 10.9),49,SKIP_1988_11
2023276N11254,2023,Eastern Pacific,LIDIA,2023-10-11 00:00:00,20.1,-105.5,120.0,4,POINT (-105.5 20.1),95,LIDIA_2023_10
1981256N10150,1981,Western Pacific,CLARA,1981-09-20 00:00:00,18.8,122.1,120.0,4,POINT (122.1 18.8),51,CLARA_1981_09
1989254N13340,1989,North Atlantic,HUGO,1989-09-22 04:00:00,32.8,-79.8,120.0,4,POINT (-79.8 32.8),95,HUGO_1989_09
2023201N13134,2023,Western Pacific,DOKSURI,2023-07-25 15:00:00,19.0,122.1,120.0,4,POINT (122.1 19),51,DOKSURI_2023_07
2015263N14148,2015,Western Pacific,DUJUAN,2015-09-28 09:00:00,24.2,122.1,120.0,4,POINT (122.1 24.2),63,DUJUAN_2015_09
1994117N07096,1994,North Indian,UNNAMED,1994-05-02 09:00:00,20.1,91.8,118.0,4,POINT (91.8 20.1),112,UNNAMED_1994_05
1995250N09161,1995,Western Pacific,OSCAR,1995-09-17 03:00:00,34.7,141.1,118.0,4,POINT (141.1 34.7),71,OSCAR_1995_09
1993336N05164,1993,Western Pacific,MANNY,1993-12-09 15:00:00,13.1,125.8,118.0,4,POINT (125.8 13.1),49,MANNY_1993_12
2012230N21126,2012,Western Pacific,TEMBIN,2012-08-23 15:00:00,22.6,122.0,118.0,4,POINT (122 22.6),63,TEMBIN_2012_08
2005192N11318,2005,North Atlantic,EMILY,2005-07-18 03:00:00,20.0,-86.6,118.0,4,POINT (-86.6 20),95,EMILY_2005_07
2019077S13123,2019,South Indian,VERONICA,2019-03-24 00:00:00,-20.1,117.6,115.0,4,POINT (117.6 -20.1),21,VERONICA_2019_03
2012201N15129,2012,Western Pacific,VICENTE,2012-07-23 15:00:00,21.4,113.8,115.0,4,POINT (113.8 21.4),112,VICENTE_2012_07
2025308N10143,2025,Western Pacific,FUNG-WONG,2025-11-09 06:00:00,14.9,123.2,115.0,4,POINT (123.2 14.9),51,FUNG-WONG_2025_11
2024341S12086,2025,South Indian,CHIDO,2024-12-15 00:00:00,-13.3,41.4,115.0,4,POINT (41.4 -13.3),112,CHIDO_2024_12
2023239N21274,2023,North Atlantic,IDALIA,2023-08-30 09:00:00,29.1,-84.1,115.0,4,POINT (-84.1 29.1),95,IDALIA_2023_08
1984253N29283,1984,North Atlantic,DIANA,1984-09-12 00:00:00,33.9,-77.7,115.0,4,POINT (-77.7 33.9),95,DIANA_1984_09
1992064S10184,1992,South Pacific,FRAN,1992-03-10 00:00:00,-19.6,164.9,115.0,4,POINT (164.9 -19.6),14,FRAN_1992_03
1994064S13099,1994,South Indian,LITANNE,1994-03-15 12:00:00,-18.6,49.9,115.0,4,POINT (49.9 -18.6),20,LITANNE_1994_03
2016287N12131,2016,Western Pacific,SARIKA,2016-10-15 18:00:00,15.7,121.8,115.0,4,POINT (121.8 15.7),51,SARIKA_2016_10
2011266N13139,2011,Western Pacific,NESAT,2011-09-26 18:00:00,16.2,123.0,115.0,4,POINT (123 16.2),51,NESAT_2011_09
1992249N12229,1992,Eastern Pacific,INIKI,1992-09-12 00:00:00,21.5,-159.8,115.0,4,POINT (-159.8 21.5),60,INIKI_1992_09
2004072S11146,2004,South Indian,FAY,2004-03-26 18:00:00,-19.3,120.0,115.0,4,POINT (120 -19.3),21,FAY_2004_03
1989037S16164,1989,South Pacific,HARRY,1989-02-10 18:00:00,-19.7,165.3,115.0,4,POINT (165.3 -19.7),14,HARRY_1989_02
1994026S11078,1994,South Indian,GERALDA,1994-02-02 06:00:00,-17.8,50.3,115.0,4,POINT (50.3 -17.8),20,GERALDA_1994_02
2019063S18038,2019,South Indian,IDAI,2019-03-11 03:00:00,-17.3,43.0,115.0,4,POINT (43 -17.3),20,IDAI_2019_03
2010069S12188,2010,South Pacific,TOMAS,2010-03-15 12:00:00,-16.8,-179.6,115.0,4,POINT (-179.6 -16.8),17,TOMAS_2010_03
1997279N12263,1997,Eastern Pacific,PAULINE,1997-10-08 18:00:00,15.3,-96.3,115.0,4,POINT (-96.3 15.3),95,PAULINE_1997_10
1996192N19152,1996,Western Pacific,EVE,1996-07-17 23:00:00,30.4,130.5,115.0,4,POINT (130.5 30.4),71,EVE_1996_07
1985078S14138,1985,South Pacific,SANDY,1985-03-23 12:00:00,-15.5,137.9,115.0,4,POINT (137.9 -15.5),21,SANDY_1985_03
1993240N17142,1993,Western Pacific,YANCY,1993-09-03 06:00:00,30.9,130.3,115.0,4,POINT (130.3 30.9),71,YANCY_1993_09
1997061S08171,1997,South Pacific,GAVIN,1997-03-06 18:00:00,-15.6,178.6,115.0,4,POINT (178.6 -15.6),16,GAVIN_1997_03
1980257N17133,1980,Western Pacific,PERCY,1980-09-18 00:00:00,21.9,121.1,115.0,4,POINT (121.1 21.9),63,PERCY_1980_09
1999251N15314,1999,North Atlantic,FLOYD,1999-09-15 00:00:00,27.1,-77.7,115.0,4,POINT (-77.7 27.1),64,FLOYD_1999_09
2005268N19146,2005,Western Pacific,LONGWANG,2005-10-01 18:00:00,23.5,122.5,115.0,4,POINT (122.5 23.5),63,LONGWANG_2005_10
2005192N22155,2005,Western Pacific,HAITANG,2005-07-17 21:00:00,23.8,122.4,115.0,4,POINT (122.4 23.8),63,HAITANG_2005_07
2014279N11096,2014,North Indian,HUDHUD,2014-10-12 00:00:00,17.2,84.1,115.0,4,POINT (84.1 17.2),112,HUDHUD_2014_10
2006350S07071,2007,South Indian,BONDO,2006-12-24 00:00:00,-12.2,48.6,115.0,4,POINT (48.6 -12.2),20,BONDO_2006_12
2012039S14075,2012,South Indian,GIOVANNA,2012-02-13 18:00:00,-19.1,50.1,115.0,4,POINT (50.1 -19.1),20,GIOVANNA_2012_02
2017082S14152,2017,South Pacific,DEBBIE,2017-03-27 18:00:00,-19.8,149.3,115.0,4,POINT (149.3 -19.8),21,DEBBIE_2017_03
2006074S13158,2006,South Pacific,LARRY,2006-03-19 18:00:00,-17.5,146.8,115.0,4,POINT (146.8 -17.5),21,LARRY_2006_03
1980201N08155,1980,Western Pacific,KIM,1980-07-24 21:00:00,16.5,122.9,115.0,4,POINT (122.9 16.5),51,KIM_1980_07
2015273N12130,2015,Western Pacific,MUJIGAE,2015-10-04 03:00:00,20.9,111.0,115.0,4,POINT (111 20.9),55,MUJIGAE_2015_10
2000032S11116,2000,South Indian,ELINE:LEONE,2000-02-22 06:00:00,-20.6,35.0,115.0,4,POINT (35 -20.6),112,ELINE:LEONE_2000_02
2008245N17323,2008,North Atlantic,IKE,2008-09-08 02:00:00,21.1,-75.7,115.0,4,POINT (-75.7 21.1),61,IKE_2008_09
1997133N03092,1997,North Indian,UNNAMED,1997-05-19 09:00:00,21.6,91.4,115.0,4,POINT (91.4 21.6),112,UNNAMED_1997_05
2008268N12140,2008,Western Pacific,JANGMI,2008-09-28 06:00:00,23.9,122.4,115.0,4,POINT (122.4 23.9),63,JANGMI_2008_09
2017228N14314,2017,North Atlantic,HARVEY,2017-08-26 00:00:00,27.8,-96.8,115.0,4,POINT (-96.8 27.8),95,HARVEY_2017_08
1997018S11059,1997,South Indian,GRETELLE,1997-01-24 09:00:00,-22.7,48.1,115.0,4,POINT (48.1 -22.7),20,GRETELLE_1997_01
2003196N05150,2003,Western Pacific,IMBUDO,2003-07-22 00:00:00,16.4,123.0,115.0,4,POINT (123 16.4),51,IMBUDO_2003_07
1996306N15097,1996,North Indian,UNNAMED,1996-11-06 15:00:00,16.6,82.2,115.0,4,POINT (82.2 16.6),112,UNNAMED_1996_11
2008117N11090,2008,North Indian,NARGIS,2008-05-02 09:00:00,16.0,94.1,115.0,4,POINT (94.1 16),112,NARGIS_2008_05
2021133N10071,2021,North Indian,TAUKTAE,2021-05-17 15:00:00,20.5,71.3,115.0,4,POINT (71.3 20.5),112,TAUKTAE_2021_05
2008037S10055,2008,South Indian,IVAN,2008-02-17 00:00:00,-17.0,50.5,115.0,4,POINT (50.5 -17),20,IVAN_2008_02
2025039S14125,2025,South Indian,ZELIA,2025-02-14 00:00:00,-19.5,118.7,115.0,4,POINT (118.7 -19.5),21,ZELIA_2025_02
1993164N04160,1993,Western Pacific,KORYN,1993-06-25 15:00:00,16.6,123.3,113.0,4,POINT (123.3 16.6),51,KORYN_1993_06
2006114N08090,2006,North Indian,MALA,2006-04-28 21:00:00,16.5,93.6,113.0,4,POINT (93.6 16.5),112,MALA_2006_04
2022293N15259,2022,Eastern Pacific,ROSLYN,2022-10-23 03:00:00,20.0,-106.6,113.0,4,POINT (-106.6 20),95,ROSLYN_2022_10
2006240N12265,2006,Eastern Pacific,JOHN,2006-08-30 21:00:00,17.3,-103.4,113.0,4,POINT (-103.4 17.3),95,JOHN_2006_08
2014334N02156,2014,Western Pacific,HAGUPIT,2014-12-06 09:00:00,12.1,126.2,113.0,4,POINT (126.2 12.1),49,HAGUPIT_2014_12
1996001S08075,1996,South Indian,BONITA,1996-01-10 21:00:00,-17.7,49.9,113.0,4,POINT (49.9 -17.7),20,BONITA_1996_01
2002258N10300,2002,North Atlantic,ISIDORE,2002-09-22 00:00:00,22.1,-86.5,110.0,3,POINT (-86.5 22.1),95,ISIDORE_2002_09
1985240N20286,1985,North Atlantic,ELENA,1985-09-02 00:00:00,29.4,-85.9,110.0,3,POINT (-85.9 29.4),95,ELENA_1985_09
2010257N16282,2010,North Atlantic,KARL,2010-09-17 12:00:00,19.6,-95.6,110.0,3,POINT (-95.6 19.6),95,KARL_2010_09
1994344S09112,1995,South Indian,ANNETTE,1994-12-18 03:00:00,-18.7,120.5,110.0,3,POINT (120.5 -18.7),21,ANNETTE_1994_12
2007337S12186,2008,South Pacific,DAMAN,2007-12-07 12:00:00,-15.6,179.7,110.0,3,POINT (179.7 -15.6),16,DAMAN_2007_12
2008062S10064,2008,South Indian,JOKWE,2008-03-08 06:00:00,-15.4,40.8,110.0,3,POINT (40.8 -15.4),112,JOKWE_2008_03
2021058S14149,2021,South Pacific,NIRAN,2021-03-06 00:00:00,-21.4,163.8,110.0,3,POINT (163.8 -21.4),14,NIRAN_2021_03
1999275N16135,1999,Western Pacific,DAN,1999-10-05 00:00:00,18.2,122.5,110.0,3,POINT (122.5 18.2),51,DAN_1999_10
2005241N15155,2005,Western Pacific,NABI,2005-09-05 18:00:00,30.3,130.2,110.0,3,POINT (130.2 30.3),71,NABI_2005_09
2000333S11140,2001,South Indian,SAM,2000-12-08 00:00:00,-18.1,121.0,110.0,3,POINT (121 -18.1),21,SAM_2000_12
1988327N06100,1988,North Indian,UNNAMED,1988-11-29 12:00:00,21.8,89.0,110.0,3,POINT (89 21.8),112,UNNAMED_1988_11
2006257N16259,2006,Eastern Pacific,LANE,2006-09-16 19:15:00,24.1,-107.2,110.0,3,POINT (-107.2 24.1),95,LANE_2006_09
1992338S04173,1993,South Pacific,JONI,1992-12-10 06:00:00,-17.5,176.8,110.0,3,POINT (176.8 -17.5),15,JONI_1992_12
1999135N12073,1999,North Indian,UNNAMED,1999-05-19 21:00:00,22.9,67.6,110.0,3,POINT (67.6 22.9),112,UNNAMED_1999_05
2015226N12151,2015,Western Pacific,GONI,2015-08-24 18:00:00,31.6,130.0,110.0,3,POINT (130 31.6),71,GONI_2015_08
1983201N08144,1983,Western Pacific,WAYNE,1983-07-24 18:00:00,21.2,120.5,110.0,3,POINT (120.5 21.2),63,WAYNE_1983_07
2019074S08151,2019,South Pacific,TREVOR,2019-03-22 18:00:00,-15.6,138.2,110.0,3,POINT (138.2 -15.6),21,TREVOR_2019_03
1982283N17148,1982,Western Pacific,NANCY,1982-10-14 09:00:00,17.5,122.9,110.0,3,POINT (122.9 17.5),51,NANCY_1982_10
2014253N13260,2014,Eastern Pacific,ODILE,2014-09-15 03:00:00,22.5,-109.7,110.0,3,POINT (-109.7 22.5),95,ODILE_2014_09
2014246N17254,2014,Eastern Pacific,NORBERT,2014-09-06 06:00:00,24.4,-113.1,110.0,3,POINT (-113.1 24.4),95,NORBERT_2014_09
2007058S12135,2007,South Indian,GEORGE,2007-03-08 12:00:00,-19.9,119.0,110.0,3,POINT (119 -19.9),21,GEORGE_2007_03
1994053S08155,1994,South Pacific,THEODORE,1994-02-26 18:00:00,-19.8,165.0,110.0,3,POINT (165 -19.8),14,THEODORE_1994_02
2007151N14072,2007,North Indian,GONU,2007-06-05 18:00:00,22.0,60.6,110.0,3,POINT (60.6 22),112,GONU_2007_06
2008169N08135,2008,Western Pacific,FENGSHEN,2008-06-21 00:00:00,11.9,122.7,110.0,3,POINT (122.7 11.9),48,FENGSHEN_2008_06
1995049S11133,1995,South Indian,BOBBY,1995-02-24 12:00:00,-21.3,115.5,110.0,3,POINT (115.5 -21.3),21,BOBBY_1995_02
2025322S10131,2026,South Indian,FINA,2025-11-24 06:00:00,-14.3,128.0,109.0,3,POINT (128 -14.3),21,FINA_2025_11
2026039S18057,2026,South Indian,GEZANI,2026-02-10 12:00:00,-18.1,50.1,109.0,3,POINT (50.1 -18.1),20,GEZANI_2026_02
2010151N14065,2010,North Indian,PHET,2010-06-03 15:00:00,20.2,59.4,108.0,3,POINT (59.4 20.2),112,PHET_2010_06
1991289N06156,1991,Western Pacific,RUTH,1991-10-27 03:00:00,18.5,123.0,108.0,3,POINT (123 18.5),51,RUTH_1991_10
1988193N09149,1988,Western Pacific,WARREN,1988-07-17 15:00:00,18.0,123.3,108.0,3,POINT (123.3 18),51,WARREN_1988_07
2005248N08142,2005,Western Pacific,KHANUN,2005-09-11 03:00:00,27.8,122.3,108.0,3,POINT (122.3 27.8),112,KHANUN_2005_09
2016265N10150,2016,Western Pacific,MEGI,2016-09-27 03:00:00,23.7,122.5,108.0,3,POINT (122.5 23.7),63,MEGI_2016_09
1993298N11154,1993,Western Pacific,IRA,1993-11-01 03:00:00,16.0,122.9,108.0,3,POINT (122.9 16),51,IRA_1993_11
1981319N07163,1981,Western Pacific,IRMA,1981-11-23 15:00:00,13.5,125.4,108.0,3,POINT (125.4 13.5),49,IRMA_1981_11
1991163N11128,1991,Western Pacific,YUNYA,1991-06-14 06:00:00,14.4,123.5,105.0,3,POINT (123.5 14.4),51,YUNYA_1991_06
1987263N10309,1987,North Atlantic,EMILY,1987-09-23 00:00:00,17.8,-70.4,105.0,3,POINT (-70.4 17.8),54,EMILY_1987_09
2019354N05151,2019,Western Pacific,PHANFONE,2019-12-25 00:00:00,11.8,122.4,105.0,3,POINT (122.4 11.8),48,PHANFONE_2019_12
2019302N11118,2019,North Indian,BULBUL:MATMO,2019-11-09 15:00:00,21.4,88.3,105.0,3,POINT (88.3 21.4),112,BULBUL:MATMO_2019_11
1994231N12157,1994,Western Pacific,GLADYS,1994-09-01 00:00:00,24.1,122.4,105.0,3,POINT (122.4 24.1),63,GLADYS_1994_09
1995236N10134,1995,Western Pacific,KENT,1995-08-31 00:00:00,22.3,116.8,105.0,3,POINT (116.8 22.3),112,KENT_1995_08
1995241N11333,1995,North Atlantic,LUIS,1995-09-11 06:00:00,47.1,-54.2,105.0,-4,POINT (-54.2 47.1),77,LUIS_1995_09
2024267N14261,2024,Eastern Pacific,JOHN,2024-09-24 03:15:00,16.6,-98.9,105.0,3,POINT (-98.9 16.6),95,JOHN_2024_09
2012296N06135,2012,Western Pacific,SON-TINH,2012-10-27 18:00:00,18.1,107.9,105.0,3,POINT (107.9 18.1),55,SON-TINH_2012_10
1989089S11158,1989,South Pacific,AIVU,1989-04-03 21:00:00,-19.0,148.0,105.0,3,POINT (148 -19),21,AIVU_1989_04
2024298N13150,2024,Western Pacific,KONG-REY,2024-10-31 03:00:00,22.4,121.7,105.0,3,POINT (121.7 22.4),63,KONG-REY_2024_10
1996079S12170,1996,South Pacific,BETI,1996-03-26 18:00:00,-19.7,164.8,105.0,3,POINT (164.8 -19.7),14,BETI_1996_03
1989238N22253,1989,Eastern Pacific,KIKO,1989-08-27 00:00:00,23.5,-109.3,105.0,3,POINT (-109.3 23.5),95,KIKO_1989_08
2010256N17137,2010,Western Pacific,FANAPI,2010-09-18 21:00:00,23.9,122.4,105.0,3,POINT (122.4 23.9),63,FANAPI_2010_09
1986179N11175,1986,Western Pacific,PEGGY,1986-07-08 15:00:00,17.7,123.2,105.0,3,POINT (123.2 17.7),51,PEGGY_1986_07
2011264N13264,2011,Eastern Pacific,HILARY,2011-09-23 00:00:00,15.9,-100.3,105.0,3,POINT (-100.3 15.9),95,HILARY_2011_09
2016256N12146,2016,Western Pacific,MALAKAS,2016-09-17 03:00:00,24.7,122.9,105.0,3,POINT (122.9 24.7),63,MALAKAS_2016_09
2021225N15313,2021,North Atlantic,GRACE,2021-08-21 03:00:00,20.6,-96.5,105.0,3,POINT (-96.5 20.6),95,GRACE_2021_08
1998152N11075,1998,North Indian,UNNAMED,1998-06-09 00:00:00,21.5,69.0,105.0,3,POINT (69 21.5),112,UNNAMED_1998_06
2023292S03172,2024,South Pacific,LOLA,2023-10-24 15:00:00,-15.8,168.3,105.0,3,POINT (168.3 -15.8),18,LOLA_2023_10
1998259N10335,1998,North Atlantic,GEORGES,1998-09-22 12:00:00,18.2,-68.5,105.0,3,POINT (-68.5 18.2),54,GEORGES_1998_09
2004288N09164,2004,Western Pacific,NOCK-TEN,2004-10-24 21:00:00,23.4,122.3,105.0,3,POINT (122.3 23.4),63,NOCK-TEN_2004_10
2004275N14139,2004,Western Pacific,MA-ON,2004-10-09 06:00:00,34.3,138.3,105.0,3,POINT (138.3 34.3),71,MA-ON_2004_10
2004258N16300,2004,North Atlantic,JEANNE,2004-09-25 18:00:00,26.9,-78.2,105.0,3,POINT (-78.2 26.9),64,JEANNE_2004_09
1982077N04161,1982,Western Pacific,NELSON,1982-03-25 12:00:00,10.4,126.3,105.0,3,POINT (126.3 10.4),49,NELSON_1982_03
1992055S12119,1992,South Indian,IAN,1992-03-02 12:00:00,-20.1,115.7,105.0,3,POINT (115.7 -20.1),21,IAN_1992_03
1991257N16130,1991,Western Pacific,NAT,1991-09-22 21:00:00,22.1,121.1,105.0,3,POINT (121.1 22.1),63,NAT_1991_09
2004056S18125,2004,South Indian,MONTY,2004-03-01 00:00:00,-20.4,115.2,105.0,3,POINT (115.2 -20.4),21,MONTY_2004_03
2004052S15172,2004,South Pacific,IVY,2004-02-25 18:00:00,-16.3,167.8,105.0,3,POINT (167.8 -16.3),18,IVY_2004_02
2007223N19136,2007,Western Pacific,SEPAT,2007-08-17 18:00:00,22.7,122.0,105.0,3,POINT (122 22.7),63,SEPAT_2007_08
2023239N18144,2023,Western Pacific,HAIKUI,2023-09-03 06:00:00,22.9,121.5,105.0,3,POINT (121.5 22.9),63,HAIKUI_2023_09
2009017S20043,2009,South Indian,FANELE,2009-01-20 18:00:00,-20.1,43.2,105.0,3,POINT (43.2 -20.1),20,FANELE_2009_01
2018294N08161,2018,Western Pacific,YUTU,2018-10-29 18:00:00,16.8,123.0,105.0,3,POINT (123 16.8),51,YUTU_2018_10
1982202N12148,1982,Western Pacific,ANDY,1982-07-28 18:00:00,22.4,121.7,105.0,3,POINT (121.7 22.4),63,ANDY_1982_07
2018281N14088,2018,North Indian,TITLI,2018-10-10 18:00:00,18.3,85.0,105.0,3,POINT (85 18.3),112,TITLI_2018_10
2025305N10138,2025,Western Pacific,KALMAEGI,2025-11-06 09:00:00,13.4,109.9,104.0,3,POINT (109.9 13.4),112,KALMAEGI_2025_11
2006081S14129,2006,South Indian,GLENDA,2006-03-30 03:00:00,-20.0,116.2,103.0,3,POINT (116.2 -20),21,GLENDA_2006_03
1995271N19273,1995,North Atlantic,OPAL,1995-10-04 21:00:00,30.0,-87.3,103.0,3,POINT (-87.3 30),95,OPAL_1995_10
2005261N21290,2005,North Atlantic,RITA,2005-09-24 03:00:00,29.0,-93.3,103.0,3,POINT (-93.3 29),95,RITA_2005_09
2005237N14148,2005,Western Pacific,TALIM,2005-08-31 15:00:00,23.9,122.2,103.0,3,POINT (122.2 23.9),63,TALIM_2005_08
1999092S11131,1999,South Indian,GWENDA,1999-04-07 11:00:00,-19.6,118.2,102.0,3,POINT (118.2 -19.6),21,GWENDA_1999_04
1999013S13164,1999,South Pacific,DANI,1999-01-18 18:00:00,-13.7,166.4,100.0,3,POINT (166.4 -13.7),19,DANI_1999_01
1995340S10116,1996,South Indian,FRANK,1995-12-11 10:00:00,-21.7,113.3,100.0,3,POINT (113.3 -21.7),21,FRANK_1995_12
1995294N05163,1995,Western Pacific,ZACK,1995-11-01 00:00:00,14.8,109.6,100.0,3,POINT (109.6 14.8),112,ZACK_1995_11
2018292N14261,2018,Eastern Pacific,WILLA,2018-10-24 00:00:00,22.5,-106.0,100.0,3,POINT (-106 22.5),95,WILLA_2018_10
2001206N14134,2001,Western Pacific,TORAJI,2001-07-29 18:00:00,23.8,121.3,100.0,3,POINT (121.3 23.8),63,TORAJI_2001_07
2022254N24143,2022,Western Pacific,NANMADOL,2022-09-18 03:00:00,30.2,130.7,100.0,3,POINT (130.7 30.2),71,NANMADOL_2022_09
2016323N13279,2016,North Atlantic,OTTO,2016-11-24 12:00:00,11.0,-83.0,100.0,3,POINT (-83 11),95,OTTO_2016_11
1982120N11083,1982,North Indian,UNNAMED,1982-05-04 12:00:00,17.4,94.0,100.0,3,POINT (94 17.4),112,UNNAMED_1982_05
2013052S13126,2013,South Indian,RUSTY,2013-02-26 18:00:00,-19.3,119.2,100.0,3,POINT (119.2 -19.3),21,RUSTY_2013_02
2013282N14132,2013,Western Pacific,NARI,2013-10-11 12:00:00,15.5,122.4,100.0,3,POINT (122.4 15.5),51,NARI_2013_10
1987343N05154,1987,Western Pacific,PHYLLIS,1987-12-16 00:00:00,11.8,125.0,100.0,3,POINT (125 11.8),49,PHYLLIS_1987_12
2018239N11161,2018,Western Pacific,JEBI,2018-09-04 00:00:00,32.4,133.8,100.0,3,POINT (133.8 32.4),66,JEBI_2018_09
2008229N13147,2008,Western Pacific,NURI,2008-08-20 00:00:00,18.7,122.0,100.0,3,POINT (122 18.7),51,NURI_2008_08
2003247N10153,2003,Western Pacific,MAEMI,2003-09-12 09:00:00,33.8,127.6,100.0,3,POINT (127.6 33.8),112,MAEMI_2003_09
1999260N20130,1999,Western Pacific,BART,1999-09-23 18:00:00,31.9,129.7,100.0,3,POINT (129.7 31.9),71,BART_1999_09
1996066S17129,1996,South Indian,KIRSTY,1996-03-11 18:00:00,-19.8,119.7,100.0,3,POINT (119.7 -19.8),21,KIRSTY_1996_03
2007043S11071,2007,South Indian,FAVIO,2007-02-22 00:00:00,-22.9,36.3,100.0,3,POINT (36.3 -22.9),112,FAVIO_2007_02
2024309N13283,2024,North Atlantic,RAFAEL,2024-11-06 21:15:00,22.7,-82.7,100.0,3,POINT (-82.7 22.7),61,RAFAEL_2024_11
1985012S16161,1985,South Pacific,ERIC,1985-01-17 12:00:00,-18.1,178.3,100.0,3,POINT (178.3 -18.1),15,ERIC_1985_01
2006340N08142,2006,Western Pacific,UTOR,2006-12-10 00:00:00,12.2,121.7,100.0,3,POINT (121.7 12.2),48,UTOR_2006_12
1998232N15312,1998,North Atlantic,BONNIE,1998-08-26 15:00:00,33.1,-77.8,100.0,3,POINT (-77.8 33.1),95,BONNIE_1998_08
2005017S09061,2005,South Indian,ERNEST,2005-01-22 15:00:00,-22.4,42.4,100.0,3,POINT (42.4 -22.4),20,ERNEST_2005_01
1983228N27270,1983,North Atlantic,ALICIA,1983-08-18 06:00:00,28.9,-95.0,100.0,3,POINT (-95 28.9),95,ALICIA_1983_08
1998087S15172,1998,South Pacific,ZUMAN,1998-03-31 18:00:00,-14.9,167.0,100.0,3,POINT (167 -14.9),19,ZUMAN_1998_03
1985014S16151,1985,South Pacific,NIGEL,1985-01-19 06:00:00,-17.2,177.6,100.0,3,POINT (177.6 -17.2),15,NIGEL_1985_01
1993331N05172,1993,Western Pacific,LOLA,1993-12-08 15:00:00,11.6,109.8,100.0,3,POINT (109.8 11.6),112,LOLA_1993_12
2012296N14283,2012,North Atlantic,SANDY,2012-10-25 05:25:00,20.0,-76.0,100.0,3,POINT (-76 20),61,SANDY_2012_10
1998213N14128,1998,Western Pacific,OTTO,1998-08-04 00:00:00,22.2,121.9,100.0,3,POINT (121.9 22.2),63,OTTO_1998_08
2019160N11073,2019,North Indian,VAYU,2019-06-13 12:00:00,20.8,69.1,100.0,3,POINT (69.1 20.8),112,VAYU_2019_06
2019214N15134,2019,Western Pacific,LEKIMA,2019-08-09 12:00:00,27.5,122.0,100.0,3,POINT (122 27.5),112,LEKIMA_2019_08
2020129N07134,2020,Western Pacific,VONGFONG,2020-05-14 06:00:00,12.2,125.3,100.0,3,POINT (125.3 12.2),49,VONGFONG_2020_05
1993235N20307,1993,North Atlantic,EMILY,1993-08-31 21:00:00,35.2,-75.1,100.0,3,POINT (-75.1 35.2),95,EMILY_1993_08
2015068S12151,2015,South Pacific,NATHAN,2015-03-19 18:00:00,-14.7,145.1,100.0,3,POINT (145.1 -14.7),21,NATHAN_2015_03
2011253N20145,2011,Western Pacific,ROKE,2011-09-21 00:00:00,33.0,136.0,100.0,3,POINT (136 33),71,ROKE_2011_09
2013259N17132,2013,Western Pacific,USAGI,2013-09-22 06:00:00,22.4,116.8,100.0,3,POINT (116.8 22.4),112,USAGI_2013_09
1993250N17119,1993,Western Pacific,ABE,1993-09-13 18:00:00,22.6,117.1,100.0,3,POINT (117.1 22.6),112,ABE_1993_09
1987245N15133,1987,Western Pacific,GERALD,1987-09-09 06:00:00,21.3,121.2,100.0,3,POINT (121.2 21.3),63,GERALD_1987_09
1996237N14339,1996,North Atlantic,FRAN,1996-09-06 00:00:00,33.7,-78.0,100.0,3,POINT (-78 33.7),95,FRAN_1996_09
2018136N11054,2018,North Indian,MEKUNU:SAGAR,2018-05-25 12:00:00,16.3,54.3,100.0,3,POINT (54.3 16.3),112,MEKUNU:SAGAR_2018_05
2013360S12124,2014,South Indian,CHRISTINE,2013-12-30 12:00:00,-20.4,117.7,100.0,3,POINT (117.7 -20.4),21,CHRISTINE_2013_12
2017232N19130,2017,Western Pacific,HATO,2017-08-23 03:00:00,21.9,113.7,100.0,3,POINT (113.7 21.9),112,HATO_2017_08
2020299N18277,2020,North Atlantic,ZETA,2020-10-28 21:00:00,29.2,-90.6,100.0,3,POINT (-90.6 29.2),95,ZETA_2020_10
1985281N02144,1985,Western Pacific,CECIL,1985-10-15 15:00:00,16.7,108.7,100.0,3,POINT (108.7 16.7),112,CECIL_1985_10
1992275N14260,1992,Eastern Pacific,VIRGIL,1992-10-03 15:00:00,17.0,-102.6,100.0,3,POINT (-102.6 17),95,VIRGIL_1992_10
2022065S16055,2022,South Indian,GOMBE,2022-03-11 00:00:00,-15.4,40.6,100.0,3,POINT (40.6 -15.4),112,GOMBE_2022_03
2019242N14180,2019,Western Pacific,FAXAI,2019-09-08 12:00:00,34.1,139.0,100.0,3,POINT (139 34.1),71,FAXAI_2019_09
2012018S16041,2012,South Indian,FUNSO,2012-01-21 12:00:00,-18.0,37.9,100.0,3,POINT (37.9 -18),112,FUNSO_2012_01
2019336S06055,2020,South Indian,BELNA,2019-12-09 15:00:00,-16.1,45.0,100.0,3,POINT (45 -16.1),20,BELNA_2019_12
1995281N14278,1995,North Atlantic,ROXANNE,1995-10-10 21:52:00,20.0,-86.7,100.0,3,POINT (-86.7 20),95,ROXANNE_1995_10
2005300N10279,2005,North Atlantic,BETA,2005-10-30 06:00:00,13.3,-83.1,100.0,3,POINT (-83.1 13.3),95,BETA_2005_10
2022024S09090,2022,South Indian,BATSIRAI,2022-02-05 12:00:00,-20.8,49.4,100.0,3,POINT (49.4 -20.8),20,BATSIRAI_2022_02
1983054S15179,1983,South Pacific,OSCAR,1983-03-01 03:00:00,-18.1,176.4,100.0,3,POINT (176.4 -18.1),15,OSCAR_1983_03
2008252N16128,2008,Western Pacific,SINLAKU,2008-09-13 03:00:00,24.2,122.6,100.0,3,POINT (122.6 24.2),63,SINLAKU_2008_09
2023036S12117,2023,South Indian,FREDDY,2023-03-11 06:00:00,-18.0,37.6,100.0,3,POINT (37.6 -18),112,FREDDY_2023_03
1997001S10176,1997,South Pacific,DRENA,1997-01-07 12:00:00,-20.1,163.3,100.0,3,POINT (163.3 -20.1),14,DRENA_1997_01
2022257N16312,2022,North Atlantic,FIONA,2022-09-20 06:00:00,20.8,-70.7,100.0,3,POINT (-70.7 20.8),54,FIONA_2022_09
1980005S14120,1980,South Indian,AMY,1980-01-09 03:00:00,-19.1,119.2,100.0,3,POINT (119.2 -19.1),21,AMY_1980_01
1994345N06165,1994,Western Pacific,AXEL,1994-12-21 03:00:00,10.8,126.4,100.0,3,POINT (126.4 10.8),49,AXEL_1994_12
1984094S10080,1984,South Indian,KAMISY,1984-04-09 00:00:00,-12.3,50.3,100.0,3,POINT (50.3 -12.3),20,KAMISY_1984_04
2020313N08135,2020,Western Pacific,VAMCO,2020-11-11 12:00:00,14.7,122.8,100.0,3,POINT (122.8 14.7),51,VAMCO_2020_11
2015047S12142,2015,South Pacific,LAM,2015-02-19 12:00:00,-12.0,135.4,100.0,3,POINT (135.4 -12),21,LAM_2015_02
2026030S16043,2026,South Indian,FYTIA,2026-01-31 00:00:00,-16.0,44.8,99.0,3,POINT (44.8 -16),20,FYTIA_2026_01
1995256N12309,1995,North Atlantic,MARILYN,1995-09-16 15:00:00,19.3,-66.1,98.0,3,POINT (-66.1 19.3),52,MARILYN_1995_09
1991228N26286,1991,North Atlantic,BOB,1991-08-19 03:00:00,35.5,-74.9,98.0,3,POINT (-74.9 35.5),95,BOB_1991_08
2024233N15148,2024,Western Pacific,SHANSHAN,2024-08-28 09:00:00,30.3,130.1,98.0,3,POINT (130.1 30.3),71,SHANSHAN_2024_08
1990171N11148,1990,Western Pacific,PERCY,1990-06-26 21:00:00,16.8,123.3,98.0,3,POINT (123.3 16.8),51,PERCY_1990_06
1992314N08141,1992,North Indian,FORREST,1992-11-21 03:00:00,20.0,91.8,98.0,3,POINT (91.8 20),112,FORREST_1992_11
1992281N11263,1992,Eastern Pacific,WINIFRED,1992-10-09 15:00:00,18.0,-104.4,98.0,3,POINT (-104.4 18),95,WINIFRED_1992_10
1994076S14078,1994,South Indian,NADIA,1994-03-22 21:00:00,-13.1,50.8,98.0,3,POINT (50.8 -13.1),20,NADIA_1994_03
2015211N13162,2015,Western Pacific,SOUDELOR,2015-08-07 21:00:00,24.0,121.7,98.0,3,POINT (121.7 24),63,SOUDELOR_2015_08
2001170N11138,2001,Western Pacific,CHEBI,2001-06-23 03:00:00,22.8,119.3,98.0,3,POINT (119.3 22.8),63,CHEBI_2001_06
2011038S11062,2011,South Indian,BINGIZA,2011-02-13 21:00:00,-16.0,51.0,98.0,3,POINT (51 -16),20,BINGIZA_2011_02
1994273N08176,1994,Western Pacific,SETH,1994-10-09 21:00:00,25.5,122.8,98.0,3,POINT (122.8 25.5),63,SETH_1994_10
2001309N10130,2001,Western Pacific,LINGLING,2001-11-11 15:00:00,13.6,110.0,98.0,3,POINT (110 13.6),112,LINGLING_2001_11
1995193N06156,1995,Western Pacific,FAYE,1995-07-23 06:00:00,34.3,127.9,95.0,2,POINT (127.9 34.3),112,FAYE_1995_07
2020326N11063,2020,North Indian,GATI,2020-11-22 09:00:00,10.4,52.0,95.0,2,POINT (52 10.4),112,GATI_2020_11
1994224N20152,1994,Western Pacific,FRED,1994-08-21 09:00:00,27.3,121.7,95.0,2,POINT (121.7 27.3),112,FRED_1994_08
1995264N06174,1995,Western Pacific,SIBYL,1995-09-30 12:00:00,13.7,121.7,95.0,2,POINT (121.7 13.7),50,SIBYL_1995_09
1991220N10133,1991,Western Pacific,FRED,1991-08-16 00:00:00,20.3,110.4,95.0,2,POINT (110.4 20.3),55,FRED_1991_08
1994259N12128,1994,Western Pacific,ORCHID,1994-09-29 06:00:00,32.4,134.8,95.0,2,POINT (134.8 32.4),66,ORCHID_1994_09
1996210N05156,1996,Western Pacific,KIRK,1996-08-13 18:00:00,31.1,129.3,95.0,2,POINT (129.3 31.1),71,KIRK_1996_08
2023290N12256,2023,Eastern Pacific,NORMA,2023-10-21 09:00:00,21.9,-110.2,95.0,2,POINT (-110.2 21.9),95,NORMA_2023_10
2018184N10147,2018,Western Pacific,MARIA,2018-07-10 21:00:00,26.3,121.1,95.0,2,POINT (121.1 26.3),112,MARIA_2018_07
2020136N10088,2020,North Indian,AMPHAN,2020-05-20 12:00:00,22.1,88.4,95.0,2,POINT (88.4 22.1),112,AMPHAN_2020_05
2012070S17112,2012,South Indian,LUA,2012-03-17 03:00:00,-19.1,119.8,95.0,2,POINT (119.8 -19.1),21,LUA_2012_03
2017364S12065,2018,South Indian,AVA,2018-01-05 06:00:00,-17.8,50.0,95.0,2,POINT (50 -17.8),20,AVA_2018_01
2008278N13261,2008,Eastern Pacific,NORBERT,2008-10-11 12:00:00,23.7,-112.3,95.0,2,POINT (-112.3 23.7),95,NORBERT_2008_10
1982262N12270,1982,Eastern Pacific,PAUL,1982-09-29 15:00:00,22.0,-109.9,95.0,2,POINT (-109.9 22),95,PAUL_1982_09
1996227N08156,1996,Western Pacific,NIKI,1996-08-21 18:00:00,18.2,110.3,95.0,2,POINT (110.3 18.2),55,NIKI_1996_08
1997232N14136,1997,Western Pacific,AMBER,1997-08-28 15:00:00,22.7,122.1,95.0,2,POINT (122.1 22.7),63,AMBER_1997_08
1985320N21296,1985,North Atlantic,KATE,1985-11-19 00:00:00,22.1,-76.8,95.0,2,POINT (-76.8 22.1),61,KATE_1985_11
2003056S21042,2003,South Indian,JAPHET,2003-03-02 06:00:00,-22.6,36.4,95.0,2,POINT (36.4 -22.6),112,JAPHET_2003_03
2003011S09182,2003,South Pacific,AMI,2003-01-13 18:00:00,-17.0,180.0,95.0,2,POINT (180 -17),16,AMI_2003_01
1999286N16278,1999,North Atlantic,IRENE,1999-10-18 06:00:00,34.8,-75.2,95.0,2,POINT (-75.2 34.8),95,IRENE_1999_10
2010176N16278,2010,North Atlantic,ALEX,2010-07-01 02:00:00,24.2,-97.7,95.0,2,POINT (-97.7 24.2),95,ALEX_2010_07
1992212N05154,1992,Western Pacific,JANIS,1992-08-07 18:00:00,30.9,129.7,95.0,2,POINT (129.7 30.9),71,JANIS_1992_08
2012166N09269,2012,Eastern Pacific,CARLOTTA,2012-06-15 21:00:00,14.9,-96.3,95.0,2,POINT (-96.3 14.9),95,CARLOTTA_2012_06
1985162N05154,1985,Western Pacific,HAL,1985-06-21 18:00:00,18.5,122.8,95.0,2,POINT (122.8 18.5),51,HAL_1985_06
2013269N15118,2013,Western Pacific,WUTIP,2013-09-30 06:00:00,17.6,107.5,95.0,2,POINT (107.5 17.6),112,WUTIP_2013_09
1993186N13262,1993,Eastern Pacific,CALVIN,1993-07-07 12:00:00,18.2,-104.1,95.0,2,POINT (-104.1 18.2),95,CALVIN_1993_07
1992005S07172,1992,South Pacific,BETSY,1992-01-09 06:00:00,-16.8,166.9,95.0,2,POINT (166.9 -16.8),18,BETSY_1992_01
1996049S10068,1996,South Indian,EDWIGE,1996-02-26 21:00:00,-20.6,48.7,95.0,2,POINT (48.7 -20.6),20,EDWIGE_1996_02
1994007S16056,1994,South Indian,DAISY,1994-01-13 12:00:00,-19.2,49.4,95.0,2,POINT (49.4 -19.2),20,DAISY_1994_01
1984313N14154,1984,Western Pacific,BILL,1984-11-17 03:00:00,18.4,123.3,95.0,2,POINT (123.3 18.4),51,BILL_1984_11
1989096S13159,1989,South Pacific,LILI,1989-04-10 03:00:00,-19.5,165.3,95.0,2,POINT (165.3 -19.5),14,LILI_1989_04
1999151N09132,1999,Western Pacific,MAGGIE,1999-06-05 21:00:00,21.5,120.4,95.0,2,POINT (120.4 21.5),63,MAGGIE_1999_06
2020034S17129,2020,South Indian,DAMIEN,2020-02-08 06:00:00,-20.4,116.6,95.0,2,POINT (116.6 -20.4),21,DAMIEN_2020_02
2020244N25146,2020,Western Pacific,HAISHEN,2020-09-06 12:00:00,31.0,129.4,95.0,2,POINT (129.4 31),71,HAISHEN_2020_09
1991256N13171,1991,Western Pacific,MIREILLE,1991-09-27 06:00:00,32.4,129.3,95.0,2,POINT (129.3 32.4),71,MIREILLE_1991_09
2004238N11325,2004,North Atlantic,FRANCES,2004-09-05 00:00:00,27.0,-79.4,95.0,2,POINT (-79.4 27),64,FRANCES_2004_09
2001264N21126,2001,Western Pacific,LEKIMA,2001-09-26 00:00:00,21.6,121.4,95.0,2,POINT (121.4 21.6),63,LEKIMA_2001_09
1985236N23125,1985,Western Pacific,PAT,1985-08-30 18:00:00,30.9,130.4,95.0,2,POINT (130.4 30.9),71,PAT_1985_08
1992358S07161,1993,South Pacific,KINA,1993-01-02 15:00:00,-17.4,178.7,95.0,2,POINT (178.7 -17.4),15,KINA_1993_01
1999048S21152,1999,South Pacific,FRANK,1999-02-20 00:00:00,-20.8,165.2,95.0,2,POINT (165.2 -20.8),14,FRANK_1999_02
2017253N14130,2017,Western Pacific,DOKSURI,2017-09-15 00:00:00,17.7,107.4,95.0,2,POINT (107.4 17.7),112,DOKSURI_2017_09
1981355N07149,1981,Western Pacific,LEE,1981-12-25 06:00:00,12.6,126.3,95.0,2,POINT (126.3 12.6),49,LEE_1981_12
1989153N04144,1989,Western Pacific,DOT,1989-06-09 21:00:00,17.9,110.6,95.0,2,POINT (110.6 17.9),55,DOT_1989_06
2009239N12270,2009,Eastern Pacific,JIMENA,2009-09-02 06:00:00,23.4,-111.7,95.0,2,POINT (-111.7 23.4),95,JIMENA_2009_09
1980052S16155,1980,South Pacific,SIMON,1980-02-23 12:00:00,-21.6,151.1,95.0,2,POINT (151.1 -21.6),21,SIMON_1980_02
2000248N17117,2000,Western Pacific,WUKONG,2000-09-09 00:00:00,18.4,110.6,95.0,2,POINT (110.6 18.4),55,WUKONG_2000_09
2020256N25281,2020,North Atlantic,SALLY,2020-09-16 06:00:00,29.9,-87.9,95.0,2,POINT (-87.9 29.9),95,SALLY_2020_09
2006128N09138,2006,Western Pacific,CHANCHU,2006-05-17 09:00:00,21.9,116.3,93.0,2,POINT (116.3 21.9),112,CHANCHU_2006_05
2004230N09172,2004,Western Pacific,CHABA,2004-08-29 21:00:00,30.8,129.9,93.0,2,POINT (129.9 30.8),71,CHABA_2004_08
1990228N15141,1990,Western Pacific,ZOLA,1990-08-21 21:00:00,31.9,132.3,93.0,2,POINT (132.3 31.9),71,ZOLA_1990_08
1990251N06171,1990,Western Pacific,FLO,1990-09-19 03:00:00,31.8,133.1,93.0,2,POINT (133.1 31.8),66,FLO_1990_09
2002265N10315,2002,North Atlantic,LILI,2002-10-03 09:00:00,28.6,-91.8,93.0,2,POINT (-91.8 28.6),95,LILI_2002_10
2025235N17117,2025,Western Pacific,KAJIKI,2025-08-24 12:00:00,17.9,109.3,93.0,2,POINT (109.3 17.9),55,KAJIKI_2025_08
2008104N08128,2008,Western Pacific,NEOGURI,2008-04-18 09:00:00,18.8,111.4,93.0,2,POINT (111.4 18.8),55,NEOGURI_2008_04
1983285N09260,1983,Eastern Pacific,TICO,1983-10-19 15:00:00,22.9,-106.3,93.0,2,POINT (-106.3 22.9),95,TICO_1983_10
2021012S12086,2021,South Indian,ELOISE,2021-01-23 00:00:00,-20.1,35.0,90.0,2,POINT (35 -20.1),112,ELOISE_2021_01
1998259N17118,1998,Western Pacific,VICKI,1998-09-22 04:00:00,33.9,135.2,90.0,2,POINT (135.2 33.9),66,VICKI_1998_09
1981282N15256,1981,Eastern Pacific,NORMA,1981-10-12 06:00:00,22.5,-107.0,90.0,2,POINT (-107 22.5),95,NORMA_1981_10
2012209N11131,2012,Western Pacific,SAOLA,2012-08-01 15:00:00,24.1,122.5,90.0,2,POINT (122.5 24.1),63,SAOLA_2012_08
1992055S13169,1992,South Pacific,ESAU,1992-03-04 00:00:00,-19.7,165.4,90.0,2,POINT (165.4 -19.7),14,ESAU_1992_03
2001248N23125,2001,Western Pacific,NARI,2001-09-16 06:00:00,25.4,122.6,90.0,2,POINT (122.6 25.4),63,NARI_2001_09
1989314N10152,1989,Western Pacific,HUNT,1989-11-21 12:00:00,15.1,122.6,90.0,2,POINT (122.6 15.1),51,HUNT_1989_11
1989201N11145,1989,Western Pacific,JUDY,1989-07-27 15:00:00,31.2,130.7,90.0,2,POINT (130.7 31.2),71,JUDY_1989_07
2013046S20042,2013,South Indian,HARUNA,2013-02-21 21:00:00,-22.1,42.7,90.0,2,POINT (42.7 -22.1),20,HARUNA_2013_02
2022148N13263,2022,Eastern Pacific,AGATHA,2022-05-30 18:00:00,15.4,-96.9,90.0,2,POINT (-96.9 15.4),95,AGATHA_2022_05
2011233N15301,2011,North Atlantic,IRENE,2011-08-26 00:00:00,27.7,-77.3,90.0,2,POINT (-77.3 27.7),65,IRENE_2011_08
2013301N13142,2013,Western Pacific,KROSA,2013-10-31 12:00:00,18.3,121.8,90.0,2,POINT (121.8 18.3),51,KROSA_2013_10
1985268N03161,1985,Western Pacific,BRENDAN,1985-10-04 00:00:00,24.5,122.8,90.0,2,POINT (122.8 24.5),63,BRENDAN_1985_10
2006021S11053,2006,South Indian,BOLOETSE,2006-02-04 06:00:00,-24.1,43.0,90.0,2,POINT (43 -24.1),20,BOLOETSE_2006_02
1985260N13336,1985,North Atlantic,GLORIA,1985-09-27 03:00:00,34.1,-75.9,90.0,2,POINT (-75.9 34.1),95,GLORIA_1985_09
2000299N08139,2000,Western Pacific,XANGSANE,2000-10-30 15:00:00,17.6,119.4,90.0,2,POINT (119.4 17.6),51,XANGSANE_2000_10
2018079S08137,2018,South Pacific,NORA,2018-03-24 06:00:00,-13.5,141.0,90.0,2,POINT (141 -13.5),21,NORA_2018_03
1990166N06141,1990,Western Pacific,OFELIA,1990-06-23 06:00:00,23.8,121.6,90.0,2,POINT (121.6 23.8),63,OFELIA_1990_06
2015068S14113,2015,South Indian,OLWYN,2015-03-13 00:00:00,-23.6,113.6,90.0,2,POINT (113.6 -23.6),21,OLWYN_2015_03
2008193N20126,2008,Western Pacific,KALMAEGI,2008-07-17 09:00:00,23.7,122.3,90.0,2,POINT (122.3 23.7),63,KALMAEGI_2008_07
1980277N09157,1980,Western Pacific,WYNNE,1980-10-13 18:00:00,30.5,130.5,90.0,2,POINT (130.5 30.5),71,WYNNE_1980_10
2009270N10148,2009,Western Pacific,PARMA,2009-10-03 00:00:00,17.2,123.0,90.0,2,POINT (123 17.2),51,PARMA_2009_10
2017206N13129,2017,Western Pacific,NESAT,2017-07-29 09:00:00,24.0,122.4,90.0,2,POINT (122.4 24),63,NESAT_2017_07
2023293N12089,2023,North Indian,HAMOON,2023-10-24 12:00:00,21.0,91.2,90.0,2,POINT (91.2 21),112,HAMOON_2023_10
2003212N09150,2003,Western Pacific,ETAU,2003-08-08 06:00:00,32.1,133.1,90.0,2,POINT (133.1 32.1),66,ETAU_2003_08
2003226N07156,2003,Western Pacific,KROVANH,2003-08-25 06:00:00,20.9,109.0,90.0,2,POINT (109 20.9),112,KROVANH_2003_08
1984262N14259,1984,Eastern Pacific,ODILE,1984-09-22 06:00:00,16.5,-100.9,90.0,2,POINT (-100.9 16.5),95,ODILE_1984_09
2003235N20253,2003,Eastern Pacific,IGNACIO,2003-08-24 12:00:00,23.1,-108.9,90.0,2,POINT (-108.9 23.1),95,IGNACIO_2003_08
2007208N20155,2007,Western Pacific,USAGI,2007-08-02 06:00:00,31.9,131.9,90.0,2,POINT (131.9 31.9),71,USAGI_2007_08
2021296N13260,2021,Eastern Pacific,RICK,2021-10-25 06:00:00,17.2,-101.8,90.0,2,POINT (-101.8 17.2),95,RICK_2021_10
2003249N14329,2003,North Atlantic,ISABEL,2003-09-18 15:00:00,34.4,-75.8,90.0,2,POINT (-75.8 34.4),95,ISABEL_2003_09
2017097S12171,2017,South Pacific,COOK,2017-04-10 00:00:00,-20.5,165.8,90.0,2,POINT (165.8 -20.5),14,COOK_2017_04
1986027S13145,1986,South Pacific,WINIFRED,1986-02-01 06:00:00,-17.4,146.5,90.0,2,POINT (146.5 -17.4),21,WINIFRED_1986_02
1988055S10180,1988,South Pacific,BOLA,1988-02-29 00:00:00,-16.8,168.3,90.0,2,POINT (168.3 -16.8),18,BOLA_1988_02
2019314N14136,2019,Western Pacific,KALMAEGI,2019-11-19 00:00:00,19.2,122.5,90.0,2,POINT (122.5 19.2),51,KALMAEGI_2019_11
2024073S14128,2024,South Pacific,MEGAN,2024-03-17 18:00:00,-15.3,137.2,90.0,2,POINT (137.2 -15.3),21,MEGAN_2024_03
1987288N13168,1987,Western Pacific,LYNN,1987-10-23 21:00:00,19.2,121.2,90.0,2,POINT (121.2 19.2),51,LYNN_1987_10
2009268N14128,2009,Western Pacific,KETSANA,2009-09-29 03:00:00,15.4,109.3,90.0,2,POINT (109.3 15.4),112,KETSANA_2009_09
1998342N06141,1998,Western Pacific,FAITH,1998-12-11 12:00:00,11.4,118.8,90.0,2,POINT (118.8 11.4),47,FAITH_1998_12
1990221N07162,1990,Western Pacific,YANCY,1990-08-19 00:00:00,24.6,122.7,90.0,2,POINT (122.7 24.6),63,YANCY_1990_08
2024141N03142,2024,Western Pacific,EWINIAR,2024-05-26 21:00:00,15.7,122.6,90.0,2,POINT (122.6 15.7),51,EWINIAR_2024_05
1996282N11162,1996,Western Pacific,ABEL:BETH,1996-10-17 12:00:00,17.7,122.7,90.0,2,POINT (122.7 17.7),51,ABEL:BETH_1996_10
2020279N16284,2020,North Atlantic,DELTA,2020-10-07 09:00:00,20.5,-86.5,90.0,2,POINT (-86.5 20.5),95,DELTA_2020_10
2005230N20144,2005,Western Pacific,MAWAR,2005-08-25 09:00:00,33.9,138.1,90.0,2,POINT (138.1 33.9),71,MAWAR_2005_08
1993322N09137,1993,Western Pacific,KYLE,1993-11-23 09:00:00,13.0,109.8,90.0,2,POINT (109.8 13),112,KYLE_1993_11
1993211N07161,1993,Western Pacific,ROBYN,1993-08-09 18:00:00,32.2,129.2,90.0,2,POINT (129.2 32.2),71,ROBYN_1993_08
2004231N09147,2004,Western Pacific,AERE,2004-08-24 18:00:00,25.5,122.1,90.0,2,POINT (122.1 25.5),63,AERE_2004_08
1996172N13261,1996,Eastern Pacific,ALMA,1996-06-23 15:00:00,17.3,-102.7,90.0,2,POINT (-102.7 17.3),95,ALMA_1996_06
2024253N21266,2024,North Atlantic,FRANCINE,2024-09-11 22:00:00,29.3,-91.3,90.0,2,POINT (-91.3 29.3),95,FRANCINE_2024_09
2004239N11171,2004,Western Pacific,SONGDA,2004-09-07 00:00:00,32.7,129.5,90.0,2,POINT (129.5 32.7),71,SONGDA_2004_09
2021250N17254,2021,Eastern Pacific,OLAF,2021-09-10 02:50:00,23.0,-109.7,90.0,2,POINT (-109.7 23),95,OLAF_2021_09
1982227N09140,1982,Western Pacific,FAYE,1982-08-24 06:00:00,14.0,119.6,90.0,2,POINT (119.6 14),50,FAYE_1982_08
1996202N17115,1996,Western Pacific,FRANKIE,1996-07-23 18:00:00,20.2,106.6,90.0,2,POINT (106.6 20.2),112,FRANKIE_1996_07
1996201N07137,1996,Western Pacific,GLORIA,1996-07-24 15:00:00,18.0,123.2,90.0,2,POINT (123.2 18),51,GLORIA_1996_07
2008206N22133,2008,Western Pacific,FUNG-WONG,2008-07-27 21:00:00,23.3,121.9,90.0,2,POINT (121.9 23.3),63,FUNG-WONG_2008_07
1986252N06153,1986,Western Pacific,ABBY,1986-09-18 18:00:00,22.6,122.1,90.0,2,POINT (122.1 22.6),63,ABBY_1986_09
1986356S07183,1987,South Pacific,RAJA,1986-12-29 18:00:00,-17.4,180.4,90.0,2,POINT (180.4 -17.4),16,RAJA_1986_12
1996187N10326,1996,North Atlantic,BERTHA,1996-07-12 18:00:00,33.6,-78.1,90.0,2,POINT (-78.1 33.6),95,BERTHA_1996_07
1994282N17247,1994,Eastern Pacific,ROSA,1994-10-14 09:00:00,22.2,-106.2,90.0,2,POINT (-106.2 22.2),95,ROSA_1994_10
2018242N13343,2018,North Atlantic,FLORENCE,2018-09-14 00:00:00,34.0,-76.5,90.0,2,POINT (-76.5 34),95,FLORENCE_2018_09
1990350S11165,1991,South Pacific,JOY,1990-12-23 18:00:00,-16.4,146.7,90.0,2,POINT (146.7 -16.4),21,JOY_1990_12
1999236N22292,1999,North Atlantic,DENNIS,1999-08-28 18:00:00,27.7,-77.3,90.0,2,POINT (-77.3 27.7),65,DENNIS_1999_08
2015301N11065,2015,North Indian,CHAPALA,2015-11-02 18:00:00,13.7,49.6,90.0,2,POINT (49.6 13.7),112,CHAPALA_2015_11
2004319N10134,2004,Western Pacific,MUIFA,2004-11-19 06:00:00,14.8,124.1,90.0,2,POINT (124.1 14.8),51,MUIFA_2004_11
2025185N20119,2025,Western Pacific,DANAS,2025-07-06 12:00:00,23.0,119.6,89.0,2,POINT (119.6 23),63,DANAS_2025_07
2025274N15131,2025,Western Pacific,MATMO,2025-10-05 03:00:00,20.5,111.0,89.0,2,POINT (111 20.5),55,MATMO_2025_10
2025362S13120,2026,South Indian,HAYLEY,2025-12-30 06:00:00,-16.5,122.0,89.0,2,POINT (122 -16.5),21,HAYLEY_2025_12
2007085S11085,2007,South Indian,JAYA,2007-04-03 03:00:00,-14.7,51.1,88.0,2,POINT (51.1 -14.7),20,JAYA_2007_04
2004219N15137,2004,Western Pacific,RANANIM,2004-08-12 09:00:00,27.8,122.0,88.0,2,POINT (122 27.8),112,RANANIM_2004_08
1980197N07154,1980,Western Pacific,JOE,1980-07-20 15:00:00,16.7,123.0,88.0,2,POINT (123 16.7),51,JOE_1980_07
1990235N10152,1990,Western Pacific,ABE,1990-08-30 21:00:00,27.9,122.0,88.0,2,POINT (122 27.9),112,ABE_1990_08
1996289N13280,1996,North Atlantic,LILI,1996-10-19 03:00:00,23.2,-77.2,88.0,2,POINT (-77.2 23.2),62,LILI_1996_10
2002268N15163,2002,Western Pacific,HIGOS,2002-10-01 09:00:00,34.2,139.0,88.0,2,POINT (139 34.2),71,HIGOS_2002_10
2019268N10155,2019,Western Pacific,MITAG,2019-09-30 15:00:00,25.4,122.7,88.0,2,POINT (122.7 25.4),63,MITAG_2019_09
2017304N11127,2017,Western Pacific,DAMREY,2017-11-03 21:00:00,12.7,109.8,88.0,2,POINT (109.8 12.7),112,DAMREY_2017_11
2024270N24128,2024,Western Pacific,KRATHON,2024-10-02 15:00:00,22.1,119.6,88.0,2,POINT (119.6 22.1),63,KRATHON_2024_10
2008023S10050,2008,South Indian,FAME,2008-01-27 06:00:00,-15.7,44.4,85.0,2,POINT (44.4 -15.7),20,FAME_2008_01
2010293N17277,2010,North Atlantic,RICHARD,2010-10-25 00:00:00,17.2,-88.2,85.0,2,POINT (-88.2 17.2),95,RICHARD_2010_10
1983186N04153,1983,Western Pacific,VERA,1983-07-17 03:00:00,19.2,111.6,85.0,2,POINT (111.6 19.2),55,VERA_1983_07
1990216N13281,1990,North Atlantic,DIANA,1990-08-07 18:00:00,20.9,-96.8,85.0,2,POINT (-96.8 20.9),95,DIANA_1990_08
2020153N13072,2020,North Indian,NISARGA,2020-06-03 06:00:00,18.1,72.9,85.0,2,POINT (72.9 18.1),112,NISARGA_2020_06
1991251N12138,1991,Western Pacific,KINNA,1991-09-13 18:00:00,31.9,129.2,85.0,2,POINT (129.2 31.9),71,KINNA_1991_09
1998317N11087,1998,North Indian,UNNAMED,1998-11-15 12:00:00,17.7,82.9,85.0,2,POINT (82.9 17.7),112,UNNAMED_1998_11
1995323N05097,1995,North Indian,UNNAMED,1995-11-25 06:00:00,20.9,91.5,85.0,2,POINT (91.5 20.9),112,UNNAMED_1995_11
1986228N19120,1986,Western Pacific,WAYNE,1986-09-02 06:00:00,19.3,121.8,85.0,2,POINT (121.8 19.3),51,WAYNE_1986_09
2023059S15149,2023,South Pacific,KEVIN,2023-03-03 03:00:00,-17.3,167.2,85.0,2,POINT (167.2 -17.3),18,KEVIN_2023_03
2023055S14184,2023,South Pacific,JUDY,2023-02-28 18:00:00,-17.0,168.1,85.0,2,POINT (168.1 -17),18,JUDY_2023_02
2000305N06136,2000,Western Pacific,BEBINCA,2000-11-02 12:00:00,14.5,122.5,85.0,2,POINT (122.5 14.5),51,BEBINCA_2000_11
2022247N26147,2022,Western Pacific,MUIFA,2022-09-14 06:00:00,28.8,122.8,85.0,2,POINT (122.8 28.8),112,MUIFA_2022_09
2018334S09156,2019,South Pacific,OWEN,2018-12-12 21:00:00,-15.3,136.0,85.0,2,POINT (136 -15.3),21,OWEN_2018_12
1986271N12267,1986,Eastern Pacific,PAINE,1986-10-02 00:00:00,22.5,-109.1,85.0,2,POINT (-109.1 22.5),95,PAINE_1986_10
1995212N22287,1995,North Atlantic,ERIN,1995-08-03 13:30:00,30.0,-86.8,85.0,2,POINT (-86.8 30),95,ERIN_1995_08
2001056S11163,2001,South Pacific,PAULA,2001-02-28 06:00:00,-16.8,167.7,85.0,2,POINT (167.7 -16.8),18,PAULA_2001_02
1985280N15254,1985,Eastern Pacific,WALDO,1985-10-09 03:00:00,22.6,-108.9,85.0,2,POINT (-108.9 22.6),95,WALDO_1985_10
1998076S11170,1998,South Pacific,YALI,1998-03-21 18:00:00,-17.3,167.1,85.0,2,POINT (167.1 -17.3),18,YALI_1998_03
1980126N08150,1980,Western Pacific,DOM,1980-05-13 12:00:00,16.7,123.3,85.0,2,POINT (123.3 16.7),51,DOM_1980_05
1984314N09088,1984,North Indian,UNNAMED,1984-11-13 12:00:00,13.4,80.6,85.0,2,POINT (80.6 13.4),112,UNNAMED_1984_11
1993258N11279,1993,North Atlantic,GERT,1993-09-20 18:00:00,21.3,-97.0,85.0,2,POINT (-97 21.3),95,GERT_1993_09
1988347S12128,1989,South Indian,ILONA,1988-12-17 12:00:00,-20.2,116.0,85.0,2,POINT (116 -20.2),21,ILONA_1988_12
1985212N22148,1985,Western Pacific,KIT,1985-08-08 06:00:00,30.8,129.5,85.0,2,POINT (129.5 30.8),71,KIT_1985_08
2014197N10137,2014,Western Pacific,MATMO,2014-07-22 12:00:00,22.6,122.0,85.0,2,POINT (122 22.6),63,MATMO_2014_07
1993252N11265,1993,Eastern Pacific,LIDIA,1993-09-13 06:00:00,23.9,-107.8,85.0,2,POINT (-107.8 23.9),95,LIDIA_1993_09
2009308N11279,2009,North Atlantic,IDA,2009-11-08 15:00:00,21.4,-86.0,85.0,2,POINT (-86 21.4),95,IDA_2009_11
2009299N12153,2009,Western Pacific,MIRINAE,2009-10-30 09:00:00,14.8,123.9,85.0,2,POINT (123.9 14.8),51,MIRINAE_2009_10
2019278N16165,2019,Western Pacific,HAGIBIS,2019-10-12 06:00:00,33.7,138.2,85.0,2,POINT (138.2 33.7),71,HAGIBIS_2019_10
2011279N10257,2011,Eastern Pacific,JOVA,2011-10-12 00:00:00,18.6,-105.3,85.0,2,POINT (-105.3 18.6),95,JOVA_2011_10
1988055S10051,1988,South Indian,FILAO,1988-03-01 15:00:00,-18.6,37.4,85.0,2,POINT (37.4 -18.6),112,FILAO_1988_03
2003262N17254,2003,Eastern Pacific,MARTY,2003-09-22 09:30:00,23.0,-109.7,85.0,2,POINT (-109.7 23),95,MARTY_2003_09
2007188N04148,2007,Western Pacific,MAN-YI,2007-07-14 03:00:00,31.0,130.2,85.0,2,POINT (130.2 31),71,MAN-YI_2007_07
1995244N16256,1995,Eastern Pacific,HENRIETTE,1995-09-04 12:00:00,22.6,-109.7,85.0,2,POINT (-109.7 22.6),95,HENRIETTE_1995_09
1985231N16142,1985,Western Pacific,ODESSA,1985-08-29 15:00:00,30.2,130.9,85.0,2,POINT (130.9 30.2),71,ODESSA_1985_08
2003268N28298,2003,North Atlantic,JUAN,2003-09-29 03:00:00,44.4,-63.8,85.0,2,POINT (-63.8 44.4),95,JUAN_2003_09
2014180N32282,2014,North Atlantic,ARTHUR,2014-07-04 03:15:00,34.7,-76.6,85.0,2,POINT (-76.6 34.7),95,ARTHUR_2014_07
1980246N05151,1980,Western Pacific,ORCHID,1980-09-10 18:00:00,30.2,130.4,85.0,2,POINT (130.4 30.2),71,ORCHID_1980_09
1988005N03174,1988,Western Pacific,ROY,1988-01-15 18:00:00,13.0,126.0,85.0,2,POINT (126 13),49,ROY_1988_01
2017043S19040,2017,South Indian,DINEO,2017-02-15 12:00:00,-23.5,36.4,85.0,2,POINT (36.4 -23.5),112,DINEO_2017_02
2024082S08054,2024,South Indian,GAMANE,2024-03-27 00:00:00,-12.9,50.0,85.0,2,POINT (50 -12.9),20,GAMANE_2024_03
2008203N18276,2008,North Atlantic,DOLLY,2008-07-23 14:00:00,26.0,-96.8,85.0,2,POINT (-96.8 26),95,DOLLY_2008_07
1993185N09137,1993,Western Pacific,LEWIS,1993-07-10 09:00:00,18.2,111.2,85.0,2,POINT (111.2 18.2),55,LEWIS_1993_07
1987203N11263,1987,Eastern Pacific,EUGENE,1987-07-25 06:00:00,18.5,-104.6,85.0,2,POINT (-104.6 18.5),95,EUGENE_1987_07
2004214N30282,2004,North Atlantic,ALEX,2004-08-03 12:00:00,34.2,-76.4,85.0,2,POINT (-76.4 34.2),95,ALEX_2004_08
2012215N12313,2012,North Atlantic,ERNESTO,2012-08-08 03:15:00,18.8,-87.7,85.0,2,POINT (-87.7 18.8),95,ERNESTO_2012_08
2010284N14278,2010,North Atlantic,PAULA,2010-10-13 09:00:00,20.6,-86.0,85.0,2,POINT (-86 20.6),95,PAULA_2010_10
2012254N09135,2012,Western Pacific,SANBA,2012-09-17 00:00:00,34.1,128.1,85.0,2,POINT (128.1 34.1),112,SANBA_2012_09
1986067S11080,1986,South Indian,HONORININA,1986-03-15 06:00:00,-17.7,50.1,85.0,2,POINT (50.1 -17.7),20,HONORININA_1986_03
2005262N13127,2005,Western Pacific,DAMREY,2005-09-25 12:00:00,19.1,111.7,85.0,2,POINT (111.7 19.1),55,DAMREY_2005_09
1996254N14258,1996,Eastern Pacific,FAUSTO,1996-09-13 06:00:00,22.1,-110.7,85.0,2,POINT (-110.7 22.1),95,FAUSTO_1996_09
2024364S13117,2025,South Indian,DIKELEDI,2025-01-13 12:00:00,-15.2,40.6,84.0,2,POINT (40.6 -15.2),112,DIKELEDI_2025_01
2009123N10111,2009,Western Pacific,CHAN-HOM,2009-05-07 09:00:00,16.1,119.5,83.0,2,POINT (119.5 16.1),51,CHAN-HOM_2009_05
1987219N08155,1987,Western Pacific,CARY,1987-08-17 09:00:00,16.3,123.3,83.0,2,POINT (123.3 16.3),51,CARY_1987_08
2020296N09137,2020,Western Pacific,MOLAVE,2020-10-26 03:00:00,13.2,119.7,83.0,2,POINT (119.7 13.2),50,MOLAVE_2020_10
1996248N15319,1996,North Atlantic,HORTENSE,1996-09-11 09:00:00,20.5,-69.8,83.0,2,POINT (-69.8 20.5),54,HORTENSE_1996_09
2019264N19071,2019,North Indian,HIKAA:HIKKA,2019-09-24 09:00:00,19.9,58.9,83.0,2,POINT (58.9 19.9),112,HIKAA:HIKKA_2019_09
2018096S15172,2018,South Pacific,KENI,2018-04-10 03:00:00,-19.0,178.1,83.0,2,POINT (178.1 -19),15,KENI_2018_04
1982309N12066,1982,North Indian,UNNAMED,1982-11-08 09:00:00,20.4,70.6,83.0,2,POINT (70.6 20.4),112,UNNAMED_1982_11
2025219N18148,2025,Western Pacific,PODUL,2025-08-13 03:00:00,22.5,121.3,82.0,1,POINT (121.3 22.5),63,PODUL_2025_08
1993261N11131,1993,Western Pacific,DOT,1993-09-26 00:00:00,21.1,112.4,80.0,1,POINT (112.4 21.1),112,DOT_1993_09
2023194N16123,2023,Western Pacific,TALIM,2023-07-17 06:00:00,20.7,112.1,80.0,1,POINT (112.1 20.7),112,TALIM_2023_07
2013187N20156,2013,Western Pacific,SOULIK,2013-07-12 19:00:00,24.8,122.0,80.0,1,POINT (122 24.8),63,SOULIK_2013_07
2020205N26272,2020,North Atlantic,HANNA,2020-07-25 22:00:00,26.8,-97.3,80.0,1,POINT (-97.3 26.8),95,HANNA_2020_07
2020202N15241,2020,Eastern Pacific,DOUGLAS,2020-07-27 12:00:00,22.7,-159.7,80.0,1,POINT (-159.7 22.7),60,DOUGLAS_2020_07
1985227N16149,1985,Western Pacific,NELSON,1985-08-23 00:00:00,25.5,121.7,80.0,1,POINT (121.7 25.5),63,NELSON_1985_08
1996002S15133,1996,South Pacific,BARRY,1996-01-05 09:00:00,-16.4,141.1,80.0,1,POINT (141.1 -16.4),21,BARRY_1996_01
2022304N16287,2022,North Atlantic,LISA,2022-11-02 21:30:00,17.4,-88.3,80.0,1,POINT (-88.3 17.4),95,LISA_2022_11
2017147N14087,2017,North Indian,MORA,2017-05-30 00:00:00,21.0,91.9,80.0,1,POINT (91.9 21),112,MORA_2017_05
1996365S15137,1997,South Indian,RACHEL,1997-01-06 22:00:00,-19.3,118.9,80.0,1,POINT (118.9 -19.3),21,RACHEL_1997_01
2016341N08092,2016,North Indian,VARDAH,2016-12-12 06:00:00,13.2,80.8,80.0,1,POINT (80.8 13.2),112,VARDAH_2016_12
1985224N18279,1985,North Atlantic,DANNY,1985-08-15 12:00:00,28.9,-92.6,80.0,1,POINT (-92.6 28.9),95,DANNY_1985_08
2003188N11307,2003,North Atlantic,CLAUDETTE,2003-07-15 15:30:00,28.3,-96.2,80.0,1,POINT (-96.2 28.3),95,CLAUDETTE_2003_07
2015180N09160,2015,Western Pacific,CHAN-HOM,2015-07-11 00:00:00,28.6,122.8,80.0,1,POINT (122.8 28.6),112,CHAN-HOM_2015_07
1980043S16131,1980,South Indian,ENID,1980-02-16 00:00:00,-18.1,120.9,80.0,1,POINT (120.9 -18.1),21,ENID_1980_02
1991187N06139,1991,Western Pacific,ZEKE,1991-07-12 18:00:00,18.5,110.8,80.0,1,POINT (110.8 18.5),55,ZEKE_1991_07
2009215N20133,2009,Western Pacific,MORAKOT,2009-08-07 12:00:00,23.6,122.0,80.0,1,POINT (122 23.6),63,MORAKOT_2009_08
2021176N15259,2021,Eastern Pacific,ENRIQUE,2021-06-27 21:00:00,19.1,-105.8,80.0,1,POINT (-105.8 19.1),95,ENRIQUE_2021_06
1990261N12141,1990,Western Pacific,GENE,1990-09-29 06:00:00,31.1,130.9,80.0,1,POINT (130.9 31.1),71,GENE_1990_09
1987282N12137,1987,Western Pacific,KELLY,1987-10-16 12:00:00,32.3,133.4,80.0,1,POINT (133.4 32.3),66,KELLY_1987_10
1986169N07152,1986,Western Pacific,NANCY,1986-06-23 12:00:00,22.4,121.8,80.0,1,POINT (121.8 22.4),63,NANCY_1986_06
1991200N05157,1991,Western Pacific,CAITLIN,1991-07-29 03:00:00,33.6,128.5,80.0,1,POINT (128.5 33.6),71,CAITLIN_1991_07
2002252N29289,2002,North Atlantic,GUSTAV,2002-09-12 04:30:00,45.6,-60.4,80.0,1,POINT (-60.4 45.6),95,GUSTAV_2002_09
2007324N10140,2007,Western Pacific,MITAG,2007-11-25 12:00:00,16.8,123.2,80.0,1,POINT (123.2 16.8),51,MITAG_2007_11
1983002S11112,1983,South Indian,JANE,1983-01-09 06:00:00,-19.8,119.5,80.0,1,POINT (119.5 -19.8),21,JANE_1983_01
1982324N10193,1982,Eastern Pacific,IWA,1982-11-24 03:00:00,22.4,-160.1,80.0,1,POINT (-160.1 22.4),60,IWA_1982_11
2020234N19123,2020,Western Pacific,BAVI,2020-08-26 18:00:00,37.0,124.8,80.0,1,POINT (124.8 37),112,BAVI_2020_08
1996254N13138,1996,Western Pacific,VIOLET,1996-09-22 06:00:00,35.0,140.9,80.0,1,POINT (140.9 35),71,VIOLET_1996_09
1994287N14156,1994,Western Pacific,TERESA,1994-10-20 18:00:00,15.1,122.8,80.0,1,POINT (122.8 15.1),51,TERESA_1994_10
2014254N10142,2014,Western Pacific,KALMAEGI,2014-09-16 06:00:00,20.5,109.8,80.0,1,POINT (109.8 20.5),55,KALMAEGI_2014_09
1993224N07153,1993,Western Pacific,TASHA,1993-08-20 12:00:00,20.9,112.6,80.0,1,POINT (112.6 20.9),112,TASHA_1993_08
2017249N22263,2017,North Atlantic,KATIA,2017-09-08 21:00:00,21.0,-96.6,80.0,1,POINT (-96.6 21),95,KATIA_2017_09
2010240N15142,2010,Western Pacific,KOMPASU,2010-09-01 18:00:00,36.4,125.4,80.0,1,POINT (125.4 36.4),112,KOMPASU_2010_09
1997311N09258,1997,Eastern Pacific,RICK,1997-11-09 18:00:00,15.6,-98.6,80.0,1,POINT (-98.6 15.6),95,RICK_1997_11
2019213N17155,2019,Western Pacific,FRANCISCO,2019-08-05 18:00:00,31.8,131.9,80.0,1,POINT (131.9 31.8),71,FRANCISCO_2019_08
2017257N16258,2017,Eastern Pacific,MAX,2017-09-14 18:00:00,16.6,-99.2,80.0,1,POINT (-99.2 16.6),95,MAX_2017_09
2005071N06152,2005,Western Pacific,ROKE,2005-03-16 12:00:00,11.5,126.7,80.0,1,POINT (126.7 11.5),49,ROKE_2005_03
2018314N12093,2018,North Indian,GAJA,2018-11-15 18:00:00,10.6,80.3,80.0,1,POINT (80.3 10.6),44,GAJA_2018_11
2001264N13269,2001,Eastern Pacific,JULIETTE,2001-09-28 00:00:00,22.3,-110.7,80.0,1,POINT (-110.7 22.3),95,JULIETTE_2001_09
1992212N20135,1992,Western Pacific,IRVING,1992-08-04 00:00:00,32.3,133.9,80.0,1,POINT (133.9 32.3),66,IRVING_1992_08
2007255N27265,2007,North Atlantic,HUMBERTO,2007-09-13 07:00:00,29.6,-94.3,80.0,1,POINT (-94.3 29.6),95,HUMBERTO_2007_09
2017288N09138,2017,Western Pacific,LAN,2017-10-22 15:00:00,33.4,137.2,80.0,1,POINT (137.2 33.4),71,LAN_2017_10
1996179N13266,1996,Eastern Pacific,BORIS,1996-06-29 18:00:00,17.6,-101.5,80.0,1,POINT (-101.5 17.6),95,BORIS_1996_06
2016248N15255,2016,Eastern Pacific,NEWTON,2016-09-06 06:00:00,22.1,-109.5,80.0,1,POINT (-109.5 22.1),95,NEWTON_2016_09
1992174N13126,1992,Western Pacific,CHUCK,1992-06-28 00:00:00,18.5,109.9,80.0,1,POINT (109.9 18.5),55,CHUCK_1992_06
1998244N22267,1998,North Atlantic,EARL,1998-09-03 00:00:00,29.4,-86.8,80.0,1,POINT (-86.8 29.4),95,EARL_1998_09
2025267N10134,2025,Western Pacific,BUALOI,2025-09-28 18:00:00,18.2,106.2,80.0,1,POINT (106.2 18.2),112,BUALOI_2025_09
2026037S18122,2026,South Indian,MITCHELL,2026-02-07 18:00:00,-20.3,116.2,80.0,1,POINT (116.2 -20.3),21,MITCHELL_2026_02
2001204N19127,2001,Western Pacific,YUTU,2001-07-25 12:00:00,21.2,112.5,80.0,1,POINT (112.5 21.2),112,YUTU_2001_07
2025064S12067,2025,South Indian,JUDE,2025-03-09 18:00:00,-14.9,41.3,80.0,1,POINT (41.3 -14.9),112,JUDE_2025_03
2001181N08141,2001,Western Pacific,UTOR,2001-07-04 09:00:00,19.1,121.2,80.0,1,POINT (121.2 19.1),51,UTOR_2001_07
2010191N12138,2010,Western Pacific,CONSON,2010-07-16 06:00:00,17.6,110.2,80.0,1,POINT (110.2 17.6),55,CONSON_2010_07
2020211N13306,2020,North Atlantic,ISAIAS,2020-08-04 03:10:00,33.9,-78.5,80.0,1,POINT (-78.5 33.9),95,ISAIAS_2020_08
2011170N12263,2011,Eastern Pacific,BEATRIZ,2011-06-21 06:00:00,18.5,-104.0,80.0,1,POINT (-104 18.5),95,BEATRIZ_2011_06
2021198N19117,2021,Western Pacific,CEMPAKA,2021-07-20 06:00:00,21.5,112.3,80.0,1,POINT (112.3 21.5),112,CEMPAKA_2021_07
1989272N18120,1989,Western Pacific,BRIAN,1989-10-02 12:00:00,18.4,110.6,80.0,1,POINT (110.6 18.4),55,BRIAN_1989_10
2022239N22150,2022,Western Pacific,HINNAMNOR,2022-09-05 18:00:00,34.2,128.1,80.0,1,POINT (128.1 34.2),112,HINNAMNOR_2022_09
2010198N15123,2010,Western Pacific,CHANTHU,2010-07-22 00:00:00,20.6,111.4,80.0,1,POINT (111.4 20.6),55,CHANTHU_2010_07
1986343N05176,1986,Western Pacific,MARGE,1986-12-21 06:00:00,9.4,126.9,80.0,1,POINT (126.9 9.4),43,MARGE_1986_12
2014271N10160,2014,Western Pacific,PHANFONE,2014-10-05 18:00:00,33.0,135.4,80.0,1,POINT (135.4 33),71,PHANFONE_2014_10
2018263N12146,2018,Western Pacific,TRAMI,2018-09-30 00:00:00,30.5,130.9,80.0,1,POINT (130.9 30.5),71,TRAMI_2018_09
2022272N14258,2022,Eastern Pacific,ORLENE,2022-10-03 09:00:00,22.2,-106.4,80.0,1,POINT (-106.4 22.2),95,ORLENE_2022_10
2015162N12262,2015,Eastern Pacific,CARLOS,2015-06-16 18:00:00,17.7,-104.3,80.0,1,POINT (-104.3 17.7),95,CARLOS_2015_06
2015117S12115,2015,South Indian,QUANG,2015-05-01 03:00:00,-21.3,113.6,78.0,1,POINT (113.6 -21.3),21,QUANG_2015_05
2012142N09262,2012,Eastern Pacific,BUD,2012-05-25 15:00:00,18.6,-105.5,78.0,1,POINT (-105.5 18.6),95,BUD_2012_05
2023218N25145,2023,Western Pacific,LAN,2023-08-14 15:00:00,33.0,136.3,78.0,1,POINT (136.3 33),71,LAN_2023_08
2001246N19156,2001,Western Pacific,DANAS,2001-09-10 15:00:00,33.9,138.1,78.0,1,POINT (138.1 33.9),71,DANAS_2001_09
2017277N11279,2017,North Atlantic,NATE,2017-10-07 21:00:00,28.4,-89.1,78.0,1,POINT (-89.1 28.4),95,NATE_2017_10
1982229N09154,1982,Western Pacific,ELLIS,1982-08-26 09:00:00,30.2,131.0,78.0,1,POINT (131 30.2),71,ELLIS_1982_08
2020239N13134,2020,Western Pacific,MAYSAK,2020-09-02 15:00:00,34.2,128.3,78.0,1,POINT (128.3 34.2),112,MAYSAK_2020_09
2016269N15165,2016,Western Pacific,CHABA,2016-10-04 21:00:00,33.5,127.2,78.0,1,POINT (127.2 33.5),112,CHABA_2016_10
1985299N25270,1985,North Atlantic,JUAN,1985-10-28 15:00:00,29.4,-92.6,75.0,1,POINT (-92.6 29.4),95,JUAN_1985_10
2003302N11133,2003,Western Pacific,MELOR,2003-11-01 00:00:00,16.9,122.5,75.0,1,POINT (122.5 16.9),51,MELOR_2003_11
2003316N11141,2003,Western Pacific,NEPARTAK,2003-11-18 00:00:00,18.1,108.8,75.0,1,POINT (108.8 18.1),55,NEPARTAK_2003_11
1981166N11135,1981,Western Pacific,JUNE,1981-06-20 03:00:00,23.4,122.4,75.0,1,POINT (122.4 23.4),63,JUNE_1981_06
1995277N07141,1995,Western Pacific,TED,1995-10-12 03:00:00,18.2,108.2,75.0,1,POINT (108.2 18.2),55,TED_1995_10
1984180N16130,1984,Western Pacific,ALEX,1984-07-03 06:00:00,23.3,121.3,75.0,1,POINT (121.3 23.3),63,ALEX_1984_07
2008135N12116,2008,Western Pacific,HALONG,2008-05-17 12:00:00,16.3,120.2,75.0,1,POINT (120.2 16.3),51,HALONG_2008_05
1987035S12160,1987,South Pacific,UMA:VELI,1987-02-07 00:00:00,-17.1,167.1,75.0,1,POINT (167.1 -17.1),18,UMA:VELI_1987_02
2022180N15117,2022,Western Pacific,CHABA,2022-07-02 06:00:00,21.2,111.2,75.0,1,POINT (111.2 21.2),112,CHABA_2022_07
2017284N15134,2017,Western Pacific,KHANUN,2017-10-15 12:00:00,20.8,111.8,75.0,1,POINT (111.8 20.8),112,KHANUN_2017_10
1992188N07156,1992,Western Pacific,ELI,1992-07-11 00:00:00,15.7,122.3,75.0,1,POINT (122.3 15.7),51,ELI_1992_07
1981039S09178,1981,South Pacific,CLIFF,1981-02-12 12:00:00,-21.2,165.9,75.0,1,POINT (165.9 -21.2),14,CLIFF_1981_02
1998283N13268,1998,Eastern Pacific,MADELINE,1998-10-18 18:00:00,20.9,-106.5,75.0,1,POINT (-106.5 20.9),95,MADELINE_1998_10
1996207N12297,1996,North Atlantic,CESAR,1996-07-28 04:00:00,12.2,-83.9,75.0,1,POINT (-83.9 12.2),95,CESAR_1996_07
2024235N16223,2024,Eastern Pacific,HONE,2024-08-25 12:00:00,18.2,-155.7,75.0,1,POINT (-155.7 18.2),56,HONE_2024_08
1981011S12185,1981,South Pacific,ARTHUR,1981-01-14 18:00:00,-19.2,178.1,75.0,1,POINT (178.1 -19.2),15,ARTHUR_1981_01
1985199N08143,1985,Western Pacific,JEFF,1985-07-30 12:00:00,27.9,121.5,75.0,1,POINT (121.5 27.9),112,JEFF_1985_07
2016244N21123,2016,Western Pacific,NAMTHEUN,2016-09-03 09:00:00,30.3,130.0,75.0,1,POINT (130 30.3),71,NAMTHEUN_2016_09
2020213N15131,2020,Western Pacific,HAGUPIT,2020-08-03 18:00:00,27.7,121.1,75.0,1,POINT (121.1 27.7),112,HAGUPIT_2020_08
2001180N15118,2001,Western Pacific,DURIAN,2001-07-02 00:00:00,21.3,109.8,75.0,1,POINT (109.8 21.3),112,DURIAN_2001_07
1980236N15144,1980,Western Pacific,NORRIS,1980-08-27 15:00:00,24.5,122.1,75.0,1,POINT (122.1 24.5),63,NORRIS_1980_08
2010251N14337,2010,North Atlantic,IGOR,2010-09-21 18:00:00,48.5,-52.1,75.0,-4,POINT (-52.1 48.5),77,IGOR_2010_09
1989142N11114,1989,Western Pacific,CECIL,1989-05-24 12:00:00,16.0,109.2,75.0,1,POINT (109.2 16),112,CECIL_1989_05
2000290N30289,2000,North Atlantic,MICHAEL,2000-10-20 00:00:00,48.0,-56.5,75.0,-4,POINT (-56.5 48),77,MICHAEL_2000_10
1986262N12266,1986,Eastern Pacific,NEWTON,1986-09-23 06:00:00,25.2,-109.9,75.0,1,POINT (-109.9 25.2),95,NEWTON_1986_09
1989006S15044,1989,South Indian,CALASANJY,1989-01-14 00:00:00,-18.5,43.4,75.0,1,POINT (43.4 -18.5),20,CALASANJY_1989_01
1984057S14124,1984,South Indian,CHLOE,1984-02-29 18:00:00,-21.1,116.8,75.0,1,POINT (116.8 -21.1),21,CHLOE_1984_02
1986175N26273,1986,North Atlantic,BONNIE,1986-06-26 06:00:00,29.0,-93.7,75.0,1,POINT (-93.7 29),95,BONNIE_1986_06
1994088N09148,1994,Western Pacific,OWEN,1994-04-04 00:00:00,10.2,125.8,75.0,1,POINT (125.8 10.2),43,OWEN_1994_04
1981056S14141,1981,South Pacific,FREDA,1981-03-06 06:00:00,-19.9,163.7,75.0,1,POINT (163.7 -19.9),14,FREDA_1981_03
2018044S10133,2018,South Indian,KELVIN,2018-02-18 06:00:00,-19.8,122.1,75.0,1,POINT (122.1 -19.8),21,KELVIN_2018_02
2015309N14067,2015,North Indian,MEGH,2015-11-08 21:00:00,12.4,51.6,75.0,1,POINT (51.6 12.4),112,MEGH_2015_11
2007254N18140,2007,Western Pacific,NARI,2007-09-16 06:00:00,33.8,127.1,75.0,1,POINT (127.1 33.8),112,NARI_2007_09
1997240N12193,1997,Western Pacific,OLIWA,1997-09-15 18:00:00,30.6,130.0,75.0,1,POINT (130 30.6),71,OLIWA_1997_09
1997259N13258,1997,Eastern Pacific,NORA,1997-09-25 06:30:00,27.6,-114.8,75.0,1,POINT (-114.8 27.6),95,NORA_1997_09
1997261N13114,1997,Western Pacific,FRITZ,1997-09-25 00:00:00,15.8,108.8,75.0,1,POINT (108.8 15.8),112,FRITZ_1997_09
1989349S08065,1990,South Indian,ALIBERA,1990-01-01 12:00:00,-20.7,48.8,75.0,1,POINT (48.8 -20.7),20,ALIBERA_1990_01
1990250N13157,1990,Western Pacific,ED,1990-09-18 06:00:00,16.5,108.9,75.0,1,POINT (108.9 16.5),112,ED_1990_09
1988290N08145,1988,Western Pacific,PAT,1988-10-20 12:00:00,16.5,122.8,75.0,1,POINT (122.8 16.5),51,PAT_1988_10
1997232N17115,1997,Western Pacific,ZITA,1997-08-22 21:00:00,21.2,107.2,75.0,1,POINT (107.2 21.2),112,ZITA_1997_08
2022038S19164,2022,South Pacific,DOVI,2022-02-10 12:00:00,-23.1,166.9,75.0,1,POINT (166.9 -23.1),14,DOVI_2022_02
2004086S29318,2004,South Atlantic,UNNAMED,2004-03-28 00:00:00,-29.3,-48.4,75.0,1,POINT (-48.4 -29.3),95,UNNAMED_2004_03
1995348S15135,1996,South Indian,GERTIE,1995-12-20 12:00:00,-21.2,122.4,75.0,1,POINT (122.4 -21.2),21,GERTIE_1995_12
2007240N17153,2007,Western Pacific,FITOW,2007-09-06 12:00:00,34.1,138.7,75.0,1,POINT (138.7 34.1),71,FITOW_2007_09
2019260N12262,2019,Eastern Pacific,LORENA,2019-09-20 18:00:00,23.0,-109.2,75.0,1,POINT (-109.2 23),95,LORENA_2019_09
1997217N06168,1997,Western Pacific,WINNIE,1997-08-18 09:00:00,27.6,122.2,75.0,1,POINT (122.2 27.6),112,WINNIE_1997_08
2004158N07142,2004,Western Pacific,CHANTHU,2004-06-12 06:00:00,14.0,110.1,75.0,1,POINT (110.1 14),112,CHANTHU_2004_06
1987231N10159,1987,Western Pacific,DINAH,1987-08-30 18:00:00,34.2,128.9,75.0,1,POINT (128.9 34.2),112,DINAH_1987_08
1986099S12168,1986,South Pacific,MARTIN,1986-04-12 06:00:00,-15.9,178.9,75.0,1,POINT (178.9 -15.9),16,MARTIN_1986_04
2013228N23124,2013,Western Pacific,TRAMI,2013-08-21 12:00:00,25.9,121.1,75.0,1,POINT (121.1 25.9),63,TRAMI_2013_08
2021093S11122,2021,South Indian,SEROJA,2021-04-11 12:00:00,-28.3,114.4,75.0,1,POINT (114.4 -28.3),21,SEROJA_2021_04
1989286N19268,1989,North Atlantic,JERRY,1989-10-16 00:30:00,29.2,-95.0,75.0,1,POINT (-95 29.2),95,JERRY_1989_10
2024312N14145,2024,Western Pacific,TORAJI,2024-11-11 00:00:00,16.3,122.3,75.0,1,POINT (122.3 16.3),51,TORAJI_2024_11
2024293N21294,2024,North Atlantic,OSCAR,2024-10-20 18:00:00,20.5,-74.0,75.0,1,POINT (-74 20.5),54,OSCAR_2024_10
1996274N13261,1996,Eastern Pacific,HERNAN,1996-10-02 12:00:00,17.9,-103.1,75.0,1,POINT (-103.1 17.9),95,HERNAN_1996_10
2023292N11063,2023,North Indian,TEJ,2023-10-23 09:00:00,15.1,52.7,75.0,1,POINT (52.7 15.1),112,TEJ_2023_10
2022037S10103,2022,South Indian,EMNATI,2022-02-22 12:00:00,-20.8,49.5,75.0,1,POINT (49.5 -20.8),20,EMNATI_2022_02
1980027S11129,1980,South Indian,DEAN,1980-02-01 00:00:00,-19.8,118.5,75.0,1,POINT (118.5 -19.8),21,DEAN_1980_02
2017200N26162,2017,Western Pacific,NORU,2017-08-05 17:00:00,30.2,130.4,75.0,1,POINT (130.4 30.2),71,NORU_2017_08
1992357S13143,1993,South Pacific,NINA,1993-01-01 21:00:00,-11.4,163.0,75.0,1,POINT (163 -11.4),22,NINA_1993_01
2003122S11065,2003,South Indian,MANOU,2003-05-09 03:00:00,-19.4,49.0,75.0,1,POINT (49 -19.4),20,MANOU_2003_05
2023180N13264,2023,Eastern Pacific,BEATRIZ,2023-06-30 18:00:00,17.5,-102.7,75.0,1,POINT (-102.7 17.5),95,BEATRIZ_2023_06
2023316S08168,2024,South Pacific,MAL,2023-11-14 18:00:00,-18.7,176.6,75.0,1,POINT (176.6 -18.7),15,MAL_2023_11
1997056S15041,1997,South Indian,LISETTE,1997-03-02 00:00:00,-19.6,35.8,75.0,1,POINT (35.8 -19.6),112,LISETTE_1997_03
2011360N09088,2011,North Indian,THANE,2011-12-29 18:00:00,11.8,80.6,75.0,1,POINT (80.6 11.8),112,THANE_2011_12
2018204N15137,2018,Western Pacific,JONGDARI,2018-07-28 09:00:00,34.0,139.4,75.0,1,POINT (139.4 34),71,JONGDARI_2018_07
1985240N08148,1985,Western Pacific,TESS,1985-09-05 18:00:00,21.2,112.6,75.0,1,POINT (112.6 21.2),112,TESS_1985_09
2005249N26281,2005,North Atlantic,OPHELIA,2005-09-15 00:00:00,34.2,-76.9,75.0,1,POINT (-76.9 34.2),95,OPHELIA_2005_09
1998267N13134,1998,Western Pacific,YANNI,1998-09-28 18:00:00,25.3,122.9,75.0,1,POINT (122.9 25.3),63,YANNI_1998_09
1984332N08086,1984,North Indian,UNNAMED,1984-12-01 06:00:00,10.9,80.5,75.0,1,POINT (80.5 10.9),112,UNNAMED_1984_12
2009254N14130,2009,Western Pacific,KOPPU,2009-09-14 18:00:00,21.5,113.2,75.0,1,POINT (113.2 21.5),112,KOPPU_2009_09
2021236N12265,2021,Eastern Pacific,NORA,2021-08-28 21:00:00,19.8,-105.3,75.0,1,POINT (-105.3 19.8),95,NORA_2021_08
2016215N16283,2016,North Atlantic,EARL,2016-08-04 06:00:00,17.4,-88.3,75.0,1,POINT (-88.3 17.4),95,EARL_2016_08
1988150N19119,1988,Western Pacific,SUSAN,1988-06-01 18:00:00,21.6,119.8,75.0,1,POINT (119.8 21.6),63,SUSAN_1988_06
2016211N11128,2016,Western Pacific,NIDA,2016-08-01 15:00:00,22.1,115.5,75.0,1,POINT (115.5 22.1),112,NIDA_2016_08
2010302N09306,2010,North Atlantic,TOMAS,2010-11-05 12:00:00,18.7,-74.7,75.0,1,POINT (-74.7 18.7),54,TOMAS_2010_11
2022280N11294,2022,North Atlantic,JULIA,2022-10-09 07:15:00,12.4,-83.6,75.0,1,POINT (-83.6 12.4),95,JULIA_2022_10
1999230N12129,1999,Western Pacific,SAM,1999-08-22 06:00:00,22.2,114.6,75.0,1,POINT (114.6 22.2),112,SAM_1999_08
2014285N16305,2014,North Atlantic,GONZALO,2014-10-19 09:00:00,46.2,-52.6,75.0,1,POINT (-52.6 46.2),77,GONZALO_2014_10
1993331N07108,1993,North Indian,UNNAMED,1993-12-03 21:00:00,10.4,81.0,73.0,1,POINT (81 10.4),44,UNNAMED_1993_12
2012209N25149,2012,Western Pacific,DAMREY,2012-08-02 09:00:00,34.2,121.2,73.0,1,POINT (121.2 34.2),112,DAMREY_2012_08
2018229N11160,2018,Western Pacific,CIMARON,2018-08-23 09:00:00,32.7,134.4,73.0,1,POINT (134.4 32.7),66,CIMARON_2018_08
1997196N08142,1997,Western Pacific,ROSIE,1997-07-26 03:00:00,32.6,134.9,73.0,1,POINT (134.9 32.6),66,ROSIE_1997_07
2007242N13264,2007,Eastern Pacific,HENRIETTE,2007-09-04 15:00:00,22.1,-109.5,73.0,1,POINT (-109.5 22.1),95,HENRIETTE_2007_09
2015183N13130,2015,Western Pacific,LINFA,2015-07-08 21:00:00,22.6,117.3,73.0,1,POINT (117.3 22.6),112,LINFA_2015_07
2020230N11264,2020,Eastern Pacific,GENEVIEVE,2020-08-20 03:00:00,22.0,-110.2,73.0,1,POINT (-110.2 22),95,GENEVIEVE_2020_08
2017219N16279,2017,North Atlantic,FRANKLIN,2017-08-10 03:00:00,20.1,-96.2,72.0,1,POINT (-96.2 20.1),95,FRANKLIN_2017_08
1989169N13265,1989,Eastern Pacific,COSME,1989-06-22 03:00:00,16.4,-99.1,71.0,1,POINT (-99.1 16.4),95,COSME_1989_06
2021267N18094,2021,North Indian,GULAB:SHAHEEN-GU,2021-10-02 18:00:00,24.3,60.1,70.0,1,POINT (60.1 24.3),112,GULAB:SHAHEEN-GU_2021_10
2012234N16315,2012,North Atlantic,ISAAC,2012-08-28 18:00:00,28.6,-88.8,70.0,1,POINT (-88.8 28.6),95,ISAAC_2012_08
1991196N06153,1991,Western Pacific,BRENDAN,1991-07-22 06:00:00,17.5,122.1,70.0,1,POINT (122.1 17.5),51,BRENDAN_1991_07
2000006S15164,2000,South Pacific,IRIS,2000-01-08 09:00:00,-16.6,167.0,70.0,1,POINT (167 -16.6),18,IRIS_2000_01
1983236N26284,1983,North Atlantic,BARRY,1983-08-28 17:25:00,25.4,-97.4,70.0,1,POINT (-97.4 25.4),95,BARRY_1983_08
1982075S12055,1982,South Indian,JUSTINE,1982-03-22 00:00:00,-17.3,39.4,70.0,1,POINT (39.4 -17.3),112,JUSTINE_1982_03
2005211N09141,2005,Western Pacific,MATSA,2005-08-05 15:00:00,27.7,121.9,70.0,1,POINT (121.9 27.7),112,MATSA_2005_08
1983042S11158,1983,South Pacific,ELINOR,1983-03-03 00:00:00,-22.3,150.7,70.0,1,POINT (150.7 -22.3),21,ELINOR_1983_03
1990245N16149,1990,Western Pacific,DOT,1990-09-08 03:00:00,24.0,118.8,70.0,1,POINT (118.8 24),112,DOT_1990_09
2007297N18300,2007,North Atlantic,NOEL,2007-11-02 00:00:00,26.4,-76.5,70.0,1,POINT (-76.5 26.4),65,NOEL_2007_11
1990232N13141,1990,Western Pacific,BECKY,1990-08-29 00:00:00,17.8,108.8,70.0,1,POINT (108.8 17.8),55,BECKY_1990_08
1997165N12139,1997,Western Pacific,OPAL,1997-06-19 21:00:00,32.9,135.7,70.0,1,POINT (135.7 32.9),71,OPAL_1997_06
1982325N08176,1982,Western Pacific,PAMELA,1982-12-07 00:00:00,13.3,125.4,70.0,1,POINT (125.4 13.3),49,PAMELA_1982_12
2013149N14264,2013,Eastern Pacific,BARBARA,2013-05-29 19:50:00,16.0,-94.0,70.0,1,POINT (-94 16),95,BARBARA_2013_05
2018179N19134,2018,Western Pacific,PRAPIROON,2018-07-03 06:00:00,33.2,128.8,70.0,1,POINT (128.8 33.2),71,PRAPIROON_2018_07
1988251N23268,1988,North Atlantic,FLORENCE,1988-09-10 00:00:00,28.7,-89.3,70.0,1,POINT (-89.3 28.7),95,FLORENCE_1988_09
1997198N27267,1997,North Atlantic,DANNY,1997-07-19 10:00:00,30.2,-88.1,70.0,1,POINT (-88.1 30.2),95,DANNY_1997_07
2006252N13139,2006,Western Pacific,SHANSHAN,2006-09-17 09:00:00,33.0,129.7,70.0,1,POINT (129.7 33),71,SHANSHAN_2006_09
2016242N24279,2016,North Atlantic,HERMINE,2016-09-02 00:00:00,29.0,-84.8,70.0,1,POINT (-84.8 29),95,HERMINE_2016_09
2000184N13133,2000,Western Pacific,KIROGI,2000-07-07 18:00:00,34.1,139.9,70.0,1,POINT (139.9 34.1),71,KIROGI_2000_07
2018311N07179,2018,Western Pacific,USAGI,2018-11-24 15:00:00,9.8,108.0,70.0,1,POINT (108 9.8),112,USAGI_2018_11
2000214N22155,2000,Western Pacific,JELAWAT,2000-08-10 06:00:00,29.2,122.7,70.0,1,POINT (122.7 29.2),112,JELAWAT_2000_08
2009171N15264,2009,Eastern Pacific,ANDRES,2009-06-23 06:00:00,17.2,-103.1,70.0,1,POINT (-103.1 17.2),95,ANDRES_2009_06
1983082S11180,1983,South Pacific,SARAH,1983-03-26 00:00:00,-15.8,180.4,70.0,1,POINT (180.4 -15.8),16,SARAH_1983_03
1986226N30276,1986,North Atlantic,CHARLEY,1986-08-18 00:00:00,36.5,-75.8,70.0,1,POINT (-75.8 36.5),95,CHARLEY_1986_08
1995310N09096,1995,North Indian,UNNAMED,1995-11-09 00:00:00,17.8,84.3,70.0,1,POINT (84.3 17.8),112,UNNAMED_1995_11
1981227N18129,1981,Western Pacific,THAD,1981-08-22 18:00:00,34.5,139.5,70.0,1,POINT (139.5 34.5),71,THAD_1981_08
1983330S11113,1984,South Indian,QUENTON,1983-11-29 12:00:00,-19.0,120.7,70.0,1,POINT (120.7 -19),21,QUENTON_1983_11
2009272N07164,2009,Western Pacific,MELOR,2009-10-07 15:00:00,32.7,135.6,70.0,1,POINT (135.6 32.7),71,MELOR_2009_10
1992311N06107,1992,North Indian,UNNAMED,1992-11-13 06:00:00,7.9,78.3,70.0,1,POINT (78.3 7.9),112,UNNAMED_1992_11
1996232N17280,1996,North Atlantic,DOLLY,1996-08-23 12:00:00,21.6,-97.7,70.0,1,POINT (-97.7 21.6),95,DOLLY_1996_08
2024253N11148,2024,Western Pacific,BEBINCA,2024-09-15 21:00:00,30.7,122.5,70.0,1,POINT (122.5 30.7),112,BEBINCA_2024_09
2006247N14321,2006,North Atlantic,FLORENCE,2006-09-13 18:00:00,46.4,-54.0,70.0,-4,POINT (-54 46.4),77,FLORENCE_2006_09
1998133N04086,1998,North Indian,UNNAMED,1998-05-20 00:00:00,21.7,91.5,70.0,1,POINT (91.5 21.7),112,UNNAMED_1998_05
1990073S13170,1990,South Pacific,IVOR,1990-03-19 00:00:00,-14.1,145.8,70.0,1,POINT (145.8 -14.1),21,IVOR_1990_03
2012288N14248,2012,Eastern Pacific,PAUL,2012-10-16 18:00:00,24.2,-112.4,70.0,1,POINT (-112.4 24.2),95,PAUL_2012_10
2011192N18158,2011,Western Pacific,MA-ON,2011-07-19 00:00:00,31.8,132.8,70.0,1,POINT (132.8 31.8),66,MA-ON_2011_07
2024216N20284,2024,North Atlantic,DEBBY,2024-08-05 06:00:00,29.1,-83.9,70.0,1,POINT (-83.9 29.1),95,DEBBY_2024_08
2019243N06136,2019,Western Pacific,LINGLING,2019-09-07 03:00:00,36.8,124.9,70.0,1,POINT (124.9 36.8),112,LINGLING_2019_09
1993353N05159,1993,Western Pacific,NELL,1993-12-26 00:00:00,9.2,126.8,70.0,1,POINT (126.8 9.2),43,NELL_1993_12
2002240N16155,2002,Western Pacific,SINLAKU,2002-09-07 06:00:00,27.2,121.5,70.0,1,POINT (121.5 27.2),112,SINLAKU_2002_09
1995256N15253,1995,Eastern Pacific,ISMAEL,1995-09-14 18:00:00,22.6,-108.8,70.0,1,POINT (-108.8 22.6),95,ISMAEL_1995_09
1993271N14134,1993,Western Pacific,FLO,1993-10-04 00:00:00,16.6,122.8,70.0,1,POINT (122.8 16.6),51,FLO_1993_10
2002234N14164,2002,Western Pacific,RUSA,2002-08-31 06:00:00,34.2,127.4,70.0,1,POINT (127.4 34.2),112,RUSA_2002_08
1983212N06151,1983,Western Pacific,ABBY,1983-08-16 15:00:00,33.2,136.8,70.0,1,POINT (136.8 33.2),71,ABBY_1983_08
2007269N22265,2007,North Atlantic,LORENZO,2007-09-28 00:00:00,20.5,-96.3,70.0,1,POINT (-96.3 20.5),95,LORENZO_2007_09
2007272N17125,2007,Western Pacific,LEKIMA,2007-10-02 09:00:00,17.6,110.4,70.0,1,POINT (110.4 17.6),55,LEKIMA_2007_10
2021244N12339,2021,North Atlantic,LARRY,2021-09-11 03:30:00,47.3,-54.6,70.0,1,POINT (-54.6 47.3),77,LARRY_2021_09
1982248N14133,1982,Western Pacific,IRVING,1982-09-14 06:00:00,19.5,111.9,70.0,1,POINT (111.9 19.5),55,IRVING_1982_09
2006209N13130,2006,Western Pacific,PRAPIROON,2006-08-03 06:00:00,20.9,112.2,70.0,1,POINT (112.2 20.9),112,PRAPIROON_2006_08
2025204N19121,2025,Western Pacific,CO-MAY,2025-07-24 03:00:00,16.0,119.0,70.0,1,POINT (119 16),51,CO-MAY_2025_07
1982257N17140,1982,Western Pacific,KEN,1982-09-24 12:00:00,31.2,132.2,70.0,1,POINT (132.2 31.2),71,KEN_1982_09
1985268N16126,1985,Western Pacific,ANDY,1985-09-29 12:00:00,18.8,110.8,70.0,1,POINT (110.8 18.8),55,ANDY_1985_09
2018073S09129,2018,South Indian,MARCUS,2018-03-18 00:00:00,-14.2,127.8,70.0,1,POINT (127.8 -14.2),21,MARCUS_2018_03
1981297N11261,1981,Eastern Pacific,OTIS,1981-10-29 00:00:00,18.8,-105.8,70.0,1,POINT (-105.8 18.8),95,OTIS_1981_10
2018064S16172,2018,South Pacific,HOLA,2018-03-07 12:00:00,-16.6,166.6,70.0,1,POINT (166.6 -16.6),18,HOLA_2018_03
1999253N17124,1999,Western Pacific,YORK,1999-09-15 18:00:00,21.8,115.0,70.0,1,POINT (115 21.8),112,YORK_1999_09
1985168N05156,1985,Western Pacific,IRMA,1985-06-30 15:00:00,33.5,136.9,70.0,1,POINT (136.9 33.5),71,IRMA_1985_06
1989134N07138,1989,Western Pacific,BRENDA,1989-05-20 09:00:00,21.4,113.5,70.0,1,POINT (113.5 21.4),112,BRENDA_1989_05
2024225N14313,2024,North Atlantic,ERNESTO,2024-08-20 03:00:00,45.7,-53.3,70.0,1,POINT (-53.3 45.7),77,ERNESTO_2024_08
2013178N09133,2013,Western Pacific,RUMBIA,2013-07-01 12:00:00,19.7,111.7,70.0,1,POINT (111.7 19.7),55,RUMBIA_2013_07
2013186N13262,2013,Eastern Pacific,ERICK,2013-07-06 21:00:00,18.2,-104.9,70.0,1,POINT (-104.9 18.2),95,ERICK_2013_07
2010084S09138,2010,South Pacific,PAUL,2010-03-29 12:00:00,-13.4,136.0,70.0,1,POINT (136 -13.4),21,PAUL_2010_03
1989212N23270,1989,North Atlantic,CHANTAL,1989-08-01 13:00:00,29.6,-94.4,70.0,1,POINT (-94.4 29.6),95,CHANTAL_1989_08
2010070S15168,2010,South Pacific,ULUI,2010-03-20 15:00:00,-20.2,149.0,70.0,1,POINT (149 -20.2),21,ULUI_2010_03
1993251N25293,1993,North Atlantic,FLOYD,1993-09-12 21:00:00,48.0,-5.5,70.0,-4,POINT (-5.5 48),112,FLOYD_1993_09
1982247N11147,1982,Western Pacific,JUDY,1982-09-12 06:00:00,33.6,137.5,70.0,1,POINT (137.5 33.6),71,JUDY_1982_09
2017122S13170,2017,South Pacific,DONNA,2017-05-09 12:00:00,-20.6,166.8,70.0,1,POINT (166.8 -20.6),14,DONNA_2017_05
1987188N10151,1987,Western Pacific,THELMA,1987-07-15 12:00:00,34.2,127.2,70.0,1,POINT (127.2 34.2),112,THELMA_1987_07
1984207N29135,1984,Western Pacific,ED,1984-07-31 00:00:00,31.8,122.6,70.0,1,POINT (122.6 31.8),112,ED_1984_07
1985226N23126,1985,Western Pacific,MAMIE,1985-08-18 00:00:00,31.0,122.4,70.0,1,POINT (122.4 31),112,MAMIE_1985_08
1993229N10159,1993,Western Pacific,VERNON,1993-08-27 03:00:00,34.8,140.7,70.0,1,POINT (140.7 34.8),71,VERNON_1993_08
2020222N15117,2020,Western Pacific,MEKKHALA,2020-08-10 21:00:00,23.5,118.0,70.0,1,POINT (118 23.5),112,MEKKHALA_2020_08
2020355S11065,2021,South Indian,CHALANE,2020-12-30 00:00:00,-19.3,35.9,70.0,1,POINT (35.9 -19.3),112,CHALANE_2020_12
1995215N12145,1995,Western Pacific,HELEN,1995-08-12 00:00:00,22.5,114.7,70.0,1,POINT (114.7 22.5),112,HELEN_1995_08
2005275N19274,2005,North Atlantic,STAN,2005-10-04 12:00:00,18.6,-94.9,70.0,1,POINT (-94.9 18.6),95,STAN_2005_10
2015012N09146,2015,Western Pacific,MEKKHALA,2015-01-17 00:00:00,11.4,126.7,70.0,1,POINT (126.7 11.4),49,MEKKHALA_2015_01
1981176N08150,1981,Western Pacific,KELLY,1981-07-03 12:00:00,17.7,110.4,70.0,1,POINT (110.4 17.7),55,KELLY_1981_07
1999208N06139,1999,Western Pacific,OLGA,1999-08-03 03:00:00,34.3,125.9,70.0,1,POINT (125.9 34.3),112,OLGA_1999_08
1982095S11138,1982,South Pacific,DOMINIC,1982-04-07 12:00:00,-14.6,141.4,70.0,1,POINT (141.4 -14.6),21,DOMINIC_1982_04
2017354N08134,2017,Western Pacific,TEMBIN,2017-12-23 15:00:00,7.9,116.7,68.0,1,POINT (116.7 7.9),42,TEMBIN_2017_12
2015184N08172,2015,Western Pacific,NANGKA,2015-07-16 09:00:00,32.5,134.4,68.0,1,POINT (134.4 32.5),66,NANGKA_2015_07
1981286N10150,1981,Western Pacific,GAY,1981-10-22 15:00:00,34.6,140.3,68.0,1,POINT (140.3 34.6),71,GAY_1981_10
2009227N12328,2009,North Atlantic,BILL,2009-08-23 15:00:00,43.4,-64.1,68.0,1,POINT (-64.1 43.4),95,BILL_2009_08
2003158N08156,2003,Western Pacific,SOUDELOR,2003-06-19 03:00:00,33.8,128.9,68.0,1,POINT (128.9 33.8),71,SOUDELOR_2003_06
2007216N18138,2007,Western Pacific,PABUK,2007-08-07 15:00:00,22.0,121.3,68.0,1,POINT (121.3 22),63,PABUK_2007_08
2008269N21290,2008,North Atlantic,KYLE,2008-09-28 21:00:00,42.7,-66.4,68.0,1,POINT (-66.4 42.7),95,KYLE_2008_09
1990309N08167,1990,Western Pacific,PAGE,1990-11-30 03:00:00,32.6,135.5,68.0,1,POINT (135.5 32.6),71,PAGE_1990_11
1998242N14252,1998,Eastern Pacific,ISIS,1998-09-03 00:00:00,25.1,-109.0,65.0,1,POINT (-109 25.1),95,ISIS_1998_09
1998253N17150,1998,Western Pacific,STELLA,1998-09-15 18:00:00,33.9,138.1,65.0,1,POINT (138.1 33.9),71,STELLA_1998_09
2023228N12259,2023,Eastern Pacific,HILARY,2023-08-20 06:00:00,26.3,-114.9,65.0,1,POINT (-114.9 26.3),95,HILARY_2023_08
1992136N10090,1992,North Indian,UNNAMED,1992-05-19 00:00:00,18.5,93.6,65.0,1,POINT (93.6 18.5),112,UNNAMED_1992_05
1992096S08132,1992,South Indian,NEVILLE,1992-04-07 18:00:00,-11.0,131.0,65.0,1,POINT (131 -11),21,NEVILLE_1992_04
1987036S12140,1987,South Pacific,JASON,1987-02-11 09:00:00,-13.4,136.0,65.0,1,POINT (136 -13.4),21,JASON_1987_02
2002122S07063,2002,South Indian,KESINY,2002-05-09 12:00:00,-12.6,50.0,65.0,1,POINT (50 -12.6),20,KESINY_2002_05
1992259N11159,1992,Western Pacific,TED,1992-09-22 00:00:00,21.9,121.8,65.0,1,POINT (121.8 21.9),63,TED_1992_09
1995233N16115,1995,Western Pacific,LOIS,1995-08-28 09:00:00,18.7,109.2,65.0,1,POINT (109.2 18.7),55,LOIS_1995_08
2001094S12172,2001,South Pacific,SOSE,2001-04-07 15:00:00,-17.4,167.2,65.0,1,POINT (167.2 -17.4),18,SOSE_2001_04
1989259N20126,1989,Western Pacific,WAYNE,1989-09-19 12:00:00,32.9,134.8,65.0,1,POINT (134.8 32.9),66,WAYNE_1989_09
1983010S08049,1983,South Indian,ELINAH,1983-01-12 18:00:00,-16.3,40.3,65.0,1,POINT (40.3 -16.3),112,ELINAH_1983_01
2011250N20266,2011,North Atlantic,NATE,2011-09-09 00:00:00,19.7,-92.1,65.0,1,POINT (-92.1 19.7),95,NATE_2011_09
2013322N13090,2013,North Indian,HELEN,2013-11-21 18:00:00,16.2,82.6,65.0,1,POINT (82.6 16.2),112,HELEN_2013_11
1989080S16066,1989,South Indian,JINABO,1989-03-27 12:00:00,-20.6,49.3,65.0,1,POINT (49.3 -20.6),20,JINABO_1989_03
1983279N04140,1983,Western Pacific,JOE,1983-10-13 09:00:00,21.1,113.0,65.0,1,POINT (113 21.1),112,JOE_1983_10
2021248N11131,2021,Western Pacific,CONSON,2021-09-07 21:00:00,13.5,121.7,65.0,1,POINT (121.7 13.5),50,CONSON_2021_09
2004263N13153,2004,Western Pacific,MEARI,2004-09-29 00:00:00,31.7,130.5,65.0,1,POINT (130.5 31.7),71,MEARI_2004_09
2009346S10172,2010,South Pacific,MICK,2009-12-14 00:00:00,-17.3,177.5,65.0,1,POINT (177.5 -17.3),15,MICK_2009_12
1989279N07151,1989,Western Pacific,DAN,1989-10-10 12:00:00,13.0,124.4,65.0,1,POINT (124.4 13),49,DAN_1989_10
2000358N08086,2000,North Indian,UNNAMED,2000-12-26 12:00:00,8.5,81.0,65.0,1,POINT (81 8.5),44,UNNAMED_2000_12
2004284N07157,2004,Western Pacific,TOKAGE,2004-10-20 00:00:00,31.1,132.1,65.0,1,POINT (132.1 31.1),71,TOKAGE_2004_10
2013274N18152,2013,Western Pacific,DANAS,2013-10-08 09:00:00,33.7,128.5,65.0,1,POINT (128.5 33.7),71,DANAS_2013_10
2013272N10135,2013,Western Pacific,FITOW,2013-10-06 15:00:00,27.0,121.0,65.0,1,POINT (121 27),112,FITOW_2013_10
2009143N17089,2009,North Indian,AILA,2009-05-25 06:00:00,21.6,88.2,65.0,1,POINT (88.2 21.6),112,AILA_2009_05
2022232N18131,2022,Western Pacific,MA-ON,2022-08-23 03:00:00,17.5,122.2,65.0,1,POINT (122.2 17.5),51,MA-ON_2022_08
1983259N08161,1983,Western Pacific,FORREST,1983-09-28 00:00:00,32.7,129.3,65.0,1,POINT (129.3 32.7),71,FORREST_1983_09
2009093S12062,2009,South Indian,JADE,2009-04-06 03:00:00,-15.6,50.2,65.0,1,POINT (50.2 -15.6),20,JADE_2009_04
2014209N12152,2014,Western Pacific,HALONG,2014-08-09 18:00:00,33.0,133.3,65.0,1,POINT (133.3 33),66,HALONG_2014_08
1995292N08150,1995,Western Pacific,YVETTE,1995-10-26 00:00:00,13.4,109.7,65.0,1,POINT (109.7 13.4),112,YVETTE_1995_10
1986289N10267,1986,Eastern Pacific,ROSLYN,1986-10-22 06:00:00,22.7,-107.1,65.0,1,POINT (-107.1 22.7),95,ROSLYN_1986_10
2024295N15092,2024,North Indian,DANA,2024-10-24 12:00:00,19.8,87.5,65.0,1,POINT (87.5 19.8),112,DANA_2024_10
2018073S12057,2018,South Indian,ELIAKIM,2018-03-16 06:00:00,-15.8,50.6,65.0,1,POINT (50.6 -15.8),20,ELIAKIM_2018_03
1985202N26275,1985,North Atlantic,BOB,1985-07-24 18:00:00,30.5,-80.5,65.0,1,POINT (-80.5 30.5),95,BOB_1985_07
1997263N14084,1997,North Indian,UNNAMED,1997-09-27 03:00:00,23.3,92.1,65.0,1,POINT (92.1 23.3),112,UNNAMED_1997_09
2012215N23146,2012,Western Pacific,HAIKUI,2012-08-07 15:00:00,28.5,122.6,65.0,1,POINT (122.6 28.5),112,HAIKUI_2012_08
2000331N09092,2000,North Indian,UNNAMED,2000-11-29 12:00:00,11.6,79.9,65.0,1,POINT (79.9 11.6),112,UNNAMED_2000_11
1996021S16152,1996,South Pacific,CELESTE,1996-01-27 06:00:00,-19.7,148.6,65.0,1,POINT (148.6 -19.7),21,CELESTE_1996_01
2021143N15090,2021,North Indian,YAAS,2021-05-25 18:00:00,20.3,87.8,65.0,1,POINT (87.8 20.3),112,YAAS_2021_05
2013257N15259,2013,Eastern Pacific,MANUEL,2013-09-19 12:00:00,24.8,-108.0,65.0,1,POINT (-108 24.8),95,MANUEL_2013_09
2005185N18273,2005,North Atlantic,CINDY,2005-07-06 00:00:00,28.5,-90.3,65.0,1,POINT (-90.3 28.5),95,CINDY_2005_07
2004164N06139,2004,Western Pacific,DIANMU,2004-06-20 18:00:00,31.0,132.2,65.0,1,POINT (132.2 31),71,DIANMU_2004_06
2007084S12157,2007,South Pacific,BECKY,2007-03-27 18:00:00,-17.1,167.0,65.0,1,POINT (167 -17.1),18,BECKY_2007_03
2007133N15091,2007,North Indian,AKASH,2007-05-14 18:00:00,21.2,92.1,65.0,1,POINT (92.1 21.2),112,AKASH_2007_05
2006364S12058,2007,South Indian,CLOVIS,2007-01-03 06:00:00,-20.6,48.7,65.0,1,POINT (48.7 -20.6),20,CLOVIS_2007_01
2021256N21265,2021,North Atlantic,NICHOLAS,2021-09-14 06:00:00,28.8,-95.7,65.0,1,POINT (-95.7 28.8),95,NICHOLAS_2021_09
1996260N19107,1996,Western Pacific,WILLIE,1996-09-20 00:00:00,20.3,110.5,65.0,1,POINT (110.5 20.3),55,WILLIE_1996_09
1983287N09164,1983,Western Pacific,LEX,1983-10-25 12:00:00,17.4,109.8,65.0,1,POINT (109.8 17.4),55,LEX_1983_10
2012225N16133,2012,Western Pacific,KAI-TAK,2012-08-17 03:00:00,20.9,110.7,65.0,1,POINT (110.7 20.9),55,KAI-TAK_2012_08
2012009S12118,2012,South Indian,HEIDI,2012-01-11 18:00:00,-20.1,118.7,65.0,1,POINT (118.7 -20.1),21,HEIDI_2012_01
2000259N20273,2000,North Atlantic,GORDON,2000-09-17 18:00:00,28.0,-83.8,65.0,1,POINT (-83.8 28),95,GORDON_2000_09
2016027S13119,2016,South Indian,STAN,2016-01-30 12:00:00,-19.2,119.4,65.0,1,POINT (119.4 -19.2),21,STAN_2016_01
1997210N15120,1997,Western Pacific,VICTOR,1997-08-02 12:00:00,22.3,114.1,65.0,1,POINT (114.1 22.3),112,VICTOR_1997_08
1982339N07139,1982,Western Pacific,ROGER,1982-12-09 06:00:00,15.7,121.9,65.0,1,POINT (121.9 15.7),51,ROGER_1982_12
2000233N12316,2000,North Atlantic,DEBBY,2000-08-22 21:00:00,19.0,-66.1,65.0,1,POINT (-66.1 19),52,DEBBY_2000_08
2000237N08138,2000,Western Pacific,PRAPIROON,2000-08-31 12:00:00,37.3,125.1,65.0,1,POINT (125.1 37.3),112,PRAPIROON_2000_08
2000245N14157,2000,Western Pacific,SAOMAI,2000-09-15 18:00:00,34.0,128.1,65.0,1,POINT (128.1 34),112,SAOMAI_2000_09
2009196N14129,2009,Western Pacific,MOLAVE,2009-07-18 12:00:00,22.3,116.0,65.0,1,POINT (116 22.3),112,MOLAVE_2009_07
2004136N15090,2004,North Indian,UNNAMED,2004-05-19 06:00:00,20.1,93.1,65.0,1,POINT (93.1 20.1),112,UNNAMED_2004_05
2007306N18133,2007,Western Pacific,PEIPAH,2007-11-04 12:00:00,16.8,122.5,65.0,1,POINT (122.5 16.8),51,PEIPAH_2007_11
2020245N16285,2020,North Atlantic,NANA,2020-09-03 03:00:00,16.9,-87.5,65.0,1,POINT (-87.5 16.9),95,NANA_2020_09
2010236N12341,2010,North Atlantic,EARL,2010-09-04 18:00:00,45.5,-63.2,65.0,1,POINT (-63.2 45.5),74,EARL_2010_09
1993207N19130,1993,Western Pacific,PERCY,1993-07-29 12:00:00,31.7,129.5,65.0,1,POINT (129.5 31.7),71,PERCY_1993_07
1987282N15277,1987,North Atlantic,FLOYD,1987-10-12 21:00:00,25.1,-80.5,65.0,1,POINT (-80.5 25.1),95,FLOYD_1987_10
1998079S10145,1998,South Pacific,NATHAN,1998-03-23 15:00:00,-14.3,146.1,65.0,1,POINT (146.1 -14.3),21,NATHAN_1998_03
2010233N17119,2010,Western Pacific,MINDULLE,2010-08-24 00:00:00,18.1,107.3,65.0,1,POINT (107.3 18.1),112,MINDULLE_2010_08
2000185N15117,2000,Western Pacific,KAI-TAK,2000-07-08 18:00:00,21.3,120.8,65.0,1,POINT (120.8 21.3),63,KAI-TAK_2000_07
1998320N10102,1998,North Indian,UNNAMED,1998-11-22 03:00:00,20.7,88.2,65.0,1,POINT (88.2 20.7),112,UNNAMED_1998_11
1982304S10171,1983,South Pacific,JOTI,1982-11-04 12:00:00,-14.9,166.5,65.0,1,POINT (166.5 -14.9),19,JOTI_1982_11
1990206N34285,1990,North Atlantic,BERTHA,1990-08-02 03:00:00,45.1,-60.2,65.0,1,POINT (-60.2 45.1),95,BERTHA_1990_08
2012263N15141,2012,Western Pacific,JELAWAT,2012-09-30 03:00:00,32.6,134.9,65.0,1,POINT (134.9 32.6),66,JELAWAT_2012_09
2010249N24125,2010,Western Pacific,MERANTI,2010-09-09 15:00:00,23.7,118.9,65.0,1,POINT (118.9 23.7),112,MERANTI_2010_09
1990216N29125,1990,Western Pacific,WINONA,1990-08-10 00:00:00,34.9,138.4,65.0,1,POINT (138.4 34.9),71,WINONA_1990_08
2020327N08086,2020,North Indian,NIVAR,2020-11-25 15:00:00,11.8,80.6,65.0,1,POINT (80.6 11.8),112,NIVAR_2020_11
1995206N15133,1995,Western Pacific,GARY,1995-07-31 00:00:00,22.6,116.9,65.0,1,POINT (116.9 22.6),112,GARY_1995_07
2016230N15138,2016,Western Pacific,MINDULLE,2016-08-22 00:00:00,34.3,139.5,65.0,1,POINT (139.5 34.3),71,MINDULLE_2016_08
1996167N16072,1996,North Indian,UNNAMED,1996-06-18 18:00:00,20.4,70.7,65.0,1,POINT (70.7 20.4),112,UNNAMED_1996_06
2004241N32282,2004,North Atlantic,GASTON,2004-08-29 14:00:00,33.0,-79.6,65.0,1,POINT (-79.6 33),95,GASTON_2004_08
1988245N20269,1988,North Atlantic,DEBBY,1988-09-02 18:00:00,20.8,-96.6,65.0,1,POINT (-96.6 20.8),95,DEBBY_1988_09
2000056S17152,2000,South Indian,STEVE,2000-03-06 06:00:00,-20.3,116.9,65.0,1,POINT (116.9 -20.3),21,STEVE_2000_03
2011205N12130,2011,Western Pacific,NOCK-TEN,2011-07-27 00:00:00,15.7,122.3,65.0,1,POINT (122.3 15.7),51,NOCK-TEN_2011_07
1992198N13135,1992,Western Pacific,GARY,1992-07-22 18:00:00,21.1,110.4,65.0,1,POINT (110.4 21.1),112,GARY_1992_07
2020276N17277,2020,North Atlantic,GAMMA,2020-10-03 16:45:00,20.2,-87.4,65.0,1,POINT (-87.4 20.2),95,GAMMA_2020_10
2011295N13279,2011,North Atlantic,RINA,2011-10-27 06:00:00,18.6,-86.7,65.0,1,POINT (-86.7 18.6),95,RINA_2011_10
2005222N14131,2005,Western Pacific,SANVU,2005-08-13 00:00:00,22.8,117.2,65.0,1,POINT (117.2 22.8),112,SANVU_2005_08
1986135S07160,1986,South Pacific,NAMU,1986-05-18 12:00:00,-9.4,161.5,65.0,1,POINT (161.5 -9.4),22,NAMU_1986_05
2021029S16171,2021,South Pacific,ANA,2021-01-31 06:00:00,-18.8,178.6,65.0,1,POINT (178.6 -18.8),15,ANA_2021_01
2004025S16044,2004,South Indian,ELITA,2004-02-03 00:00:00,-20.2,44.2,65.0,1,POINT (44.2 -20.2),20,ELITA_2004_02
1980254N14112,1980,Western Pacific,RUTH,1980-09-15 18:00:00,19.9,106.7,65.0,1,POINT (106.7 19.9),112,RUTH_1980_09
2017280N32321,2017,North Atlantic,OPHELIA,2017-10-16 12:00:00,52.3,-10.0,65.0,-4,POINT (-10 52.3),80,OPHELIA_2017_10
2018214N19153,2018,Western Pacific,SHANSHAN,2018-08-08 15:00:00,34.8,141.1,65.0,1,POINT (141.1 34.8),71,SHANSHAN_2018_08
1981317N14153,1981,Western Pacific,HAZEN,1981-11-19 09:00:00,13.5,124.4,65.0,1,POINT (124.4 13.5),49,HAZEN_1981_11
2023334N08088,2023,North Indian,MICHAUNG,2023-12-04 18:00:00,14.4,80.3,65.0,1,POINT (80.3 14.4),112,MICHAUNG_2023_12
1981307N17279,1981,North Atlantic,KATRINA,1981-11-06 00:00:00,20.9,-79.5,65.0,1,POINT (-79.5 20.9),61,KATRINA_1981_11
2016207N17116,2016,Western Pacific,MIRINAE,2016-07-27 18:00:00,20.2,106.2,65.0,1,POINT (106.2 20.2),112,MIRINAE_2016_07
2003212N12130,2003,Western Pacific,MORAKOT,2003-08-03 12:00:00,22.2,121.0,65.0,1,POINT (121 22.2),63,MORAKOT_2003_08
2001361N01106,2001,Western Pacific,VAMEI,2001-12-27 00:00:00,1.5,105.2,65.0,1,POINT (105.2 1.5),112,VAMEI_2001_12
2022311N21293,2022,North Atlantic,NICOLE,2022-11-10 07:45:00,27.6,-80.3,65.0,1,POINT (-80.3 27.6),95,NICOLE_2022_11
2003227N26277,2003,North Atlantic,ERIKA,2003-08-16 12:00:00,25.2,-97.6,65.0,1,POINT (-97.6 25.2),95,ERIKA_2003_08
2021343S09155,2022,South Pacific,RUBY,2021-12-14 06:00:00,-22.3,167.3,65.0,1,POINT (167.3 -22.3),14,RUBY_2021_12
2021182N09317,2021,North Atlantic,ELSA,2021-07-07 00:00:00,26.6,-83.2,65.0,1,POINT (-83.2 26.6),95,ELSA_2021_07
2020072S14054,2020,South Indian,HEROLD,2020-03-15 00:00:00,-15.0,51.4,65.0,1,POINT (51.4 -15),20,HEROLD_2020_03
2023364S19035,2024,South Indian,ALVARO,2024-01-01 12:00:00,-21.5,42.7,65.0,1,POINT (42.7 -21.5),20,ALVARO_2024_01
1992233N16254,1992,Eastern Pacific,LESTER,1992-08-23 10:00:00,26.8,-113.4,65.0,1,POINT (-113.4 26.8),95,LESTER_1992_08
2008042S16122,2008,South Indian,NICHOLAS,2008-02-19 00:00:00,-21.5,113.4,65.0,1,POINT (113.4 -21.5),21,NICHOLAS_2008_02
2021283N14258,2021,Eastern Pacific,PAMELA,2021-10-13 12:30:00,23.7,-106.7,65.0,1,POINT (-106.7 23.7),95,PAMELA_2021_10
1987202N09144,1987,Western Pacific,ALEX,1987-07-26 18:00:00,23.7,122.2,65.0,1,POINT (122.2 23.7),63,ALEX_1987_07
1988012S11061,1988,South Indian,CALIDERA,1988-01-15 00:00:00,-16.2,50.2,65.0,1,POINT (50.2 -16.2),20,CALIDERA_1988_01
2003350S10140,2004,South Indian,DEBBIE,2003-12-20 06:00:00,-11.3,133.8,65.0,1,POINT (133.8 -11.3),21,DEBBIE_2003_12
1999248N17256,1999,Eastern Pacific,GREG,1999-09-07 06:00:00,22.2,-109.5,65.0,1,POINT (-109.5 22.2),95,GREG_1999_09
1993360S04171,1994,South Pacific,REWA,1994-01-05 06:00:00,-22.1,164.6,65.0,1,POINT (164.6 -22.1),14,REWA_1994_01
2023249N12320,2023,North Atlantic,LEE,2023-09-16 12:00:00,42.7,-66.3,65.0,-4,POINT (-66.3 42.7),95,LEE_2023_09
2019192N29274,2019,North Atlantic,BARRY,2019-07-13 15:00:00,29.6,-92.2,65.0,1,POINT (-92.2 29.6),95,BARRY_2019_07
2012242N13333,2012,North Atlantic,LESLIE,2012-09-11 12:00:00,47.7,-54.9,65.0,-4,POINT (-54.9 47.7),77,LESLIE_2012_09
2025249N18117,2025,Western Pacific,TAPAH,2025-09-08 00:00:00,21.8,112.6,64.0,1,POINT (112.6 21.8),112,TAPAH_2025_09
2025200N19123,2025,Western Pacific,WIPHA,2025-07-20 03:00:00,21.7,113.9,64.0,1,POINT (113.9 21.7),112,WIPHA_2025_07
2025162N15114,2025,Western Pacific,WUTIP,2025-06-14 00:00:00,20.3,109.1,64.0,1,POINT (109.1 20.3),55,WUTIP_2025_06
2022248N14259,2022,Eastern Pacific,KAY,2022-09-08 15:00:00,25.9,-113.8,63.0,0,POINT (-113.8 25.9),95,KAY_2022_09
2018271N06154,2018,Western Pacific,KONG-REY,2018-10-05 21:00:00,33.7,127.3,63.0,0,POINT (127.3 33.7),112,KONG-REY_2018_10
1993199N10156,1993,Western Pacific,NATHAN,1993-07-24 15:00:00,33.2,135.5,63.0,0,POINT (135.5 33.2),66,NATHAN_1993_07
1982154N22273,1982,North Atlantic,ALBERTO,1982-06-03 15:00:00,23.6,-83.9,63.0,0,POINT (-83.9 23.6),61,ALBERTO_1982_06
2020015S12170,2020,South Pacific,TINO,2020-01-17 09:00:00,-16.0,180.7,63.0,0,POINT (180.7 -16),16,TINO_2020_01
1992289N08135,1992,Western Pacific,COLLEEN,1992-10-25 15:00:00,15.0,123.2,63.0,0,POINT (123.2 15),51,COLLEEN_1992_10
2009082S16039,2009,South Indian,IZILDA,2009-03-26 03:00:00,-23.7,42.7,63.0,0,POINT (42.7 -23.7),20,IZILDA_2009_03
2011045S14132,2011,South Indian,CARLOS,2011-02-23 09:00:00,-22.8,113.0,63.0,0,POINT (113 -22.8),21,CARLOS_2011_02
1995235N13311,1995,North Atlantic,IRIS,1995-09-07 09:00:00,49.1,-5.7,63.0,-4,POINT (-5.7 49.1),83,IRIS_1995_09
2001225N18146,2001,Western Pacific,PABUK,2001-08-21 03:00:00,32.5,134.9,63.0,0,POINT (134.9 32.5),66,PABUK_2001_08
1986225N17134,1986,Western Pacific,VERA,1986-08-28 03:00:00,34.6,125.5,63.0,0,POINT (125.5 34.6),112,VERA_1986_08
2013282N14149,2013,Western Pacific,WIPHA,2013-10-15 21:00:00,34.4,140.4,63.0,0,POINT (140.4 34.4),71,WIPHA_2013_10
1984355S16129,1985,South Indian,FRANK,1984-12-26 15:00:00,-19.5,117.8,63.0,0,POINT (117.8 -19.5),21,FRANK_1984_12
2005301N13117,2005,Western Pacific,KAI-TAK,2005-11-01 03:00:00,15.6,109.5,63.0,0,POINT (109.5 15.6),112,KAI-TAK_2005_11
2025100S09132,2025,South Indian,ERROL,2025-04-17 21:00:00,-15.9,122.6,62.0,0,POINT (122.6 -15.9),21,ERROL_2025_04
1988169N14259,1988,Eastern Pacific,ALETTA,1988-06-18 18:00:00,17.0,-102.2,60.0,0,POINT (-102.2 17),95,ALETTA_1988_06
2000226N16258,2000,Eastern Pacific,ILEANA,2000-08-15 12:00:00,22.0,-109.5,60.0,0,POINT (-109.5 22),95,ILEANA_2000_08
2022008S13148,2022,South Pacific,TIFFANY,2022-01-10 00:00:00,-14.3,144.2,60.0,0,POINT (144.2 -14.3),21,TIFFANY_2022_01
2011358S11132,2012,South Indian,GRANT,2011-12-25 12:00:00,-11.7,132.8,60.0,0,POINT (132.8 -11.7),21,GRANT_2011_12
2003196N11137,2003,Western Pacific,KONI,2003-07-21 18:00:00,19.0,108.9,60.0,0,POINT (108.9 19),55,KONI_2003_07
1980081S12170,1980,South Pacific,TIA,1980-03-24 00:00:00,-16.7,179.5,60.0,0,POINT (179.5 -16.7),16,TIA_1980_03
1985086S13152,1985,South Pacific,TANYA,1985-03-31 06:00:00,-13.6,144.9,60.0,0,POINT (144.9 -13.6),21,TANYA_1985_03
2013255N19268,2013,North Atlantic,INGRID,2013-09-16 06:00:00,23.4,-96.9,60.0,0,POINT (-96.9 23.4),95,INGRID_2013_09
2006237N13298,2006,North Atlantic,ERNESTO,2006-09-01 03:40:00,33.9,-78.1,60.0,0,POINT (-78.1 33.9),95,ERNESTO_2006_09
2008241N19303,2008,North Atlantic,HANNA,2008-09-06 03:00:00,32.4,-79.1,60.0,0,POINT (-79.1 32.4),95,HANNA_2008_09
2013255N20148,2013,Western Pacific,MAN-YI,2013-09-15 18:00:00,32.9,135.9,60.0,0,POINT (135.9 32.9),71,MAN-YI_2013_09
2010247N15266,2010,North Atlantic,HERMINE,2010-09-07 02:00:00,25.3,-97.4,60.0,0,POINT (-97.4 25.3),95,HERMINE_2010_09
2000279N29279,2000,North Atlantic,LESLIE,2000-10-10 18:00:00,53.0,-10.0,60.0,-4,POINT (-10 53),80,LESLIE_2000_10
1985142N16089,1985,North Indian,UNNAMED,1985-05-25 00:00:00,22.0,90.9,60.0,0,POINT (90.9 22),112,UNNAMED_1985_05
2006198N08152,2006,Western Pacific,KAEMI,2006-07-24 12:00:00,22.3,121.9,60.0,0,POINT (121.9 22.3),63,KAEMI_2006_07
2021169N14260,2021,Eastern Pacific,DOLORES,2021-06-19 15:00:00,18.6,-103.7,60.0,0,POINT (-103.7 18.6),95,DOLORES_2021_06
1989346S10133,1990,South Pacific,FELICITY,1989-12-15 12:00:00,-16.7,141.6,60.0,0,POINT (141.6 -16.7),21,FELICITY_1989_12
1981219N11334,1981,North Atlantic,DENNIS,1981-08-20 12:00:00,35.5,-75.2,60.0,0,POINT (-75.2 35.5),95,DENNIS_1981_08
2008229N18293,2008,North Atlantic,FAY,2008-08-19 18:00:00,27.0,-81.1,60.0,0,POINT (-81.1 27),95,FAY_2008_08
1992044S09181,1992,South Pacific,DAMAN,1992-02-15 18:00:00,-14.3,166.2,60.0,0,POINT (166.2 -14.3),19,DAMAN_1992_02
2023207N09141,2023,Western Pacific,KHANUN,2023-08-09 12:00:00,32.4,128.8,60.0,0,POINT (128.8 32.4),71,KHANUN_2023_08
2020229N18123,2020,Western Pacific,HIGOS,2020-08-18 18:00:00,21.6,113.8,60.0,0,POINT (113.8 21.6),112,HIGOS_2020_08
2001054S15155,2001,South Pacific,ABIGAIL,2001-02-26 15:00:00,-16.8,138.1,60.0,0,POINT (138.1 -16.8),21,ABIGAIL_2001_02
2016138N10081,2016,North Indian,ROANU,2016-05-21 00:00:00,20.9,89.4,60.0,0,POINT (89.4 20.9),112,ROANU_2016_05
2012147N30284,2012,North Atlantic,BERYL,2012-05-28 00:00:00,30.1,-80.7,60.0,0,POINT (-80.7 30.1),95,BERYL_2012_05
2012162N06150,2012,Western Pacific,GUCHOL,2012-06-19 06:00:00,32.4,134.7,60.0,0,POINT (134.7 32.4),66,GUCHOL_2012_06
1994210N16144,1994,Western Pacific,CAITLIN,1994-08-03 06:00:00,22.6,122.0,60.0,0,POINT (122 22.6),63,CAITLIN_1994_08
1994215N30149,1994,Western Pacific,ELLIE,1994-08-15 12:00:00,36.3,121.9,60.0,0,POINT (121.9 36.3),112,ELLIE_1994_08
1984259N19245,1984,Eastern Pacific,NORBERT,1984-09-26 00:00:00,26.1,-113.6,60.0,0,POINT (-113.6 26.1),95,NORBERT_1984_09
1990271N13153,1990,Western Pacific,HATTIE,1990-10-07 12:00:00,30.4,130.0,60.0,0,POINT (130 30.4),71,HATTIE_1990_10
2001215N26275,2001,North Atlantic,BARRY,2001-08-06 06:00:00,30.6,-86.4,60.0,0,POINT (-86.4 30.6),95,BARRY_2001_08
1998233N25268,1998,North Atlantic,CHARLEY,1998-08-22 06:00:00,27.5,-96.5,60.0,0,POINT (-96.5 27.5),95,CHARLEY_1998_08
2001245N13326,2001,North Atlantic,ERIN,2001-09-15 03:00:00,47.8,-51.8,60.0,0,POINT (-51.8 47.8),77,ERIN_2001_09
2012056S13057,2012,South Indian,IRINA,2012-03-01 09:00:00,-18.9,43.9,60.0,0,POINT (43.9 -18.9),20,IRINA_2012_03
2023013S08081,2023,South Indian,CHENESO,2023-01-19 00:00:00,-13.9,51.1,60.0,0,POINT (51.1 -13.9),20,CHENESO_2023_01
2001255N26276,2001,North Atlantic,GABRIELLE,2001-09-14 12:00:00,27.1,-82.6,60.0,0,POINT (-82.6 27.1),95,GABRIELLE_2001_09
2016225N16138,2016,Western Pacific,CHANTHU,2016-08-17 12:00:00,44.3,143.1,60.0,-4,POINT (143.1 44.3),73,CHANTHU_2016_08
2001227N13323,2001,North Atlantic,CHANTAL,2001-08-21 02:00:00,18.1,-87.8,60.0,0,POINT (-87.8 18.1),95,CHANTAL_2001_08
2016230N25160,2016,Western Pacific,LIONROCK,2016-08-30 09:00:00,39.4,141.4,60.0,-4,POINT (141.4 39.4),71,LIONROCK_2016_08
1989187N15132,1989,Western Pacific,FAYE,1989-07-08 12:00:00,16.9,122.3,60.0,0,POINT (122.3 16.9),51,FAYE_1989_07
1996184N09271,1996,Eastern Pacific,CRISTINA,1996-07-03 09:00:00,15.7,-96.2,60.0,0,POINT (-96.2 15.7),95,CRISTINA_1996_07
2005138N10265,2005,Eastern Pacific,ADRIAN,2005-05-20 00:00:00,12.6,-89.9,60.0,0,POINT (-89.9 12.6),95,ADRIAN_2005_05
1999291N10309,1999,North Atlantic,JOSE,1999-10-21 12:00:00,18.5,-64.8,60.0,0,POINT (-64.8 18.5),52,JOSE_1999_10
2014212N11242,2014,Eastern Pacific,ISELLE,2014-08-08 06:00:00,18.9,-154.4,60.0,0,POINT (-154.4 18.9),56,ISELLE_2014_08
1980003S15137,1980,South Pacific,PAUL,1980-01-07 00:00:00,-21.5,149.1,60.0,0,POINT (149.1 -21.5),21,PAUL_1980_01
2023265N29284,2023,North Atlantic,OPHELIA,2023-09-23 10:15:00,34.7,-77.1,60.0,0,POINT (-77.1 34.7),95,OPHELIA_2023_09
1984225N18142,1984,Western Pacific,HOLLY,1984-08-21 06:00:00,34.1,128.9,60.0,0,POINT (128.9 34.1),71,HOLLY_1984_08
2011240N10341,2011,North Atlantic,KATIA,2011-09-12 15:00:00,58.8,-3.8,60.0,-4,POINT (-3.8 58.8),83,KATIA_2011_09
2011250N12324,2011,North Atlantic,MARIA,2011-09-16 18:30:00,47.0,-53.5,60.0,0,POINT (-53.5 47),77,MARIA_2011_09
2002187N11160,2002,Western Pacific,HALONG,2002-07-15 09:00:00,30.6,131.1,60.0,0,POINT (131.1 30.6),71,HALONG_2002_07
2019231N13135,2019,Western Pacific,BAILU,2019-08-24 06:00:00,22.3,120.6,60.0,0,POINT (120.6 22.3),63,BAILU_2019_08
1993253N06150,1993,Western Pacific,BECKY,1993-09-17 00:00:00,21.6,113.7,60.0,0,POINT (113.7 21.6),112,BECKY_1993_09
1994232N10144,1994,Western Pacific,HARRY,1994-08-27 12:00:00,20.3,110.7,60.0,0,POINT (110.7 20.3),55,HARRY_1994_08
2011263N12323,2011,North Atlantic,OPHELIA,2011-10-03 09:00:00,46.6,-56.0,60.0,0,POINT (-56 46.6),77,OPHELIA_2011_10
2010019S11123,2010,South Indian,MAGDA,2010-01-22 00:00:00,-16.0,124.6,60.0,0,POINT (124.6 -16),21,MAGDA_2010_01
1987053S15127,1987,South Indian,ELSIE,1987-02-25 06:00:00,-19.3,120.9,60.0,0,POINT (120.9 -19.3),21,ELSIE_1987_02
1997298N06140,1997,Western Pacific,LINDA,1997-11-02 15:00:00,9.1,104.2,60.0,0,POINT (104.2 9.1),112,LINDA_1997_11
1982246N16119,1982,Western Pacific,HOPE,1982-09-06 12:00:00,15.9,109.1,60.0,0,POINT (109.1 15.9),112,HOPE_1982_09
1988364S17148,1989,South Pacific,DELILAH,1989-01-02 06:00:00,-20.2,165.0,60.0,0,POINT (165 -20.2),14,DELILAH_1989_01
1982220N08154,1982,Western Pacific,DOT,1982-08-14 18:00:00,22.3,121.2,60.0,0,POINT (121.2 22.3),63,DOT_1982_08
1995225N12124,1995,Western Pacific,IRVING,1995-08-19 06:00:00,19.9,111.1,60.0,0,POINT (111.1 19.9),55,IRVING_1995_08
1981207N22150,1981,Western Pacific,OGDEN,1981-07-30 15:00:00,31.5,131.9,60.0,0,POINT (131.9 31.5),71,OGDEN_1981_07
2017236N15129,2017,Western Pacific,PAKHAR,2017-08-27 00:00:00,21.9,113.4,60.0,0,POINT (113.4 21.9),112,PAKHAR_2017_08
1988323N15286,1988,North Atlantic,KEITH,1988-11-21 03:00:00,20.2,-86.4,60.0,0,POINT (-86.4 20.2),95,KEITH_1988_11
2004227N15144,2004,Western Pacific,MEGI,2004-08-18 21:00:00,34.3,128.6,60.0,0,POINT (128.6 34.3),112,MEGI_2004_08
1982202N11165,1982,Western Pacific,BESS,1982-08-01 15:00:00,34.5,137.0,60.0,0,POINT (137 34.5),71,BESS_1982_08
2023281N14260,2023,Eastern Pacific,MAX,2023-10-09 18:00:00,17.3,-101.1,60.0,0,POINT (-101.1 17.3),95,MAX_2023_10
2009164N10131,2009,Western Pacific,LINFA,2009-06-21 03:00:00,23.3,118.4,60.0,0,POINT (118.4 23.3),112,LINFA_2009_06
2018221N17112,2018,Western Pacific,BEBINCA,2018-08-16 06:00:00,20.0,108.0,60.0,0,POINT (108 20),55,BEBINCA_2018_08
1995222N24265,1995,North Atlantic,GABRIELLE,1995-08-11 20:00:00,23.7,-97.8,60.0,0,POINT (-97.8 23.7),95,GABRIELLE_1995_08
1982169N26274,1982,North Atlantic,UNNAMED,1982-06-19 12:00:00,35.3,-76.0,60.0,-2,POINT (-76 35.3),95,UNNAMED_1982_06
1984169N20137,1984,Western Pacific,WYNNE,1984-06-25 00:00:00,21.1,113.4,60.0,0,POINT (113.4 21.1),112,WYNNE_1984_06
1980001S13173,1980,South Pacific,PENI,1980-01-04 06:00:00,-18.6,176.8,60.0,0,POINT (176.8 -18.6),15,PENI_1980_01
1980265N15283,1980,North Atlantic,HERMINE,1980-09-24 03:00:00,19.0,-94.1,60.0,0,POINT (-94.1 19),95,HERMINE_1980_09
1999255N13336,1999,North Atlantic,GERT,1999-09-23 09:00:00,45.7,-53.4,60.0,0,POINT (-53.4 45.7),77,GERT_1999_09
1996279N23264,1996,North Atlantic,JOSEPHINE,1996-10-08 00:00:00,29.3,-84.5,60.0,0,POINT (-84.5 29.3),95,JOSEPHINE_1996_10
2019260N20129,2019,Western Pacific,TAPAH,2019-09-22 12:00:00,33.9,129.5,60.0,0,POINT (129.5 33.9),71,TAPAH_2019_09
2024145N14087,2024,North Indian,REMAL,2024-05-26 14:00:00,21.5,89.0,60.0,0,POINT (89 21.5),112,REMAL_2024_05
2025054S13182,2025,South Pacific,RAE,2025-02-23 18:00:00,-16.6,-179.0,60.0,0,POINT (-179 -16.6),17,RAE_2025_02
1981158N17119,1981,Western Pacific,IKE,1981-06-13 00:00:00,22.1,120.0,60.0,0,POINT (120 22.1),63,IKE_1981_06
2016328N09130,2016,Western Pacific,TOKAGE,2016-11-25 18:00:00,12.5,119.9,60.0,0,POINT (119.9 12.5),50,TOKAGE_2016_11
2009238N20151,2009,Western Pacific,KROVANH,2009-08-31 06:00:00,34.6,140.5,60.0,0,POINT (140.5 34.6),71,KROVANH_2009_08
1997118S09166,1997,South Pacific,JUNE,1997-05-04 18:00:00,-16.5,177.3,60.0,0,POINT (177.3 -16.5),15,JUNE_1997_05
1996361S12060,1997,South Indian,FABRIOLA,1997-01-04 06:00:00,-15.7,50.3,60.0,0,POINT (50.3 -15.7),20,FABRIOLA_1997_01
2021299N33284,2021,North Atlantic,WANDA,2021-10-27 06:00:00,41.4,-69.4,60.0,-4,POINT (-69.4 41.4),95,WANDA_2021_10
1980015S18060,1980,South Indian,HYACINTHE,1980-01-20 06:00:00,-17.6,50.2,60.0,0,POINT (50.2 -17.6),20,HYACINTHE_1980_01
2018246N22283,2018,North Atlantic,GORDON,2018-09-05 03:15:00,30.4,-88.5,60.0,0,POINT (-88.5 30.4),95,GORDON_2018_09
1994315S07168,1995,South Pacific,VANIA,1994-11-15 12:00:00,-17.3,168.2,60.0,0,POINT (168.2 -17.3),18,VANIA_1994_11
2022285N17140,2022,Western Pacific,NESAT,2022-10-16 03:00:00,19.4,120.5,60.0,0,POINT (120.5 19.4),51,NESAT_2022_10
1995154N17276,1995,North Atlantic,ALLISON,1995-06-05 14:00:00,29.9,-84.4,60.0,0,POINT (-84.4 29.9),95,ALLISON_1995_06
1997270N11265,1997,Eastern Pacific,OLAF,1997-09-28 03:00:00,15.1,-94.5,58.0,0,POINT (-94.5 15.1),95,OLAF_1997_09
1996354S05170,1997,South Pacific,FERGUS,1996-12-30 09:00:00,-37.4,176.9,58.0,0,POINT (176.9 -37.4),13,FERGUS_1996_12
2007212N36294,2007,North Atlantic,CHANTAL,2007-08-01 15:00:00,47.3,-52.2,58.0,-4,POINT (-52.2 47.3),77,CHANTAL_2007_08
2020256N11329,2020,North Atlantic,TEDDY,2020-09-23 09:00:00,44.0,-62.8,58.0,-4,POINT (-62.8 44),95,TEDDY_2020_09
2006254N20306,2006,North Atlantic,GORDON,2006-09-21 21:00:00,53.6,-9.8,58.0,-4,POINT (-9.8 53.6),80,GORDON_2006_09
1991301N08173,1991,Western Pacific,SETH,1991-11-12 15:00:00,18.1,123.0,58.0,0,POINT (123 18.1),51,SETH_1991_11
2005338N09093,2005,North Indian,FANOOS,2005-12-09 21:00:00,10.5,80.8,58.0,0,POINT (80.8 10.5),44,FANOOS_2005_12
2017292N13151,2017,Western Pacific,SAOLA,2017-10-28 21:00:00,30.7,131.6,58.0,0,POINT (131.6 30.7),71,SAOLA_2017_10
1998217N10130,1998,Western Pacific,PENNY,1998-08-10 15:00:00,20.6,112.1,58.0,0,POINT (112.1 20.6),112,PENNY_1998_08
1981339N11089,1981,North Indian,UNNAMED,1981-12-10 03:00:00,19.6,86.8,58.0,0,POINT (86.8 19.6),112,UNNAMED_1981_12
1981321N13092,1981,North Indian,UNNAMED,1981-11-20 09:00:00,20.6,91.7,58.0,0,POINT (91.7 20.6),112,UNNAMED_1981_11
1982073N07153,1982,Western Pacific,MAMIE,1982-03-19 09:00:00,8.3,127.2,58.0,0,POINT (127.2 8.3),43,MAMIE_1982_03
2013210N13122,2013,Western Pacific,JEBI,2013-08-02 09:00:00,19.3,111.4,58.0,0,POINT (111.4 19.3),55,JEBI_2013_08
1993233N13260,1993,Eastern Pacific,IRWIN,1993-08-22 03:00:00,17.5,-103.4,58.0,0,POINT (-103.4 17.5),95,IRWIN_1993_08
2002195N11172,2002,Western Pacific,FENGSHEN,2002-07-25 11:00:00,30.4,131.1,56.0,0,POINT (131.1 30.4),71,FENGSHEN_2002_07
1984016S15073,1984,South Indian,DOMOINA,1984-01-27 18:00:00,-22.9,36.4,55.0,0,POINT (36.4 -22.9),112,DOMOINA_1984_01
1988319N08090,1988,North Indian,UNNAMED,1988-11-18 12:00:00,19.7,93.0,55.0,0,POINT (93 19.7),112,UNNAMED_1988_11
2002227N14115,2002,Western Pacific,VONGFONG,2002-08-19 06:00:00,19.9,111.1,55.0,0,POINT (111.1 19.9),55,VONGFONG_2002_08
2014184N08147,2014,Western Pacific,NEOGURI,2014-07-09 18:00:00,32.1,129.2,55.0,0,POINT (129.2 32.1),71,NEOGURI_2014_07
1987150N13095,1987,North Indian,UNNAMED,1987-06-04 06:00:00,21.1,90.5,55.0,0,POINT (90.5 21.1),112,UNNAMED_1987_06
1993229N13265,1993,Eastern Pacific,HILARY,1993-08-25 18:00:00,25.3,-112.3,55.0,0,POINT (-112.3 25.3),95,HILARY_1993_08
2022094S15163,2022,South Pacific,FILI,2022-04-06 18:00:00,-21.7,164.1,55.0,0,POINT (164.1 -21.7),14,FILI_2022_04
1992267N33285,1992,North Atlantic,DANIELLE,1992-09-25 12:00:00,35.9,-75.2,55.0,0,POINT (-75.2 35.9),95,DANIELLE_1992_09
1993246N16129,1993,Western Pacific,ZOLA,1993-09-08 18:00:00,32.8,134.3,55.0,0,POINT (134.3 32.8),66,ZOLA_1993_09
2017242N17253,2017,Eastern Pacific,LIDIA,2017-08-31 18:00:00,22.4,-110.0,55.0,0,POINT (-110 22.4),95,LIDIA_2017_08
2022110S12051,2022,South Indian,JASMINE,2022-04-26 06:00:00,-23.0,42.5,55.0,0,POINT (42.5 -23),20,JASMINE_2022_04
2021015S14147,2021,South Pacific,KIMI,2021-01-17 18:00:00,-16.3,146.6,55.0,0,POINT (146.6 -16.3),21,KIMI_2021_01
2002178N04155,2002,Western Pacific,CHATAAN,2002-07-10 12:00:00,34.2,138.8,55.0,0,POINT (138.8 34.2),71,CHATAAN_2002_07
2017252N14147,2017,Western Pacific,TALIM,2017-09-17 00:00:00,30.9,130.1,55.0,0,POINT (130.1 30.9),71,TALIM_2017_09
1987015S16125,1987,South Indian,CONNIE,1987-01-18 18:00:00,-19.1,119.0,55.0,0,POINT (119 -19.1),21,CONNIE_1987_01
2019216N16147,2019,Western Pacific,KROSA,2019-08-15 00:00:00,32.7,132.5,55.0,0,POINT (132.5 32.7),66,KROSA_2019_08
1997311N10151,1997,Western Pacific,MORT,1997-11-15 09:00:00,14.7,124.3,55.0,0,POINT (124.3 14.7),51,MORT_1997_11
2004206N20151,2004,Western Pacific,NAMTHEUN,2004-07-31 00:00:00,32.5,134.5,55.0,0,POINT (134.5 32.5),66,NAMTHEUN_2004_07
2024198N08130,2024,Western Pacific,PRAPIROON,2024-07-22 09:00:00,20.2,108.4,55.0,0,POINT (108.4 20.2),55,PRAPIROON_2024_07
2019210N16117,2019,Western Pacific,WIPHA,2019-08-02 12:00:00,21.5,108.4,55.0,0,POINT (108.4 21.5),112,WIPHA_2019_08
2022055S13129,2022,South Indian,ANIKA,2022-02-26 06:00:00,-13.3,127.4,55.0,0,POINT (127.4 -13.3),21,ANIKA_2022_02
1986346S12173,1987,South Pacific,PATSY,1986-12-15 18:00:00,-15.9,166.3,55.0,0,POINT (166.3 -15.9),18,PATSY_1986_12
1989143N17090,1989,North Indian,UNNAMED,1989-05-26 12:00:00,21.3,87.3,55.0,0,POINT (87.3 21.3),112,UNNAMED_1989_05
2008280N18268,2008,North Atlantic,MARCO,2008-10-07 09:00:00,19.9,-96.2,55.0,0,POINT (-96.2 19.9),95,MARCO_2008_10
1986287N09141,1986,Western Pacific,GEORGIA,1986-10-18 18:00:00,12.3,125.2,55.0,0,POINT (125.2 12.3),49,GEORGIA_1986_10
1982252N26269,1982,North Atlantic,CHRIS,1982-09-11 12:00:00,29.8,-93.8,55.0,0,POINT (-93.8 29.8),95,CHRIS_1982_09
2008272N15113,2008,Western Pacific,MEKKHALA,2008-09-29 18:00:00,17.4,108.1,55.0,0,POINT (108.1 17.4),112,MEKKHALA_2008_09
2010136N09057,2010,North Indian,BANDU,2010-05-21 12:00:00,12.7,51.7,55.0,0,POINT (51.7 12.7),112,BANDU_2010_05
2010137N10090,2010,North Indian,LAILA,2010-05-20 15:00:00,15.9,80.5,55.0,0,POINT (80.5 15.9),112,LAILA_2010_05
2011231N15278,2011,North Atlantic,HARVEY,2011-08-20 17:30:00,17.0,-88.3,55.0,0,POINT (-88.3 17),95,HARVEY_2011_08
1993316N11070,1993,North Indian,UNNAMED,1993-11-15 06:00:00,23.2,67.0,55.0,0,POINT (67 23.2),112,UNNAMED_1993_11
2016220N18258,2016,Eastern Pacific,JAVIER,2016-08-08 18:00:00,22.2,-109.3,55.0,0,POINT (-109.3 22.2),95,JAVIER_2016_08
1986190N11162,1986,Western Pacific,ROGER,1986-07-17 00:00:00,30.6,130.7,55.0,0,POINT (130.7 30.6),71,ROGER_1986_07
1992216N06182,1992,Western Pacific,KENT,1992-08-18 00:00:00,31.0,132.2,55.0,0,POINT (132.2 31),71,KENT_1992_08
1989190N13261,1989,Eastern Pacific,DALILIA,1989-07-20 06:00:00,18.4,-156.5,55.0,0,POINT (-156.5 18.4),56,DALILIA_1989_07
2002264N13114,2002,Western Pacific,MEKKHALA,2002-09-25 18:00:00,18.7,108.9,55.0,0,POINT (108.9 18.7),55,MEKKHALA_2002_09
1986111S08156,1986,South Pacific,MANU,1986-04-26 00:00:00,-15.3,146.0,55.0,0,POINT (146 -15.3),21,MANU_1986_04
1989199N05139,1989,Western Pacific,IRVING,1989-07-23 18:00:00,18.7,106.4,55.0,0,POINT (106.4 18.7),112,IRVING_1989_07
2004156N16117,2004,Western Pacific,CONSON,2004-06-11 00:00:00,31.1,132.2,55.0,0,POINT (132.2 31.1),71,CONSON_2004_06
1987303N06088,1987,North Indian,UNNAMED,1987-11-02 18:00:00,14.5,80.6,55.0,0,POINT (80.6 14.5),112,UNNAMED_1987_11
1993348S13120,1994,South Indian,NAOMI,1993-12-17 03:00:00,-18.9,121.5,55.0,0,POINT (121.5 -18.9),21,NAOMI_1993_12
1985317N12082,1985,North Indian,UNNAMED,1985-11-17 06:00:00,14.7,80.2,55.0,0,POINT (80.2 14.7),112,UNNAMED_1985_11
1988263N15126,1988,Western Pacific,KIT,1988-09-21 18:00:00,22.4,116.5,55.0,0,POINT (116.5 22.4),112,KIT_1988_09
2021227N36297,2021,North Atlantic,HENRI,2021-08-22 12:00:00,40.7,-71.3,55.0,0,POINT (-71.3 40.7),95,HENRI_2021_08
1998258N19126,1998,Western Pacific,TODD,1998-09-19 12:00:00,30.0,122.7,55.0,0,POINT (122.7 30),112,TODD_1998_09
1992194N07140,1992,Western Pacific,FAYE,1992-07-18 00:00:00,22.3,113.7,55.0,0,POINT (113.7 22.3),112,FAYE_1992_07
1989212N15318,1989,North Atlantic,DEAN,1989-08-08 12:00:00,46.5,-56.5,55.0,0,POINT (-56.5 46.5),77,DEAN_1989_08
2001106S08137,2001,South Indian,ALISTAIR,2001-04-18 12:00:00,-14.3,124.3,55.0,0,POINT (124.3 -14.3),21,ALISTAIR_2001_04
2001141N14068,2001,North Indian,UNNAMED,2001-05-29 12:00:00,23.4,68.8,55.0,0,POINT (68.8 23.4),112,UNNAMED_2001_05
2013276N21273,2013,North Atlantic,KAREN,2013-10-03 12:00:00,22.1,-87.4,55.0,0,POINT (-87.4 22.1),95,KAREN_2013_10
2006006S11129,2006,South Indian,CLARE,2006-01-10 03:00:00,-22.2,116.2,55.0,0,POINT (116.2 -22.2),21,CLARE_2006_01
1980140N16116,1980,Western Pacific,GEORGIA,1980-05-23 15:00:00,22.1,115.9,55.0,0,POINT (115.9 22.1),112,GEORGIA_1980_05
2021222N14301,2021,North Atlantic,FRED,2021-08-16 18:00:00,29.5,-85.4,55.0,0,POINT (-85.4 29.5),95,FRED_2021_08
1982150N13087,1982,North Indian,UNNAMED,1982-06-03 12:00:00,19.9,86.9,55.0,0,POINT (86.9 19.9),112,UNNAMED_1982_06
2020005S13121,2020,South Indian,BLAKE,2020-01-06 06:00:00,-17.1,122.3,55.0,0,POINT (122.3 -17.1),21,BLAKE_2020_01
2016095S13162,2016,South Pacific,ZENA,2016-04-05 12:00:00,-15.4,168.0,55.0,0,POINT (168 -15.4),18,ZENA_2016_04
1993169N13265,1993,Eastern Pacific,BEATRIZ,1993-06-19 18:00:00,15.9,-97.8,55.0,0,POINT (-97.8 15.9),95,BEATRIZ_1993_06
2011179N20267,2011,North Atlantic,ARLENE,2011-06-30 06:00:00,21.6,-97.0,55.0,0,POINT (-97 21.6),95,ARLENE_2011_06
1980137N04158,1980,Western Pacific,FORREST,1980-05-24 06:00:00,13.4,125.1,55.0,0,POINT (125.1 13.4),49,FORREST_1980_05
1992006S13134,1992,South Pacific,MARK,1992-01-09 18:00:00,-13.4,141.0,55.0,0,POINT (141 -13.4),21,MARK_1992_01
2014031S17149,2014,South Pacific,EDNA,2014-02-05 06:00:00,-22.0,164.4,55.0,0,POINT (164.4 -22),14,EDNA_2014_02
2008015S16162,2008,South Pacific,FUNA,2008-01-16 21:00:00,-14.9,167.8,55.0,0,POINT (167.8 -14.9),19,FUNA_2008_01
1983059S13127,1983,South Indian,KEN,1983-03-03 09:00:00,-17.4,125.7,55.0,0,POINT (125.7 -17.4),21,KEN_1983_03
2000332N08133,2000,Western Pacific,RUMBIA,2000-11-30 00:00:00,11.1,125.4,55.0,0,POINT (125.4 11.1),49,RUMBIA_2000_11
2023156N10067,2023,North Indian,BIPARJOY,2023-06-15 12:00:00,22.8,68.1,55.0,0,POINT (68.1 22.8),112,BIPARJOY_2023_06
2003021S11081,2003,South Indian,FARI,2003-01-28 21:00:00,-20.2,49.0,55.0,0,POINT (49 -20.2),20,FARI_2003_01
2006203N12257,2006,Eastern Pacific,EMILIA,2006-07-26 09:00:00,24.0,-112.6,55.0,0,POINT (-112.6 24),95,EMILIA_2006_07
2020234N14280,2020,North Atlantic,MARCO,2020-08-22 18:00:00,21.3,-85.5,55.0,0,POINT (-85.5 21.3),61,MARCO_2020_08
2006161N20275,2006,North Atlantic,ALBERTO,2006-06-16 00:00:00,44.0,-62.0,55.0,-4,POINT (-62 44),95,ALBERTO_2006_06
2006224N21141,2006,Western Pacific,WUKONG,2006-08-17 18:00:00,32.0,131.1,55.0,0,POINT (131.1 32),71,WUKONG_2006_08
1981048S12055,1981,South Indian,IADINE,1981-02-20 06:00:00,-16.5,43.7,55.0,0,POINT (43.7 -16.5),20,IADINE_1981_02
2002314N12083,2002,North Indian,UNNAMED,2002-11-12 06:00:00,20.9,87.5,55.0,0,POINT (87.5 20.9),112,UNNAMED_2002_11
2002364S16045,2003,South Indian,DELFINA,2002-12-31 18:00:00,-16.0,40.4,55.0,0,POINT (40.4 -16),112,DELFINA_2002_12
2003345N05092,2003,North Indian,UNNAMED,2003-12-15 12:00:00,15.6,81.1,55.0,0,POINT (81.1 15.6),112,UNNAMED_2003_12
2021197N17135,2021,Western Pacific,IN-FA,2021-07-25 00:00:00,29.7,123.0,55.0,0,POINT (123 29.7),112,IN-FA_2021_07
2006217N20134,2006,Western Pacific,BOPHA,2006-08-08 18:00:00,22.9,121.6,55.0,0,POINT (121.6 22.9),63,BOPHA_2006_08
2003339N13284,2003,North Atlantic,ODETTE,2003-12-06 15:00:00,16.9,-72.1,55.0,0,POINT (-72.1 16.9),54,ODETTE_2003_12
2021280N14137,2021,Western Pacific,KOMPASU,2021-10-11 06:00:00,18.7,123.0,55.0,0,POINT (123 18.7),51,KOMPASU_2021_10
1990170N13260,1990,Eastern Pacific,DOUGLAS,1990-06-22 00:00:00,18.8,-104.9,55.0,0,POINT (-104.9 18.8),95,DOUGLAS_1990_06
2024293N13141,2024,Western Pacific,TRAMI,2024-10-27 00:00:00,16.6,108.5,55.0,0,POINT (108.5 16.6),112,TRAMI_2024_10
1994153N19113,1994,Western Pacific,RUSS,1994-06-07 18:00:00,20.1,111.5,55.0,0,POINT (111.5 20.1),55,RUSS_1994_06
1990163N08133,1990,Western Pacific,NATHAN,1990-06-17 12:00:00,19.4,111.6,55.0,0,POINT (111.6 19.4),55,NATHAN_1990_06
2000240N22115,2000,Western Pacific,MARIA,2000-08-31 15:00:00,22.0,115.4,55.0,0,POINT (115.4 22),112,MARIA_2000_08
2006271N26307,2006,North Atlantic,ISAAC,2006-10-02 21:00:00,46.7,-52.3,55.0,0,POINT (-52.3 46.7),77,ISAAC_2006_10
1994181N22276,1994,North Atlantic,ALBERTO,1994-07-03 12:00:00,29.9,-86.7,55.0,0,POINT (-86.7 29.9),95,ALBERTO_1994_07
1991259N14258,1991,Eastern Pacific,IGNACIO,1991-09-17 12:00:00,17.5,-103.5,55.0,0,POINT (-103.5 17.5),95,IGNACIO_1991_09
1991244N19126,1991,Western Pacific,JOEL,1991-09-06 12:00:00,22.6,115.4,55.0,0,POINT (115.4 22.6),112,JOEL_1991_09
2014290N14261,2014,Eastern Pacific,TRUDY,2014-10-18 09:00:00,16.5,-98.8,55.0,0,POINT (-98.8 16.5),95,TRUDY_2014_10
1985065S09118,1985,South Indian,LINDSAY,1985-03-09 15:00:00,-17.7,121.6,55.0,0,POINT (121.6 -17.7),21,LINDSAY_1985_03
1997167N06162,1997,Western Pacific,PETER,1997-06-28 00:00:00,32.7,129.6,55.0,0,POINT (129.6 32.7),71,PETER_1997_06
2006300N07078,2006,North Indian,UNNAMED,2006-10-29 18:00:00,15.5,80.5,55.0,0,POINT (80.5 15.5),112,UNNAMED_2006_10
1990202N13130,1990,Western Pacific,TASHA,1990-07-30 18:00:00,22.3,115.7,55.0,0,POINT (115.7 22.3),112,TASHA_1990_07
2013241N19254,2013,Eastern Pacific,JULIETTE,2013-08-29 09:00:00,24.4,-111.7,55.0,0,POINT (-111.7 24.4),95,JULIETTE_2013_08
1994192N05139,1994,Western Pacific,WALT,1994-07-24 21:00:00,31.8,133.2,55.0,0,POINT (133.2 31.8),66,WALT_1994_07
2003144N16119,2003,Western Pacific,LINFA,2003-05-26 18:00:00,16.1,119.4,55.0,0,POINT (119.4 16.1),51,LINFA_2003_05
2003177N14263,2003,Eastern Pacific,CARLOS,2003-06-27 00:00:00,15.7,-97.6,55.0,0,POINT (-97.6 15.7),95,CARLOS_2003_06
2018166N15260,2018,Eastern Pacific,CARLOTTA,2018-06-17 00:00:00,16.4,-99.5,55.0,0,POINT (-99.5 16.4),95,CARLOTTA_2018_06
2018288N17257,2018,Eastern Pacific,TARA,2018-10-16 00:00:00,18.4,-104.3,55.0,0,POINT (-104.3 18.4),95,TARA_2018_10
2008217N28273,2008,North Atlantic,EDOUARD,2008-08-05 09:00:00,29.3,-93.6,55.0,0,POINT (-93.6 29.3),95,EDOUARD_2008_08
1983270N28287,1983,North Atlantic,DEAN,1983-09-30 06:00:00,37.0,-74.9,55.0,0,POINT (-74.9 37),95,DEAN_1983_09
1983271N18118,1983,Western Pacific,GEORGIA,1983-10-01 00:00:00,20.3,107.0,55.0,0,POINT (107 20.3),112,GEORGIA_1983_10
1984311N15291,1984,North Atlantic,KLAUS,1984-11-07 15:00:00,18.8,-65.0,55.0,0,POINT (-65 18.8),52,KLAUS_1984_11
2011140N08142,2011,Western Pacific,SONGDA,2011-05-29 00:00:00,30.7,131.6,55.0,0,POINT (131.6 30.7),71,SONGDA_2011_05
2013157N25273,2013,North Atlantic,ANDREA,2013-06-06 18:00:00,28.9,-83.9,55.0,0,POINT (-83.9 28.9),95,ANDREA_2013_06
2017060S09139,2017,South Indian,BLANCHE,2017-03-06 00:00:00,-14.0,128.2,55.0,0,POINT (128.2 -14),21,BLANCHE_2017_03
2003269N12322,2003,North Atlantic,KATE,2003-10-09 12:00:00,62.6,-19.0,55.0,-4,POINT (-19 62.6),89,KATE_2003_10
2024061S11062,2024,South Indian,FILIPO,2024-03-12 00:00:00,-21.0,35.6,55.0,0,POINT (35.6 -21),112,FILIPO_2024_03
1996332N09092,1996,North Indian,UNNAMED,1996-12-06 00:00:00,13.8,81.1,55.0,0,POINT (81.1 13.8),112,UNNAMED_1996_12
2024017S15151,2024,South Pacific,KIRRILY,2024-01-25 06:00:00,-18.7,147.8,55.0,0,POINT (147.8 -18.7),21,KIRRILY_2024_01
1999040S15147,1999,South Pacific,RONA,1999-02-11 12:00:00,-16.4,145.7,55.0,0,POINT (145.7 -16.4),21,RONA_1999_02
1990270N13261,1990,Eastern Pacific,RACHEL,1990-10-02 12:00:00,23.1,-110.1,55.0,0,POINT (-110.1 23.1),95,RACHEL_1990_10
1984258N20264,1984,North Atlantic,EDOUARD,1984-09-15 00:00:00,20.3,-95.8,55.0,0,POINT (-95.8 20.3),95,EDOUARD_1984_09
1996357S10136,1997,South Pacific,PHIL,1996-12-25 21:00:00,-13.5,137.3,55.0,0,POINT (137.3 -13.5),21,PHIL_1996_12
2003155S10172,2003,South Pacific,GINA,2003-06-06 03:00:00,-13.9,166.7,55.0,0,POINT (166.7 -13.9),19,GINA_2003_06
2018199N18128,2018,Western Pacific,AMPIL,2018-07-22 03:00:00,31.2,122.4,55.0,0,POINT (122.4 31.2),112,AMPIL_2018_07
1999343S09095,2000,South Indian,ILSA,1999-12-17 00:00:00,-19.1,120.0,55.0,0,POINT (120 -19.1),21,ILSA_1999_12
1990283N23281,1990,North Atlantic,MARCO,1990-10-11 06:00:00,26.7,-82.6,55.0,0,POINT (-82.6 26.7),95,MARCO_1990_10
1984238N18137,1984,Western Pacific,JUNE,1984-08-28 12:00:00,18.0,123.3,55.0,0,POINT (123.3 18),51,JUNE_1984_08
1984184N06139,1984,Western Pacific,BETTY,1984-07-08 21:00:00,21.0,112.6,55.0,0,POINT (112.6 21),112,BETTY_1984_07
1984214N12143,1984,Western Pacific,FREDA,1984-08-07 12:00:00,25.8,120.6,55.0,0,POINT (120.6 25.8),63,FREDA_1984_08
2008150N10274,2008,Eastern Pacific,ALMA,2008-05-29 18:00:00,12.0,-86.9,55.0,0,POINT (-86.9 12),95,ALMA_2008_05
2011022S16146,2011,South Pacific,ANTHONY,2011-01-30 12:00:00,-20.0,148.2,55.0,0,POINT (148.2 -20),21,ANTHONY_2011_01
1983309N10091,1983,North Indian,UNNAMED,1983-11-09 09:00:00,21.2,91.4,55.0,0,POINT (91.4 21.2),112,UNNAMED_1983_11
2018227N11145,2018,Western Pacific,SOULIK,2018-08-23 09:00:00,34.1,125.9,55.0,0,POINT (125.9 34.1),112,SOULIK_2018_08
1995229N12144,1995,Western Pacific,JANIS,1995-08-24 15:00:00,27.7,122.1,55.0,0,POINT (122.1 27.7),112,JANIS_1995_08
1994313N12278,1994,North Atlantic,GORDON,1994-11-17 00:00:00,28.0,-80.0,55.0,0,POINT (-80 28),95,GORDON_1994_11
2011302N13062,2011,North Indian,KEILA,2011-11-03 06:00:00,17.1,54.6,55.0,0,POINT (54.6 17.1),112,KEILA_2011_11
1997062S16158,1997,South Pacific,JUSTIN,1997-03-22 00:00:00,-16.8,146.0,55.0,0,POINT (146 -16.8),21,JUSTIN_1997_03
2022299N11134,2022,Western Pacific,NALGAE,2022-10-29 06:00:00,13.9,121.8,55.0,0,POINT (121.8 13.9),50,NALGAE_2022_10
1981178N05160,1981,Western Pacific,LYNN,1981-07-06 18:00:00,21.3,113.1,55.0,0,POINT (113.1 21.3),112,LYNN_1981_07
1991046S18150,1991,South Indian,DAPHNE,1991-02-23 06:00:00,-20.1,116.0,55.0,0,POINT (116 -20.1),21,DAPHNE_1991_02
1995063S13141,1995,South Pacific,WARREN,1995-03-05 18:00:00,-16.9,138.7,55.0,0,POINT (138.7 -16.9),21,WARREN_1995_03
2026023S13120,2026,South Indian,LUANA,2026-01-24 03:00:00,-16.7,122.4,54.0,0,POINT (122.4 -16.7),21,LUANA_2026_01
2005160N17276,2005,North Atlantic,ARLENE,2005-06-11 15:00:00,29.5,-87.4,53.0,0,POINT (-87.4 29.5),95,ARLENE_2005_06
2019266N11341,2019,North Atlantic,LORENZO,2019-10-04 03:00:00,55.0,-9.3,53.0,-4,POINT (-9.3 55),80,LORENZO_2019_10
2014329N08131,2014,Western Pacific,SINLAKU,2014-11-29 09:00:00,13.2,110.3,53.0,0,POINT (110.3 13.2),112,SINLAKU_2014_11
2014275N06166,2014,Western Pacific,VONGFONG,2014-10-12 21:00:00,30.9,129.4,53.0,0,POINT (129.4 30.9),71,VONGFONG_2014_10
1983092S10125,1983,South Indian,LENA,1983-04-07 21:00:00,-19.9,117.6,53.0,0,POINT (117.6 -19.9),21,LENA_1983_04
1996043S07053,1996,South Indian,DOLORESSE,1996-02-18 21:00:00,-15.5,44.7,53.0,0,POINT (44.7 -15.5),20,DOLORESSE_1996_02
2014236N22288,2014,North Atlantic,CRISTOBAL,2014-08-31 21:00:00,63.5,-23.3,53.0,-4,POINT (-23.3 63.5),89,CRISTOBAL_2014_08
1994081S11154,1994,South Pacific,USHA,1994-03-26 09:00:00,-16.7,168.6,53.0,0,POINT (168.6 -16.7),18,USHA_1994_03
2006216N21152,2006,Western Pacific,MARIA,2006-08-08 03:00:00,32.9,136.5,53.0,0,POINT (136.5 32.9),71,MARIA_2006_08
1985197N29296,1985,North Atlantic,ANA,1985-07-19 09:00:00,47.0,-56.1,53.0,-4,POINT (-56.1 47),77,ANA_1985_07
2025270N21285,2025,North Atlantic,IMELDA,2025-09-29 21:00:00,27.7,-77.3,53.0,0,POINT (-77.3 27.7),65,IMELDA_2025_09
2010239N15118,2010,Western Pacific,LIONROCK,2010-09-01 03:00:00,22.6,119.4,53.0,0,POINT (119.4 22.6),63,LIONROCK_2010_09
1991226N18159,1991,Western Pacific,GLADYS,1991-08-22 03:00:00,30.9,129.4,53.0,0,POINT (129.4 30.9),71,GLADYS_1991_08
2010293N16147,2010,Western Pacific,CHABA,2010-10-30 09:00:00,34.2,140.4,53.0,-4,POINT (140.4 34.2),71,CHABA_2010_10
2017333N06082,2017,North Indian,OCKHI,2017-11-30 09:00:00,7.9,76.3,53.0,0,POINT (76.3 7.9),112,OCKHI_2017_11
2015313N22289,2015,North Atlantic,KATE,2015-11-10 03:00:00,27.2,-76.3,53.0,0,POINT (-76.3 27.2),65,KATE_2015_11
2011010S17169,2011,South Pacific,VANIA,2011-01-13 21:00:00,-21.3,167.4,53.0,0,POINT (167.4 -21.3),14,VANIA_2011_01
2011197N31280,2011,North Atlantic,BRET,2011-07-18 15:00:00,27.6,-77.3,53.0,0,POINT (-77.3 27.6),64,BRET_2011_07
2021025S14138,2021,South Pacific,LUCAS,2021-02-02 21:00:00,-21.3,167.5,53.0,0,POINT (167.5 -21.3),14,LUCAS_2021_02
2026015N10130,2026,Western Pacific,NOKAEN,2026-01-17 06:00:00,14.1,124.4,51.0,0,POINT (124.4 14.1),51,NOKAEN_2026_01
2025329N10124,2025,Western Pacific,KOTO,2025-11-25 18:00:00,12.1,119.3,51.0,0,POINT (119.3 12.1),47,KOTO_2025_11
2024364S17177,2025,South Pacific,UNNAMED,2024-12-29 06:00:00,-17.3,176.9,51.0,0,POINT (176.9 -17.3),15,UNNAMED_2024_12
2017182N15132,2017,Western Pacific,NANMADOL,2017-07-03 23:00:00,32.6,129.9,51.0,0,POINT (129.9 32.6),71,NANMADOL_2017_07
2011126N11129,2011,Western Pacific,AERE,2011-05-08 00:00:00,14.0,124.2,50.0,0,POINT (124.2 14),51,AERE_2011_05
2015171N15112,2015,Western Pacific,KUJIRA,2015-06-22 06:00:00,18.5,110.9,50.0,0,POINT (110.9 18.5),55,KUJIRA_2015_06
2001028S15128,2001,South Indian,TERRI,2001-01-31 00:00:00,-19.7,119.4,50.0,0,POINT (119.4 -19.7),21,TERRI_2001_01
2015167N27266,2015,North Atlantic,BILL,2015-06-16 15:00:00,28.2,-96.5,50.0,0,POINT (-96.5 28.2),95,BILL_2015_06
2011103S12126,2011,South Indian,ERROL,2011-04-16 18:00:00,-11.0,124.8,50.0,0,POINT (124.8 -11),26,ERROL_2011_04
1993217N10320,1993,North Atlantic,BRET,1993-08-07 06:00:00,10.7,-60.5,50.0,0,POINT (-60.5 10.7),45,BRET_1993_08
1998315N09116,1998,Western Pacific,CHIP,1998-11-14 00:00:00,11.1,108.9,50.0,0,POINT (108.9 11.1),112,CHIP_1998_11
2018007S13130,2018,South Indian,JOYCE,2018-01-11 18:00:00,-18.6,121.6,50.0,0,POINT (121.6 -18.6),21,JOYCE_2018_01
2011021S16129,2011,South Indian,BIANCA,2011-01-26 03:00:00,-19.1,118.9,50.0,0,POINT (118.9 -19.1),21,BIANCA_2011_01
2007172N15088,2007,North Indian,UNNAMED,2007-06-26 00:00:00,24.8,65.3,50.0,0,POINT (65.3 24.8),112,UNNAMED_2007_06
1994227N29273,1994,North Atlantic,BERYL,1994-08-16 00:00:00,30.0,-85.6,50.0,0,POINT (-85.6 30),95,BERYL_1994_08
2020303N05149,2020,Western Pacific,ATSANI,2020-11-06 15:00:00,22.0,120.0,50.0,0,POINT (120 22),63,ATSANI_2020_11
2017360S15124,2018,South Indian,HILDA,2017-12-27 18:00:00,-18.8,121.8,50.0,0,POINT (121.8 -18.8),21,HILDA_2017_12
2001157N28265,2001,North Atlantic,ALLISON,2001-06-05 18:00:00,28.5,-95.3,50.0,0,POINT (-95.3 28.5),95,ALLISON_2001_06
1985237N21130,1985,Western Pacific,RUBY,1985-08-30 12:00:00,34.7,139.7,50.0,0,POINT (139.7 34.7),71,RUBY_1985_08
1985220N18128,1985,Western Pacific,LEE,1985-08-14 03:00:00,37.8,124.9,50.0,0,POINT (124.9 37.8),112,LEE_1985_08
1980313N14277,1980,North Atlantic,JEANNE,1980-11-10 12:00:00,22.5,-85.5,50.0,0,POINT (-85.5 22.5),61,JEANNE_1980_11
2025282N16261,2025,Eastern Pacific,RAYMOND,2025-10-10 09:00:00,17.4,-103.6,50.0,0,POINT (-103.6 17.4),95,RAYMOND_2025_10
2010267N14285,2010,North Atlantic,MATTHEW,2010-09-24 18:00:00,14.6,-83.0,50.0,0,POINT (-83 14.6),95,MATTHEW_2010_09
1989235N26122,1989,Western Pacific,ROGER,1989-08-27 00:00:00,33.3,134.1,50.0,0,POINT (134.1 33.3),66,ROGER_1989_08
1984270N23287,1984,North Atlantic,ISIDORE,1984-09-27 06:00:00,25.8,-79.1,50.0,0,POINT (-79.1 25.8),64,ISIDORE_1984_09
1991220N20160,1991,Western Pacific,ELLIE,1991-08-17 18:00:00,25.2,121.9,50.0,0,POINT (121.9 25.2),63,ELLIE_1991_08
1991302N44301,1991,North Atlantic,UNNAMED,1991-11-02 12:00:00,44.0,-63.6,50.0,0,POINT (-63.6 44),95,UNNAMED_1991_11
2013238N19266,2013,North Atlantic,FERNAND,2013-08-26 00:00:00,19.2,-95.9,50.0,0,POINT (-95.9 19.2),95,FERNAND_2013_08
2001235N18296,2001,North Atlantic,DEAN,2001-08-22 18:00:00,19.1,-65.9,50.0,0,POINT (-65.9 19.1),52,DEAN_2001_08
2020285N17120,2020,Western Pacific,NANGKA,2020-10-13 12:00:00,19.1,110.5,50.0,0,POINT (110.5 19.1),55,NANGKA_2020_10
1989211N24153,1989,Western Pacific,MAC,1989-08-06 06:00:00,35.8,140.9,50.0,0,POINT (140.9 35.8),71,MAC_1989_08
2006093S15115,2006,South Indian,HUBERT,2006-04-07 06:00:00,-20.7,115.1,50.0,0,POINT (115.1 -20.7),21,HUBERT_2006_04
1985260N13115,1985,Western Pacific,WINONA,1985-09-21 06:00:00,20.0,111.4,50.0,0,POINT (111.4 20),55,WINONA_1985_09
2023234N25271,2023,North Atlantic,HAROLD,2023-08-22 12:00:00,26.8,-96.4,50.0,0,POINT (-96.4 26.8),95,HAROLD_2023_08
1989194N13149,1989,Western Pacific,HOPE,1989-07-20 03:00:00,28.7,122.7,50.0,0,POINT (122.7 28.7),112,HOPE_1989_07
1981250N15306,1981,North Atlantic,GERT,1981-09-08 18:00:00,17.8,-65.4,50.0,0,POINT (-65.4 17.8),52,GERT_1981_09
2011245N27269,2011,North Atlantic,LEE,2011-09-03 12:00:00,29.0,-92.0,50.0,-2,POINT (-92 29),95,LEE_2011_09
2019323N19302,2019,North Atlantic,SEBASTIEN,2019-11-26 06:00:00,51.3,-9.3,50.0,-4,POINT (-9.3 51.3),80,SEBASTIEN_2019_11
2019308N13114,2019,Western Pacific,NAKRI,2019-11-10 12:00:00,12.7,109.9,50.0,0,POINT (109.9 12.7),112,NAKRI_2019_11
2018365N08115,2018,Western Pacific,PABUK,2019-01-04 03:00:00,8.1,101.1,50.0,0,POINT (101.1 8.1),112,PABUK_2019_01
2010218N20127,2010,Western Pacific,DIANMU,2010-08-10 15:00:00,33.6,126.2,50.0,0,POINT (126.2 33.6),112,DIANMU_2010_08
2001364S19036,2002,South Indian,CYPRIEN,2002-01-02 00:00:00,-21.5,42.9,50.0,0,POINT (42.9 -21.5),20,CYPRIEN_2002_01
2020052S13140,2020,South Pacific,ESTHER,2020-02-24 06:00:00,-16.7,137.7,50.0,0,POINT (137.7 -16.7),21,ESTHER_2020_02
1985256N13146,1985,Western Pacific,VAL,1985-09-16 18:00:00,21.3,121.1,50.0,0,POINT (121.1 21.3),63,VAL_1985_09
1992118S11179,1992,South Pacific,INNIS,1992-04-30 18:00:00,-16.2,168.8,50.0,0,POINT (168.8 -16.2),18,INNIS_1992_04
2000266N12337,2000,North Atlantic,ISAAC,2000-10-03 15:00:00,53.4,-10.4,50.0,-4,POINT (-10.4 53.4),80,ISAAC_2000_10
2002214N19120,2002,Western Pacific,KAMMURI,2002-08-04 21:00:00,22.5,115.6,50.0,0,POINT (115.6 22.5),112,KAMMURI_2002_08
1998252N26266,1998,North Atlantic,FRANCES,1998-09-11 03:00:00,27.7,-96.4,50.0,0,POINT (-96.4 27.7),95,FRANCES_1998_09
2010032S20042,2010,South Indian,FAMI,2010-02-02 06:00:00,-20.8,43.6,50.0,0,POINT (43.6 -20.8),20,FAMI_2010_02
2010066S19050,2010,South Indian,HUBERT,2010-03-10 18:00:00,-21.0,48.6,50.0,0,POINT (48.6 -21),20,HUBERT_2010_03
2018146N19273,2018,North Atlantic,ALBERTO,2018-05-28 12:00:00,29.1,-85.9,50.0,0,POINT (-85.9 29.1),95,ALBERTO_2018_05
2000260N15308,2000,North Atlantic,HELENE,2000-09-22 06:00:00,29.5,-87.2,50.0,0,POINT (-87.2 29.5),95,HELENE_2000_09
2002255N26273,2002,North Atlantic,HANNA,2002-09-14 03:00:00,28.3,-89.1,50.0,0,POINT (-89.1 28.3),95,HANNA_2002_09
2002249N28266,2002,North Atlantic,FAY,2002-09-07 03:00:00,27.9,-95.2,50.0,0,POINT (-95.2 27.9),95,FAY_2002_09
2009313N11072,2009,North Indian,PHYAN,2009-11-11 00:00:00,17.0,72.6,50.0,0,POINT (72.6 17),112,PHYAN_2009_11
2018273N12259,2018,Eastern Pacific,SERGIO,2018-10-12 09:00:00,25.9,-113.9,50.0,0,POINT (-113.9 25.9),95,SERGIO_2018_10
1988307N09131,1988,Western Pacific,TESS,1988-11-06 09:00:00,11.2,109.6,50.0,0,POINT (109.6 11.2),112,TESS_1988_11
2009288N07267,2009,Eastern Pacific,RICK,2009-10-21 12:00:00,22.8,-107.1,50.0,0,POINT (-107.1 22.8),95,RICK_2009_10
2011346N03156,2011,Western Pacific,WASHI,2011-12-17 00:00:00,8.9,122.5,50.0,0,POINT (122.5 8.9),43,WASHI_2011_12
2022179N08310,2022,North Atlantic,BONNIE,2022-07-02 00:00:00,10.9,-83.1,50.0,0,POINT (-83.1 10.9),95,BONNIE_2022_07
2007227N24269,2007,North Atlantic,ERIN,2007-08-19 06:00:00,35.6,-98.8,50.0,-3,POINT (-98.8 35.6),95,ERIN_2007_08
2014015S16043,2014,South Indian,DELIWE,2014-01-17 00:00:00,-22.3,42.8,50.0,0,POINT (42.8 -22.3),20,DELIWE_2014_01
1995186N32288,1995,North Atlantic,BARRY,1995-07-09 18:00:00,44.3,-61.7,50.0,0,POINT (-61.7 44.3),95,BARRY_1995_07
2000091S14156,2000,South Pacific,TESSI,2000-04-02 12:00:00,-18.8,147.6,50.0,0,POINT (147.6 -18.8),21,TESSI_2000_04
1991150N14091,1991,North Indian,UNNAMED,1991-06-02 00:00:00,22.3,91.0,50.0,0,POINT (91 22.3),112,UNNAMED_1991_06
2009228N27277,2009,North Atlantic,CLAUDETTE,2009-08-16 18:00:00,29.1,-85.1,50.0,0,POINT (-85.1 29.1),95,CLAUDETTE_2009_08
2025219N13264,2025,Eastern Pacific,IVO,2025-08-07 18:00:00,18.3,-105.0,50.0,0,POINT (-105 18.3),95,IVO_2025_08
1998188N18117,1998,Western Pacific,NICHOLE,1998-07-09 12:00:00,23.1,120.0,50.0,0,POINT (120 23.1),63,NICHOLE_1998_07
1985287N13093,1985,North Indian,UNNAMED,1985-10-16 00:00:00,20.9,86.9,50.0,0,POINT (86.9 20.9),112,UNNAMED_1985_10
2017212N28275,2017,North Atlantic,EMILY,2017-07-31 14:45:00,27.5,-82.7,50.0,0,POINT (-82.7 27.5),95,EMILY_2017_07
1991099S10132,1991,South Indian,MARIAN,1991-04-11 15:00:00,-11.3,123.9,50.0,0,POINT (123.9 -11.3),26,MARIAN_1991_04
2018265N35315,2018,North Atlantic,LESLIE,2018-10-13 21:00:00,40.2,-9.0,50.0,-4,POINT (-9 40.2),112,LESLIE_2018_10
2024274N14328,2024,North Atlantic,KIRK,2024-10-09 06:00:00,43.5,-9.5,50.0,-4,POINT (-9.5 43.5),112,KIRK_2024_10
1995148N07150,1995,Western Pacific,DEANNA,1995-06-03 06:00:00,14.2,119.5,50.0,0,POINT (119.5 14.2),51,DEANNA_1995_06
1985282N12090,1985,North Indian,UNNAMED,1985-10-10 21:00:00,17.3,83.8,50.0,0,POINT (83.8 17.3),112,UNNAMED_1985_10
1982190N09148,1982,Western Pacific,WINONA,1982-07-14 18:00:00,15.1,123.4,50.0,0,POINT (123.4 15.1),51,WINONA_1982_07
2009104N13088,2009,North Indian,BIJLI,2009-04-17 06:00:00,20.9,89.2,50.0,0,POINT (89.2 20.9),112,BIJLI_2009_04
2017195N16114,2017,Western Pacific,TALAS,2017-07-16 06:00:00,18.1,108.4,50.0,0,POINT (108.4 18.1),55,TALAS_2017_07
2007251N30288,2007,North Atlantic,GABRIELLE,2007-09-09 12:00:00,34.3,-76.4,50.0,0,POINT (-76.4 34.3),95,GABRIELLE_2007_09
1997032S17055,1997,South Indian,JOSIE,1997-02-09 06:00:00,-13.3,49.5,50.0,0,POINT (49.5 -13.3),20,JOSIE_1997_02
2003179N20271,2003,North Atlantic,BILL,2003-06-30 18:00:00,29.1,-91.0,50.0,0,POINT (-91 29.1),95,BILL_2003_06
1980249N28269,1980,North Atlantic,DANIELLE,1980-09-05 18:00:00,29.4,-93.4,50.0,0,POINT (-93.4 29.4),95,DANIELLE_1980_09
1999116N14114,1999,Western Pacific,LEO,1999-05-02 03:00:00,21.6,114.7,50.0,0,POINT (114.7 21.6),112,LEO_1999_05
2012301N11087,2012,North Indian,NILAM,2012-10-31 09:00:00,12.3,80.5,50.0,0,POINT (80.5 12.3),112,NILAM_2012_10
1985294N10122,1985,Western Pacific,FAYE,1985-10-27 06:00:00,19.4,122.5,50.0,0,POINT (122.5 19.4),51,FAYE_1985_10
2021252N28273,2021,North Atlantic,MINDY,2021-09-09 01:15:00,29.7,-85.1,50.0,0,POINT (-85.1 29.7),95,MINDY_2021_09
1996026S14143,1996,South Pacific,JACOB,1996-01-28 12:00:00,-15.8,136.5,50.0,0,POINT (136.5 -15.8),21,JACOB_1996_01
2014164N19116,2014,Western Pacific,HAGIBIS,2014-06-15 03:00:00,22.5,116.7,50.0,0,POINT (116.7 22.5),112,HAGIBIS_2014_06
2009024S17123,2009,South Indian,DOMINIC,2009-01-26 12:00:00,-20.8,115.3,50.0,0,POINT (115.3 -20.8),21,DOMINIC_2009_01
2008329N09082,2008,North Indian,NISHA,2008-11-26 12:00:00,10.9,80.3,50.0,0,POINT (80.3 10.9),112,NISHA_2008_11
2023337S08165,2024,South Pacific,JASPER,2023-12-13 06:00:00,-15.8,145.8,50.0,0,POINT (145.8 -15.8),21,JASPER_2023_12
2003271N18275,2003,North Atlantic,LARRY,2003-10-05 09:00:00,18.4,-93.5,50.0,0,POINT (-93.5 18.4),95,LARRY_2003_10
2008283N12271,2008,Eastern Pacific,ODILE,2008-10-11 06:00:00,16.3,-100.1,50.0,0,POINT (-100.1 16.3),95,ODILE_2008_10
2003276N12262,2003,Eastern Pacific,OLAF,2003-10-07 06:00:00,19.0,-104.6,50.0,0,POINT (-104.6 19),95,OLAF_2003_10
1998022S15143,1998,South Pacific,LES,1998-01-25 00:00:00,-14.3,135.7,50.0,0,POINT (135.7 -14.3),21,LES_1998_01
2017046S17137,2017,South Pacific,ALFRED,2017-02-20 00:00:00,-15.3,137.1,50.0,0,POINT (137.1 -15.3),21,ALFRED_2017_02
1982287N13091,1982,North Indian,UNNAMED,1982-10-16 03:00:00,16.3,82.8,50.0,0,POINT (82.8 16.3),112,UNNAMED_1982_10
1980187N09146,1980,Western Pacific,IDA,1980-07-10 00:00:00,21.0,120.6,50.0,0,POINT (120.6 21),63,IDA_1980_07
1988021S12080,1988,South Indian,DOAZA,1988-01-25 15:00:00,-14.9,51.0,50.0,0,POINT (51 -14.9),20,DOAZA_1988_01
1999262N25272,1999,North Atlantic,HARVEY,1999-09-21 18:00:00,25.9,-81.5,50.0,0,POINT (-81.5 25.9),95,HARVEY_1999_09
1988003S12171,1988,South Pacific,AGI,1988-01-14 06:00:00,-19.8,163.1,50.0,0,POINT (163.1 -19.8),14,AGI_1988_01
2007032S11137,2007,South Pacific,NELSON,2007-02-06 18:00:00,-16.3,141.3,50.0,0,POINT (141.3 -16.3),21,NELSON_2007_02
2024121S07047,2024,South Indian,HIDAYA,2024-05-04 06:00:00,-7.8,39.9,50.0,0,POINT (39.9 -7.8),112,HIDAYA_2024_05
2025185N30280,2025,North Atlantic,CHANTAL,2025-07-06 06:00:00,33.3,-78.9,50.0,0,POINT (-78.9 33.3),95,CHANTAL_2025_07
1996225N23108,1996,Western Pacific,MARTY,1996-08-13 21:00:00,20.5,106.7,50.0,0,POINT (106.7 20.5),112,MARTY_1996_08
1991047S16041,1991,South Indian,CYNTHIA,1991-02-17 12:00:00,-20.0,44.3,50.0,0,POINT (44.3 -20),20,CYNTHIA_1991_02
2018186N31292,2018,North Atlantic,CHRIS,2018-07-12 21:00:00,46.9,-54.9,50.0,-4,POINT (-54.9 46.9),77,CHRIS_2018_07
2000058S14063,2000,South Indian,GLORIA,2000-03-01 12:00:00,-13.4,50.7,50.0,0,POINT (50.7 -13.4),20,GLORIA_2000_03
2005257N15120,2005,Western Pacific,VICENTE,2005-09-18 06:00:00,17.6,106.9,50.0,0,POINT (106.9 17.6),112,VICENTE_2005_09
2014260N13135,2014,Western Pacific,FUNG-WONG,2014-09-21 00:00:00,21.8,120.3,50.0,0,POINT (120.3 21.8),63,FUNG-WONG_2014_09
1987312N09095,1987,North Indian,UNNAMED,1987-11-12 18:00:00,15.4,81.3,50.0,0,POINT (81.3 15.4),112,UNNAMED_1987_11
2020188N28271,2020,North Atlantic,FAY,2020-07-10 12:00:00,37.7,-74.7,50.0,0,POINT (-74.7 37.7),95,FAY_2020_07
2012196N19144,2012,Western Pacific,KHANUN,2012-07-18 12:00:00,33.8,126.3,50.0,0,POINT (126.3 33.8),112,KHANUN_2012_07
2005245N19315,2005,North Atlantic,MARIA,2005-09-13 06:00:00,62.9,-19.0,50.0,-4,POINT (-19 62.9),89,MARIA_2005_09
1987196N09146,1987,Western Pacific,VERNON,1987-07-21 00:00:00,23.1,122.2,50.0,0,POINT (122.2 23.1),63,VERNON_1987_07
1996303N07155,1996,Western Pacific,ERNIE,1996-11-07 12:00:00,12.0,119.7,50.0,0,POINT (119.7 12),47,ERNIE_1996_11
2024293N17275,2024,North Atlantic,NADINE,2024-10-19 16:00:00,17.5,-88.2,50.0,0,POINT (-88.2 17.5),95,NADINE_2024_10
2022020S13060,2022,South Indian,ANA,2022-01-24 06:00:00,-16.3,40.4,50.0,0,POINT (40.4 -16.3),112,ANA_2022_01
2005235N19266,2005,North Atlantic,JOSE,2005-08-23 03:30:00,19.7,-96.4,50.0,0,POINT (-96.4 19.7),95,JOSE_2005_08
2007345N18298,2007,North Atlantic,OLGA,2007-12-11 18:00:00,18.5,-68.4,50.0,0,POINT (-68.4 18.5),54,OLGA_2007_12
2018195N19138,2018,Western Pacific,SON-TINH,2018-07-18 12:00:00,18.7,106.8,50.0,0,POINT (106.8 18.7),112,SON-TINH_2018_07
1991053S21040,1991,South Indian,DEBRA,1991-02-24 15:00:00,-25.3,35.5,50.0,0,POINT (35.5 -25.3),112,DEBRA_1991_02
2020154N19269,2020,North Atlantic,CRISTOBAL,2020-06-06 00:00:00,22.0,-90.0,50.0,0,POINT (-90 22),95,CRISTOBAL_2020_06
2005035S14136,2005,South Pacific,HARVEY,2005-02-07 09:00:00,-16.4,137.4,50.0,0,POINT (137.4 -16.4),21,HARVEY_2005_02
2004365S13120,2005,South Indian,RAYMOND,2005-01-02 09:00:00,-14.4,124.2,50.0,0,POINT (124.2 -14.4),21,RAYMOND_2005_01
1986048S16116,1986,South Indian,RHONDA,1986-02-19 18:00:00,-21.7,113.2,50.0,0,POINT (113.2 -21.7),21,RHONDA_1986_02
1983274N18089,1983,North Indian,UNNAMED,1983-10-03 18:00:00,18.1,83.4,50.0,0,POINT (83.4 18.1),112,UNNAMED_1983_10
1983276N06130,1983,Western Pacific,HERBERT,1983-10-08 09:00:00,12.5,110.1,50.0,0,POINT (110.1 12.5),112,HERBERT_1983_10
2008217N19120,2008,Western Pacific,KAMMURI,2008-08-06 06:00:00,21.5,112.9,50.0,0,POINT (112.9 21.5),112,KAMMURI_2008_08
1986353N03178,1986,Western Pacific,NORRIS,1986-12-31 06:00:00,10.1,126.5,50.0,0,POINT (126.5 10.1),43,NORRIS_1986_12
2012232N13141,2012,Western Pacific,BOLAVEN,2012-08-28 09:00:00,37.7,124.5,50.0,0,POINT (124.5 37.7),112,BOLAVEN_2012_08
1986308N11090,1986,North Indian,UNNAMED,1986-11-09 00:00:00,21.4,88.8,50.0,0,POINT (88.8 21.4),112,UNNAMED_1986_11
2019256N23286,2019,North Atlantic,HUMBERTO,2019-09-15 03:00:00,27.7,-77.5,50.0,0,POINT (-77.5 27.7),64,HUMBERTO_2019_09
1986276N07177,1986,Western Pacific,ELLEN,1986-10-18 00:00:00,21.1,113.5,50.0,0,POINT (113.5 21.1),112,ELLEN_1986_10
1980092S15183,1980,South Pacific,WALLY,1980-04-04 18:00:00,-16.5,177.8,50.0,0,POINT (177.8 -16.5),15,WALLY_1980_04
2007365S15134,2008,South Indian,HELEN,2008-01-04 12:00:00,-13.2,129.9,50.0,0,POINT (129.9 -13.2),21,HELEN_2008_01
2018217N12266,2018,Eastern Pacific,ILEANA,2018-08-07 00:00:00,17.7,-104.2,50.0,0,POINT (-104.2 17.7),95,ILEANA_2018_08
2018226N23128,2018,Western Pacific,RUMBIA,2018-08-16 18:00:00,30.5,121.9,50.0,0,POINT (121.9 30.5),112,RUMBIA_2018_08
1992354N03075,1992,North Indian,UNNAMED,1992-12-24 00:00:00,8.2,51.2,50.0,0,POINT (51.2 8.2),112,UNNAMED_1992_12
2008058S15131,2008,South Indian,OPHELIA,2008-03-01 18:00:00,-16.1,122.2,50.0,0,POINT (122.2 -16.1),21,OPHELIA_2008_03
2015013S18038,2015,South Indian,CHEDZA,2015-01-16 12:00:00,-19.9,44.1,50.0,0,POINT (44.1 -19.9),20,CHEDZA_2015_01
1989268N14261,1989,Eastern Pacific,RAYMOND,1989-10-04 21:00:00,26.0,-114.0,49.0,0,POINT (-114 26),95,RAYMOND_1989_10
1985026S16126,1985,South Indian,GERTIE,1985-01-30 21:00:00,-19.9,117.1,48.0,0,POINT (117.1 -19.9),21,GERTIE_1985_01
2015249N18142,2015,Western Pacific,ETAU,2015-09-08 21:00:00,33.8,137.5,48.0,0,POINT (137.5 33.8),71,ETAU_2015_09
2008201N32280,2008,North Atlantic,CRISTOBAL,2008-07-21 03:00:00,35.2,-74.9,48.0,0,POINT (-74.9 35.2),95,CRISTOBAL_2008_07
2024218N23143,2024,Western Pacific,MARIA,2024-08-11 21:00:00,38.7,142.2,48.0,0,POINT (142.2 38.7),71,MARIA_2024_08
1986005S15043,1986,South Indian,BEROBIA,1986-01-09 15:00:00,-19.3,36.9,48.0,0,POINT (36.9 -19.3),112,BEROBIA_1986_01
1985343N04090,1985,North Indian,UNNAMED,1985-12-13 09:00:00,13.3,81.2,48.0,0,POINT (81.2 13.3),112,UNNAMED_1985_12
1992236N07159,1992,Western Pacific,OMAR,1992-09-04 09:00:00,23.4,122.0,48.0,0,POINT (122 23.4),63,OMAR_1992_09
2014068S16169,2014,South Pacific,LUSI,2014-03-11 09:00:00,-16.6,168.6,48.0,0,POINT (168.6 -16.6),18,LUSI_2014_03
1992227N17112,1992,Western Pacific,MARK,1992-08-18 03:00:00,22.9,117.9,48.0,0,POINT (117.9 22.9),112,MARK_1992_08
2016158N22272,2016,North Atlantic,COLIN,2016-06-07 15:00:00,34.3,-76.5,48.0,-4,POINT (-76.5 34.3),95,COLIN_2016_06
2025247N27132,2025,Western Pacific,PEIPAH,2025-09-05 09:00:00,35.3,141.1,48.0,0,POINT (141.1 35.3),71,PEIPAH_2025_09
1982054S13123,1982,South Indian,IAN,1982-03-05 21:00:00,-20.8,114.1,48.0,0,POINT (114.1 -20.8),21,IAN_1982_03
2020258N11127,2020,Western Pacific,NOUL,2020-09-17 21:00:00,16.2,109.4,48.0,0,POINT (109.4 16.2),112,NOUL_2020_09
1981298N07083,1981,North Indian,UNNAMED,1981-10-27 15:00:00,11.9,74.3,48.0,0,POINT (74.3 11.9),112,UNNAMED_1981_10
2013243N26122,2013,Western Pacific,TORAJI,2013-09-03 15:00:00,30.6,129.8,48.0,0,POINT (129.8 30.6),71,TORAJI_2013_09
1994206N14131,1994,Western Pacific,BRENDAN,1994-07-31 21:00:00,34.4,125.7,48.0,0,POINT (125.7 34.4),112,BRENDAN_1994_07
1993045S13170,1993,South Pacific,OLI,1993-02-16 21:00:00,-18.9,177.9,48.0,0,POINT (177.9 -18.9),15,OLI_1993_02
2013237N11129,2013,Western Pacific,KONG-REY,2013-08-28 21:00:00,24.4,122.5,48.0,0,POINT (122.5 24.4),63,KONG-REY_2013_08
1981195N11138,1981,Western Pacific,MAURY,1981-07-19 09:00:00,25.2,122.3,48.0,0,POINT (122.3 25.2),63,MAURY_1981_07
1994250N14133,1994,Western Pacific,LUKE,1994-09-12 09:00:00,19.2,111.6,48.0,0,POINT (111.6 19.2),55,LUKE_1994_09
2000299N22291,2000,North Atlantic,UNNAMED,2000-10-29 09:00:00,45.2,-59.5,48.0,-4,POINT (-59.5 45.2),95,UNNAMED_2000_10
2011236N15143,2011,Western Pacific,TALAS,2011-09-02 15:00:00,32.6,134.0,48.0,0,POINT (134 32.6),66,TALAS_2011_09
2000248N18126,2000,Western Pacific,BOPHA,2000-09-10 21:00:00,19.0,121.8,48.0,0,POINT (121.8 19),51,BOPHA_2000_09
2026021S26041,2026,South Indian,EWETSE,2026-01-21 03:00:00,-24.3,43.0,48.0,0,POINT (43 -24.3),20,EWETSE_2026_01
1996288N09092,1996,North Indian,UNNAMED,1996-10-25 03:00:00,20.0,70.1,48.0,0,POINT (70.1 20),112,UNNAMED_1996_10
1980171N06142,1980,Western Pacific,HERBERT,1980-06-26 09:00:00,17.8,110.6,48.0,0,POINT (110.6 17.8),55,HERBERT_1980_06
1994317N07070,1994,North Indian,UNNAMED,1994-11-19 15:00:00,7.9,50.5,48.0,0,POINT (50.5 7.9),112,UNNAMED_1994_11
1980069S12161,1980,South Pacific,SINA,1980-03-15 09:00:00,-38.9,179.2,48.0,0,POINT (179.2 -38.9),13,SINA_1980_03
1981069S12135,1981,South Indian,MAX,1981-03-12 08:00:00,-12.7,129.4,47.0,0,POINT (129.4 -12.7),21,MAX_1981_03
1985034S12082,1985,South Indian,ESITERA,1985-02-09 21:00:00,-18.1,49.9,45.0,0,POINT (49.9 -18.1),20,ESITERA_1985_02
2015237N14315,2015,North Atlantic,ERIKA,2015-08-28 03:00:00,17.4,-65.9,45.0,0,POINT (-65.9 17.4),52,ERIKA_2015_08
1980073S09133,1980,South Pacific,DORIS:GLORIA,1980-03-16 03:00:00,-11.3,137.3,45.0,0,POINT (137.3 -11.3),21,DORIS:GLORIA_1980_03
2021276N07131,2021,Western Pacific,LIONROCK,2021-10-08 12:00:00,19.0,110.6,45.0,0,POINT (110.6 19),55,LIONROCK_2021_10
2015207N22091,2015,North Indian,KOMEN,2015-07-30 00:00:00,21.7,91.5,45.0,-3,POINT (91.5 21.7),112,KOMEN_2015_07
1985101S10136,1985,South Indian,GRETEL,1985-04-12 06:00:00,-11.0,132.6,45.0,0,POINT (132.6 -11),21,GRETEL_1985_04
1996312N14125,1996,Western Pacific,ERNIE,1996-11-12 00:00:00,19.1,120.1,45.0,0,POINT (120.1 19.1),51,ERNIE_1996_11
1996286N17274,1996,North Atlantic,KYLE,1996-10-12 00:00:00,16.6,-87.5,45.0,0,POINT (-87.5 16.6),95,KYLE_1996_10
2018218N18134,2018,Western Pacific,YAGI,2018-08-12 12:00:00,27.7,122.2,45.0,0,POINT (122.2 27.7),112,YAGI_2018_08
2022355S10128,2023,South Indian,ELLIE,2022-12-22 12:00:00,-13.3,129.7,45.0,0,POINT (129.7 -13.3),21,ELLIE_2022_12
2015180S04163,2015,South Pacific,RAQUEL,2015-07-01 15:00:00,-6.9,159.1,45.0,0,POINT (159.1 -6.9),29,RAQUEL_2015_07
2007082S16125,2007,South Indian,KARA,2007-03-27 12:00:00,-19.0,119.2,45.0,0,POINT (119.2 -19),21,KARA_2007_03
1993131S04158,1993,South Pacific,ADEL,1993-05-14 12:00:00,-9.2,150.8,45.0,0,POINT (150.8 -9.2),38,ADEL_1993_05
1996346S09129,1997,South Indian,NICHOLAS,1996-12-14 03:00:00,-15.1,123.7,45.0,0,POINT (123.7 -15.1),21,NICHOLAS_1996_12
2006188N10143,2006,Western Pacific,BILIS,2006-07-13 12:00:00,24.6,122.5,45.0,0,POINT (122.5 24.6),63,BILIS_2006_07
2006200N32287,2006,North Atlantic,BERYL,2006-07-21 03:00:00,40.2,-71.4,45.0,0,POINT (-71.4 40.2),95,BERYL_2006_07
1996356N08110,1996,Western Pacific,GREG,1996-12-25 12:00:00,6.5,115.2,45.0,0,POINT (115.2 6.5),42,GREG_1996_12
2007150N14263,2007,Eastern Pacific,BARBARA,2007-06-02 09:00:00,14.3,-92.6,45.0,0,POINT (-92.6 14.3),95,BARBARA_2007_06
1993205N15137,1993,Western Pacific,OFELIA,1993-07-27 00:00:00,30.6,131.2,45.0,0,POINT (131.2 30.6),71,OFELIA_1993_07
2019299N25265,2019,North Atlantic,OLGA,2019-10-26 06:00:00,28.8,-91.2,45.0,-4,POINT (-91.2 28.8),95,OLGA_2019_10
2012272N22251,2012,Eastern Pacific,NORMAN,2012-09-28 12:00:00,22.7,-108.6,45.0,0,POINT (-108.6 22.7),95,NORMAN_2012_09
2024319N16282,2024,North Atlantic,SARA,2024-11-15 15:00:00,16.1,-85.9,45.0,0,POINT (-85.9 16.1),95,SARA_2024_11
2007178N18089,2007,North Indian,UNNAMED,2007-06-28 18:00:00,19.0,86.2,45.0,0,POINT (86.2 19),112,UNNAMED_2007_06
2015152N12258,2015,Eastern Pacific,BLANCA,2015-06-08 06:00:00,23.3,-111.3,45.0,0,POINT (-111.3 23.3),95,BLANCA_2015_06
2021018S11133,2021,South Indian,UNNAMED,2021-01-22 00:00:00,-19.0,120.2,45.0,0,POINT (120.2 -19),21,UNNAMED_2021_01
2015126N27281,2015,North Atlantic,ANA,2015-05-10 00:00:00,33.1,-78.3,45.0,0,POINT (-78.3 33.1),95,ANA_2015_05
1999357S08076,2000,South Indian,ASTRIDE,1999-12-31 18:00:00,-12.9,50.0,45.0,0,POINT (50 -12.9),20,ASTRIDE_1999_12
2024329N04089,2024,North Indian,FENGAL,2024-12-01 00:00:00,12.1,79.9,45.0,0,POINT (79.9 12.1),112,FENGAL_2024_12
2005296N16293,2005,North Atlantic,ALPHA,2005-10-23 06:00:00,17.8,-70.5,45.0,0,POINT (-70.5 17.8),54,ALPHA_2005_10
2005278N27280,2005,North Atlantic,TAMMY,2005-10-05 18:00:00,29.5,-80.9,45.0,0,POINT (-80.9 29.5),95,TAMMY_2005_10
2005318N13298,2005,North Atlantic,GAMMA,2005-11-19 12:00:00,16.1,-85.4,45.0,0,POINT (-85.4 16.1),95,GAMMA_2005_11
2005316N05134,2005,Western Pacific,BOLAVEN,2005-11-19 18:00:00,16.5,123.3,45.0,0,POINT (123.3 16.5),51,BOLAVEN_2005_11
2005311N08140,2005,Western Pacific,TEMBIN,2005-11-10 09:00:00,15.5,122.4,45.0,0,POINT (122.4 15.5),51,TEMBIN_2005_11
1984227N18118,1984,Western Pacific,GERALD,1984-08-20 18:00:00,21.3,113.8,45.0,0,POINT (113.8 21.3),112,GERALD_1984_08
1994302N11086,1994,North Indian,UNNAMED,1994-10-31 00:00:00,12.9,80.2,45.0,0,POINT (80.2 12.9),112,UNNAMED_1994_10
2019272N14261,2019,Eastern Pacific,NARDA,2019-09-30 18:00:00,23.6,-107.3,45.0,0,POINT (-107.3 23.6),95,NARDA_2019_09
2023015N36289,2023,North Atlantic,UNNAMED,2023-01-17 12:00:00,45.5,-60.0,45.0,-2,POINT (-60 45.5),95,UNNAMED_2023_01
2007265N20122,2007,Western Pacific,FRANCISCO,2007-09-24 00:00:00,19.8,111.6,45.0,0,POINT (111.6 19.8),55,FRANCISCO_2007_09
2020069S11113,2020,South Indian,UNNAMED,2020-03-12 18:00:00,-22.0,114.6,45.0,0,POINT (114.6 -22),21,UNNAMED_2020_03
1990245N20123,1990,Western Pacific,CECIL,1990-09-04 12:00:00,27.1,120.2,45.0,0,POINT (120.2 27.1),112,CECIL_1990_09
2024259N31284,2024,North Atlantic,UNNAMED,2024-09-16 15:00:00,33.1,-78.3,45.0,-4,POINT (-78.3 33.1),95,UNNAMED_2024_09
1986017S12131,1986,South Indian,HECTOR,1986-01-22 15:00:00,-17.3,123.5,45.0,0,POINT (123.5 -17.3),21,HECTOR_1986_01
2025029S25043,2025,South Indian,ELVIS,2025-01-29 21:00:00,-25.8,43.5,45.0,0,POINT (43.5 -25.8),20,ELVIS_2025_01
1995064S13042,1995,South Indian,JOSTA,1995-03-11 12:00:00,-14.6,46.2,45.0,0,POINT (46.2 -14.6),20,JOSTA_1995_03
2021001S14136,2021,South Pacific,IMOGEN,2021-01-03 12:00:00,-17.4,140.8,45.0,0,POINT (140.8 -17.4),21,IMOGEN_2021_01
1997152N10265,1997,Eastern Pacific,ANDRES,1997-06-04 12:00:00,14.8,-93.8,45.0,0,POINT (-93.8 14.8),95,ANDRES_1997_06
1986049S18043,1986,South Indian,GISTA,1986-02-20 15:00:00,-20.7,42.7,45.0,0,POINT (42.7 -20.7),20,GISTA_1986_02
1984066S12151,1984,South Pacific,JIM,1984-03-09 12:00:00,-14.3,136.8,45.0,0,POINT (136.8 -14.3),21,JIM_1984_03
2005210N19115,2005,Western Pacific,WASHI,2005-07-30 00:00:00,19.2,110.2,45.0,0,POINT (110.2 19.2),55,WASHI_2005_07
2005203N25285,2005,North Atlantic,FRANKLIN,2005-07-22 18:00:00,27.4,-76.7,45.0,0,POINT (-76.7 27.4),65,FRANKLIN_2005_07
2012176N26272,2012,North Atlantic,DEBBY,2012-06-26 00:00:00,29.0,-85.0,45.0,0,POINT (-85 29),95,DEBBY_2012_06
2008026S12179,2008,South Pacific,GENE,2008-01-28 06:00:00,-17.4,178.3,45.0,0,POINT (178.3 -17.4),15,GENE_2008_01
2025052S14148,2025,South Pacific,ALFRED,2025-03-07 03:00:00,-27.7,154.3,45.0,0,POINT (154.3 -27.7),21,ALFRED_2025_03
2024256N18254,2024,Eastern Pacific,ILEANA,2024-09-14 18:00:00,25.2,-108.9,45.0,0,POINT (-108.9 25.2),95,ILEANA_2024_09
2016228N22117,2016,Western Pacific,DIANMU,2016-08-19 00:00:00,20.5,107.6,45.0,0,POINT (107.6 20.5),112,DIANMU_2016_08
1997202N04152,1997,Western Pacific,TINA,1997-08-08 18:00:00,33.9,127.1,45.0,0,POINT (127.1 33.9),112,TINA_1997_08
2014362N07130,2014,Western Pacific,JANGMI,2014-12-29 12:00:00,9.7,124.6,45.0,0,POINT (124.6 9.7),43,JANGMI_2014_12
2025086S14121,2025,South Indian,DIANNE,2025-03-28 18:00:00,-16.3,123.8,45.0,0,POINT (123.8 -16.3),21,DIANNE_2025_03
2018251N20122,2018,Western Pacific,BARIJAT,2018-09-12 18:00:00,20.9,112.1,45.0,0,POINT (112.1 20.9),112,BARIJAT_2018_09
2019246N24266,2019,North Atlantic,FERNAND,2019-09-04 06:00:00,23.4,-96.8,45.0,0,POINT (-96.8 23.4),95,FERNAND_2019_09
2020138N28281,2020,North Atlantic,ARTHUR,2020-05-18 12:00:00,34.4,-75.9,45.0,0,POINT (-75.9 34.4),95,ARTHUR_2020_05
1986309N07162,1986,Western Pacific,IDA,1986-11-12 06:00:00,9.2,127.2,45.0,0,POINT (127.2 9.2),43,IDA_1986_11
2022042S12063,2022,South Indian,DUMAKO,2022-02-15 06:00:00,-16.9,50.6,45.0,0,POINT (50.6 -16.9),20,DUMAKO_2022_02
2016257N27280,2016,North Atlantic,JULIA,2016-09-14 00:00:00,29.8,-81.5,45.0,0,POINT (-81.5 29.8),95,JULIA_2016_09
2004286N14263,2004,Eastern Pacific,LESTER,2004-10-13 00:00:00,16.4,-99.6,45.0,0,POINT (-99.6 16.4),95,LESTER_2004_10
2020148N32281,2020,North Atlantic,BERTHA,2020-05-27 12:00:00,32.6,-79.5,45.0,0,POINT (-79.5 32.6),95,BERTHA_2020_05
1986325S10171,1987,South Pacific,OSEA,1986-11-25 09:00:00,-17.5,176.4,45.0,0,POINT (176.4 -17.5),15,OSEA_1986_11
1996163N08088,1996,North Indian,UNNAMED,1996-06-15 03:00:00,16.6,82.8,45.0,0,POINT (82.8 16.6),112,UNNAMED_1996_06
1992279N10097,1992,North Indian,UNNAMED,1992-10-08 18:00:00,15.5,82.1,45.0,0,POINT (82.1 15.5),112,UNNAMED_1992_10
1987096S11144,1987,South Indian,KAY,1987-04-10 03:00:00,-11.2,132.0,45.0,0,POINT (132 -11.2),21,KAY_1987_04
1992273N12077,1992,North Indian,UNNAMED,1992-10-03 03:00:00,19.9,57.7,45.0,0,POINT (57.7 19.9),112,UNNAMED_1992_10
1987065S11164,1987,South Pacific,YALI,1987-03-11 00:00:00,-19.2,164.5,45.0,0,POINT (164.5 -19.2),14,YALI_1987_03
2008237N18253,2008,Eastern Pacific,JULIO,2008-08-24 12:00:00,21.9,-109.8,45.0,0,POINT (-109.8 21.9),95,JULIO_2008_08
1990203N09318,1990,North Atlantic,ARTHUR,1990-07-25 06:00:00,11.7,-61.3,45.0,0,POINT (-61.3 11.7),45,ARTHUR_1990_07
2004227N09314,2004,North Atlantic,EARL,2004-08-15 12:00:00,11.8,-60.8,45.0,0,POINT (-60.8 11.8),45,EARL_2004_08
1983223N23143,1983,Western Pacific,BEN,1983-08-14 21:00:00,34.2,140.4,45.0,0,POINT (140.4 34.2),71,BEN_1983_08
1983216N23088,1983,North Indian,UNNAMED,1983-08-10 00:00:00,21.1,60.2,45.0,0,POINT (60.2 21.1),112,UNNAMED_1983_08
1995106S09144,1995,South Pacific,AGNES,1995-04-21 18:00:00,-11.1,148.0,45.0,0,POINT (148 -11.1),38,AGNES_1995_04
1992237N14144,1992,Western Pacific,POLLY,1992-08-29 21:00:00,23.4,122.1,45.0,0,POINT (122.1 23.4),63,POLLY_1992_08
1987287N12089,1987,North Indian,UNNAMED,1987-10-15 18:00:00,15.8,81.4,45.0,0,POINT (81.4 15.8),112,UNNAMED_1987_10
1996067S16138,1996,South Pacific,ETHEL,1996-03-12 12:00:00,-14.8,141.1,45.0,0,POINT (141.1 -14.8),21,ETHEL_1996_03
1987325N13126,1987,Western Pacific,OGDEN,1987-11-24 18:00:00,12.6,109.6,45.0,0,POINT (109.6 12.6),112,OGDEN_1987_11
2018148N17090,2018,North Indian,UNNAMED,2018-05-29 12:00:00,19.4,93.3,45.0,0,POINT (93.3 19.4),112,UNNAMED_2018_05
2018269S09157,2019,South Pacific,LIUA,2018-09-27 00:00:00,-10.9,162.1,45.0,0,POINT (162.1 -10.9),22,LIUA_2018_09
2024170N20267,2024,North Atlantic,ALBERTO,2024-06-20 06:00:00,22.0,-96.7,45.0,0,POINT (-96.7 22),95,ALBERTO_2024_06
2008259N20089,2008,North Indian,UNNAMED,2008-09-16 18:00:00,21.1,86.6,45.0,0,POINT (86.6 21.1),112,UNNAMED_2008_09
2000227N23267,2000,North Atlantic,BERYL,2000-08-15 00:00:00,24.1,-97.0,45.0,0,POINT (-97 24.1),95,BERYL_2000_08
1982290N09084,1982,North Indian,UNNAMED,1982-10-18 06:00:00,12.8,81.2,45.0,0,POINT (81.2 12.8),112,UNNAMED_1982_10
1998022S15125,1998,South Indian,TIFFANY,1998-01-24 22:00:00,-17.1,121.4,45.0,0,POINT (121.4 -17.1),21,TIFFANY_1998_01
2020211N14124,2020,Western Pacific,SINLAKU,2020-08-02 00:00:00,19.3,106.4,45.0,0,POINT (106.4 19.3),112,SINLAKU_2020_08
2008298N16085,2008,North Indian,RASHMI,2008-10-26 18:00:00,21.0,89.3,45.0,0,POINT (89.3 21),112,RASHMI_2008_10
2024044S15134,2024,South Pacific,LINCOLN,2024-02-16 00:00:00,-15.6,137.6,45.0,0,POINT (137.6 -15.6),21,LINCOLN_2024_02
2000232N12116,2000,Western Pacific,KAEMI,2000-08-22 00:00:00,15.5,109.3,45.0,0,POINT (109.3 15.5),112,KAEMI_2000_08
2017104N08085,2017,North Indian,MAARUTHA,2017-04-16 12:00:00,18.1,93.6,45.0,0,POINT (93.6 18.1),112,MAARUTHA_2017_04
2022126N07095,2022,North Indian,ASANI,2022-05-10 18:00:00,15.6,82.0,45.0,0,POINT (82 15.6),112,ASANI_2022_05
1988173N12268,1988,Eastern Pacific,BUD,1988-06-22 06:00:00,15.1,-97.8,45.0,0,POINT (-97.8 15.1),95,BUD_1988_06
2008351S11128,2009,South Indian,BILLY,2008-12-19 09:00:00,-14.6,128.6,45.0,0,POINT (128.6 -14.6),21,BILLY_2008_12
1988218N21128,1988,Western Pacific,BILL,1988-08-07 12:00:00,29.0,122.9,45.0,0,POINT (122.9 29),112,BILL_1988_08
1988177N07137,1988,Western Pacific,VANESSA,1988-06-27 06:00:00,10.1,126.1,45.0,0,POINT (126.1 10.1),43,VANESSA_1988_06
1988221N30270,1988,North Atlantic,BERYL,1988-08-09 00:00:00,29.3,-89.1,45.0,0,POINT (-89.1 29.3),95,BERYL_1988_08
2017170N08310,2017,North Atlantic,BRET,2017-06-20 02:00:00,10.1,-61.1,45.0,0,POINT (-61.1 10.1),45,BRET_2017_06
2017161N13119,2017,Western Pacific,MERBOK,2017-06-12 09:00:00,21.6,114.5,45.0,0,POINT (114.5 21.6),112,MERBOK_2017_06
2009107S07133,2009,South Indian,KIRRILY,2009-04-27 06:00:00,-6.4,134.2,45.0,0,POINT (134.2 -6.4),32,KIRRILY_2009_04
2017171N24271,2017,North Atlantic,CINDY,2017-06-22 06:00:00,29.4,-93.6,45.0,0,POINT (-93.6 29.4),95,CINDY_2017_06
2003150N17119,2003,Western Pacific,NANGKA,2003-06-02 09:00:00,21.0,120.9,45.0,0,POINT (120.9 21),63,NANGKA_2003_06
2003129N05091,2003,North Indian,UNNAMED,2003-05-19 09:00:00,18.3,93.2,45.0,0,POINT (93.2 18.3),112,UNNAMED_2003_05
1990129N05138,1990,Western Pacific,MARIAN,1990-05-19 00:00:00,22.8,120.0,45.0,0,POINT (120 22.8),63,MARIAN_1990_05
1988235N15317,1988,North Atlantic,CHRIS,1988-08-28 12:00:00,30.8,-80.8,45.0,0,POINT (-80.8 30.8),95,CHRIS_1988_08
2003088S07131,2003,South Indian,INIGO,2003-04-02 00:00:00,-10.8,119.4,45.0,0,POINT (119.4 -10.8),23,INIGO_2003_04
2017202N16116,2017,Western Pacific,SONCA,2017-07-25 03:00:00,17.1,108.1,45.0,0,POINT (108.1 17.1),112,SONCA_2017_07
2009213N16130,2009,Western Pacific,GONI,2009-08-04 18:00:00,21.7,113.0,45.0,0,POINT (113 21.7),112,GONI_2009_08
2009173N10132,2009,Western Pacific,NANGKA,2009-06-24 00:00:00,12.8,122.2,45.0,0,POINT (122.2 12.8),48,NANGKA_2009_06
2009121N13124,2009,Western Pacific,KUJIRA,2009-05-03 00:00:00,13.8,124.7,45.0,0,POINT (124.7 13.8),51,KUJIRA_2009_05
2000264N17257,2000,Eastern Pacific,NORMAN,2000-09-20 20:00:00,18.4,-103.2,45.0,0,POINT (-103.2 18.4),95,NORMAN_2000_09
2026010S17148,2026,South Pacific,KOJI,2026-01-10 18:00:00,-19.3,147.9,45.0,0,POINT (147.9 -19.3),21,KOJI_2026_01
2026082S17163,2026,South Pacific,UNNAMED,2026-03-23 15:00:00,-20.7,163.2,45.0,0,POINT (163.2 -20.7),14,UNNAMED_2026_03
2021214N21110,2021,Western Pacific,LUPIT,2021-08-05 03:00:00,23.3,116.9,45.0,0,POINT (116.9 23.3),112,LUPIT_2021_08
2014017S14160,2014,South Pacific,JUNE,2014-01-17 21:00:00,-19.6,163.4,45.0,0,POINT (163.4 -19.6),14,JUNE_2014_01
1990101S07048,1990,South Indian,HANTA,1990-04-13 12:00:00,-13.8,47.0,45.0,0,POINT (47 -13.8),20,HANTA_1990_04
2013020S16137,2013,South Pacific,OSWALD,2013-01-21 12:00:00,-15.5,141.4,45.0,0,POINT (141.4 -15.5),21,OSWALD_2013_01
1999040S13160,1999,South Pacific,ELLA,1999-02-12 18:00:00,-22.0,167.6,45.0,0,POINT (167.6 -22),14,ELLA_1999_02
2023289N15111,2023,Western Pacific,SANBA,2023-10-19 12:00:00,21.0,109.2,45.0,0,POINT (109.2 21),112,SANBA_2023_10
2025231N27128,2025,Western Pacific,LINGLING,2025-08-21 06:00:00,31.7,129.9,45.0,0,POINT (129.9 31.7),71,LINGLING_2025_08
2002252N20121,2002,Western Pacific,HAGUPIT,2002-09-11 09:00:00,21.1,113.3,45.0,0,POINT (113.3 21.1),112,HAGUPIT_2002_09
2025261N19312,2025,North Atlantic,GABRIELLE,2025-09-28 00:00:00,41.0,-9.5,45.0,-4,POINT (-9.5 41),112,GABRIELLE_2025_09
2025259N16124,2025,Western Pacific,MITAG,2025-09-16 18:00:00,16.1,122.2,45.0,0,POINT (122.2 16.1),51,MITAG_2025_09
2000309N10270,2000,Eastern Pacific,ROSA,2000-11-08 00:00:00,15.0,-97.0,45.0,0,POINT (-97 15),95,ROSA_2000_11
1989054S17117,1989,South Indian,UNNAMED,1989-02-24 00:00:00,-20.0,117.3,45.0,0,POINT (117.3 -20),21,UNNAMED_1989_02
2002196N34283,2002,North Atlantic,ARTHUR,2002-07-17 06:00:00,46.5,-53.9,45.0,-4,POINT (-53.9 46.5),77,ARTHUR_2002_07
2002129N08096,2002,North Indian,UNNAMED,2002-05-11 18:00:00,15.4,96.2,45.0,0,POINT (96.2 15.4),112,UNNAMED_2002_05
2002098S07133,2002,South Indian,BONNIE,2002-04-11 06:00:00,-10.1,120.8,45.0,0,POINT (120.8 -10.1),23,BONNIE_2002_04
1990024S14117,1990,South Indian,TINA,1990-01-28 00:00:00,-25.5,114.5,45.0,0,POINT (114.5 -25.5),21,TINA_1990_01
2025330N05099,2025,North Indian,SENYAR,2025-11-25 18:00:00,4.7,98.4,45.0,0,POINT (98.4 4.7),41,SENYAR_2025_11
1992167N12088,1992,North Indian,UNNAMED,1992-06-17 18:00:00,20.4,87.0,45.0,0,POINT (87 20.4),112,UNNAMED_1992_06
1992172N07144,1992,Western Pacific,BOBBIE,1992-06-30 15:00:00,34.3,139.4,45.0,0,POINT (139.4 34.3),71,BOBBIE_1992_06
1981317N31286,1981,North Atlantic,UNNAMED,1981-11-17 06:00:00,42.9,-65.8,45.0,-2,POINT (-65.8 42.9),95,UNNAMED_1981_11
2020259N47338,2020,North Atlantic,ALPHA,2020-09-18 18:40:00,40.0,-8.9,45.0,-2,POINT (-8.9 40),112,ALPHA_2020_09
2020261N21265,2020,North Atlantic,BETA,2020-09-21 12:00:00,27.8,-95.5,45.0,0,POINT (-95.5 27.8),95,BETA_2020_09
2011214N15299,2011,North Atlantic,EMILY,2011-08-04 12:00:00,17.3,-72.2,45.0,0,POINT (-72.2 17.3),54,EMILY_2011_08
1981265N14328,1981,North Atlantic,IRENE,1981-10-03 03:00:00,44.1,-8.0,45.0,-4,POINT (-8 44.1),112,IRENE_1981_10
2002008N07141,2002,Western Pacific,TAPAH,2002-01-12 18:00:00,14.5,124.6,45.0,0,POINT (124.6 14.5),51,TAPAH_2002_01
2022230N18095,2022,North Indian,UNNAMED,2022-08-19 06:00:00,21.2,88.9,45.0,0,POINT (88.9 21.2),112,UNNAMED_2022_08
1994242N12112,1994,Western Pacific,JOEL,1994-09-06 15:00:00,19.4,108.3,45.0,0,POINT (108.3 19.4),55,JOEL_1994_09
1981240N17257,1981,Eastern Pacific,IRWIN,1981-08-28 18:00:00,19.1,-105.5,45.0,0,POINT (-105.5 19.1),95,IRWIN_1981_08
2018363S12145,2019,South Pacific,PENNY,2019-01-01 00:00:00,-12.7,141.2,45.0,0,POINT (141.2 -12.7),21,PENNY_2019_01
2018347N07089,2018,North Indian,PHETHAI,2018-12-17 03:00:00,15.5,82.3,45.0,0,POINT (82.3 15.5),112,PHETHAI_2018_12
1989176N27264,1989,North Atlantic,ALLISON,1989-06-26 18:00:00,29.1,-95.7,45.0,0,POINT (-95.7 29.1),95,ALLISON_1989_06
2011208N09145,2011,Western Pacific,MUIFA,2011-08-08 03:00:00,38.0,124.0,45.0,0,POINT (124 38),112,MUIFA_2011_08
1994197N14115,1994,Western Pacific,YUNYA,1994-07-18 18:00:00,17.4,119.9,45.0,0,POINT (119.9 17.4),51,YUNYA_1994_07
2017265N17257,2017,Eastern Pacific,PILAR,2017-09-24 12:00:00,20.0,-106.0,45.0,0,POINT (-106 20),95,PILAR_2017_09
1981226N16119,1981,Western Pacific,WARREN,1981-08-19 21:00:00,19.9,107.0,45.0,0,POINT (107 19.9),112,WARREN_1981_08
1998262N20137,1998,Western Pacific,WALDO,1998-09-21 06:00:00,33.0,135.7,45.0,0,POINT (135.7 33),71,WALDO_1998_09
2013248N17255,2013,Eastern Pacific,LORENA,2013-09-06 18:00:00,22.5,-110.0,45.0,0,POINT (-110 22.5),95,LORENA_2013_09
1991317N09141,1991,Western Pacific,WILDA,1991-11-17 15:00:00,15.2,119.5,45.0,0,POINT (119.5 15.2),51,WILDA_1991_11
1989209N22130,1989,Western Pacific,KEN:LOLA,1989-08-03 18:00:00,31.0,122.6,45.0,0,POINT (122.6 31),112,KEN:LOLA_1989_08
2001239N19116,2001,Western Pacific,FITOW,2001-08-31 00:00:00,21.1,109.1,45.0,0,POINT (109.1 21.1),112,FITOW_2001_08
2020291N06141,2020,Western Pacific,SAUDEL,2020-10-20 09:00:00,15.9,122.6,45.0,0,POINT (122.6 15.9),51,SAUDEL_2020_10
1991304N08140,1991,Western Pacific,THELMA,1991-11-04 15:00:00,11.9,126.2,45.0,0,POINT (126.2 11.9),49,THELMA_1991_11
1995255N14104,1995,North Indian,UNNAMED,1995-09-16 18:00:00,21.3,87.5,45.0,0,POINT (87.5 21.3),112,UNNAMED_1995_09
2025300N11086,2025,North Indian,MONTHA,2025-10-28 12:00:00,15.9,82.1,45.0,0,POINT (82.1 15.9),112,MONTHA_2025_10
2025291N13126,2025,Western Pacific,FENGSHEN,2025-10-22 09:00:00,17.4,109.9,45.0,0,POINT (109.9 17.4),55,FENGSHEN_2025_10
2017347N11131,2017,Western Pacific,KAI-TAK,2017-12-16 00:00:00,12.3,126.4,45.0,0,POINT (126.4 12.3),49,KAI-TAK_2017_12
1998327N09126,1998,Western Pacific,ELVIS,1998-11-25 15:00:00,13.4,110.2,45.0,0,POINT (110.2 13.4),112,ELVIS_1998_11
2011020S13182,2011,South Pacific,WILMA,2011-01-28 12:00:00,-34.3,174.3,45.0,0,POINT (174.3 -34.3),13,WILMA_2011_01
2001125N05129,2001,Western Pacific,CIMARON,2001-05-11 21:00:00,18.6,119.7,45.0,0,POINT (119.7 18.6),51,CIMARON_2001_05
1995244N08139,1995,Western Pacific,NINA,1995-09-06 18:00:00,19.7,111.8,45.0,0,POINT (111.8 19.7),55,NINA_1995_09
2018027S11156,2018,South Pacific,FEHI,2018-01-29 09:00:00,-20.6,163.2,45.0,0,POINT (163.2 -20.6),14,FEHI_2018_01
1981127N18276,1981,North Atlantic,ARLENE,1981-05-08 00:00:00,20.3,-78.7,45.0,0,POINT (-78.7 20.3),61,ARLENE_1981_05
1991256N14148,1991,Western Pacific,LUKE,1991-09-19 12:00:00,35.6,141.4,45.0,0,POINT (141.4 35.6),71,LUKE_1991_09
1999258N25128,1999,Western Pacific,ANN,1999-09-18 15:00:00,31.4,122.8,45.0,0,POINT (122.8 31.4),112,ANN_1999_09
2020005S08133,2020,South Indian,CLAUDIA,2020-01-11 18:00:00,-13.5,125.2,45.0,0,POINT (125.2 -13.5),21,CLAUDIA_2020_01
1996296N09093,1996,North Indian,UNNAMED,1996-10-28 12:00:00,21.0,88.6,45.0,0,POINT (88.6 21),112,UNNAMED_1996_10
1999254N18142,1999,Western Pacific,ZIA,1999-09-14 06:00:00,31.3,131.2,45.0,0,POINT (131.2 31.3),71,ZIA_1999_09
2018222N16147,2018,Western Pacific,LEEPI,2018-08-14 15:00:00,31.8,132.3,43.0,0,POINT (132.3 31.8),71,LEEPI_2018_08
2019335N05058,2019,North Indian,PAWAN,2019-12-06 21:00:00,7.7,50.6,43.0,0,POINT (50.6 7.7),112,PAWAN_2019_12
2015188N08194,2015,Western Pacific,HALOLA,2015-07-26 03:00:00,31.6,129.3,43.0,0,POINT (129.3 31.6),71,HALOLA_2015_07
1985148N15067,1985,North Indian,UNNAMED,1985-05-30 15:00:00,21.7,68.3,43.0,0,POINT (68.3 21.7),112,UNNAMED_1985_05
2013130N04093,2013,North Indian,MAHASEN:VIYARU,2013-05-16 03:00:00,21.2,90.2,43.0,0,POINT (90.2 21.2),112,MAHASEN:VIYARU_2013_05
1998336S13120,1999,South Indian,BILLY,1998-12-05 21:00:00,-20.7,114.9,43.0,0,POINT (114.9 -20.7),21,BILLY_1998_12
2013217N11118,2013,Western Pacific,MANGKHUT,2013-08-07 09:00:00,19.1,106.7,43.0,0,POINT (106.7 19.1),112,MANGKHUT_2013_08
2001284N28297,2001,North Atlantic,KAREN,2001-10-15 09:00:00,43.1,-65.1,43.0,0,POINT (-65.1 43.1),95,KAREN_2001_10
1981280N20250,1981,Eastern Pacific,LIDIA,1981-10-07 09:00:00,22.0,-109.5,43.0,0,POINT (-109.5 22),95,LIDIA_1981_10
2002126N09068,2002,North Indian,UNNAMED,2002-05-10 03:00:00,15.9,54.0,43.0,0,POINT (54 15.9),112,UNNAMED_2002_05
2017242N19122,2017,Western Pacific,MAWAR,2017-09-03 03:00:00,22.1,116.5,43.0,0,POINT (116.5 22.1),112,MAWAR_2017_09
2013324S11113,2014,South Indian,ALESSIA,2013-11-23 03:00:00,-14.6,124.3,43.0,0,POINT (124.3 -14.6),21,ALESSIA_2013_11
2019042S17162,2019,South Pacific,OMA,2019-02-25 03:00:00,-23.1,166.3,43.0,-2,POINT (166.3 -23.1),14,OMA_2019_02
2014027S14155,2014,South Pacific,DYLAN,2014-01-30 15:00:00,-19.4,148.6,43.0,0,POINT (148.6 -19.4),21,DYLAN_2014_01
1982213N13145,1982,Western Pacific,CECIL,1982-08-13 15:00:00,36.0,122.8,43.0,0,POINT (122.8 36),112,CECIL_1982_08
1983141N07269,1983,Eastern Pacific,ADOLPH,1983-05-27 09:00:00,18.7,-105.1,43.0,0,POINT (-105.1 18.7),95,ADOLPH_1983_05
1983188N06136,1983,Western Pacific,TIP,1983-07-12 21:00:00,19.1,111.7,43.0,0,POINT (111.7 19.1),55,TIP_1983_07
1987031S15124,1987,South Indian,DAMIEN,1987-02-02 21:00:00,-17.2,121.6,43.0,0,POINT (121.6 -17.2),21,DAMIEN_1987_02
2004260N11331,2004,North Atlantic,KARL,2004-09-27 09:00:00,64.8,9.0,43.0,-4,POINT (9 64.8),112,KARL_2004_09
1983353S06130,1984,South Indian,ESTHER,1983-12-20 09:00:00,-7.9,128.0,43.0,0,POINT (128 -7.9),26,ESTHER_1983_12
2005324N27312,2005,North Atlantic,DELTA,2005-11-29 09:00:00,31.5,-8.9,43.0,-4,POINT (-8.9 31.5),112,DELTA_2005_11
1993231N09134,1993,Western Pacific,WINONA,1993-08-28 15:00:00,16.8,108.9,43.0,0,POINT (108.9 16.8),112,WINONA_1993_08
1990279N36316,1990,North Atlantic,LILI,1990-10-14 21:00:00,43.7,-63.2,43.0,0,POINT (-63.2 43.7),95,LILI_1990_10
1996283N12133,1996,Western Pacific,BETH,1996-10-12 09:00:00,17.8,119.6,43.0,0,POINT (119.6 17.8),51,BETH_1996_10
1985049S12143,1985,South Pacific,PIERRE,1985-02-21 03:00:00,-19.5,149.2,43.0,0,POINT (149.2 -19.5),21,PIERRE_1985_02
1998321N11117,1998,Western Pacific,DAWN,1998-11-19 09:00:00,12.0,110.2,43.0,0,POINT (110.2 12),112,DAWN_1998_11
2019291N22264,2019,North Atlantic,NESTOR,2019-10-19 15:00:00,29.7,-85.9,40.0,-4,POINT (-85.9 29.7),95,NESTOR_2019_10
2012177N11135,2012,Western Pacific,DOKSURI,2012-06-29 15:00:00,21.6,114.2,40.0,0,POINT (114.2 21.6),112,DOKSURI_2012_06
2012223N14317,2012,North Atlantic,HELENE,2012-08-17 18:00:00,20.3,-95.9,40.0,0,POINT (-95.9 20.3),95,HELENE_2012_08
2012273N13112,2012,Western Pacific,GAEMI,2012-10-06 06:00:00,13.2,110.2,40.0,0,POINT (110.2 13.2),112,GAEMI_2012_10
2017152N14262,2017,Eastern Pacific,BEATRIZ,2017-06-02 00:00:00,15.7,-96.6,40.0,0,POINT (-96.6 15.7),95,BEATRIZ_2017_06
1999266N18113,1999,Western Pacific,CAM,1999-09-25 12:00:00,21.8,115.4,40.0,0,POINT (115.4 21.8),112,CAM_1999_09
2022154N21273,2022,North Atlantic,ALEX,2022-06-04 18:00:00,27.2,-80.4,40.0,-3,POINT (-80.4 27.2),95,ALEX_2022_06
2012168N19112,2012,Western Pacific,TALIM,2012-06-20 06:00:00,23.8,118.8,40.0,0,POINT (118.8 23.8),112,TALIM_2012_06
2012086N10116,2012,Western Pacific,PAKHAR,2012-04-01 06:00:00,10.1,107.8,40.0,0,POINT (107.8 10.1),112,PAKHAR_2012_04
1999241N12133,1999,Western Pacific,WENDY,1999-09-03 15:00:00,22.3,117.0,40.0,0,POINT (117 22.3),112,WENDY_1999_09
2022338N05100,2022,North Indian,MANDOUS,2022-12-09 15:00:00,12.3,80.7,40.0,0,POINT (80.7 12.3),112,MANDOUS_2022_12
2020335N06090,2020,North Indian,BUREVI,2020-12-02 09:00:00,8.8,82.2,40.0,0,POINT (82.2 8.8),44,BUREVI_2020_12
1990288N15118,1990,Western Pacific,LOLA,1990-10-18 00:00:00,13.8,110.0,40.0,0,POINT (110 13.8),112,LOLA_1990_10
1988076S14056,1988,South Indian,HELY,1988-03-27 12:00:00,-15.6,50.8,40.0,0,POINT (50.8 -15.6),20,HELY_1988_03
2003056S17119,2003,South Indian,GRAHAM,2003-02-28 12:00:00,-19.0,120.9,40.0,0,POINT (120.9 -19),21,GRAHAM_2003_02
1995210N26273,1995,North Atlantic,DEAN,1995-07-31 00:00:00,29.0,-95.0,40.0,0,POINT (-95 29),95,DEAN_1995_07
1981028S12069,1981,South Indian,HELYETTE,1981-02-03 12:00:00,-24.1,45.3,40.0,0,POINT (45.3 -24.1),20,HELYETTE_1981_02
2022295N13093,2022,North Indian,SITRANG,2022-10-24 15:00:00,21.8,90.4,40.0,0,POINT (90.4 21.8),112,SITRANG_2022_10
1981039S14153,1981,South Pacific,EDDIE,1981-02-11 03:00:00,-16.5,138.4,40.0,0,POINT (138.4 -16.5),21,EDDIE_1981_02
2003284N19291,2003,North Atlantic,MINDY,2003-10-10 18:00:00,19.1,-68.8,40.0,0,POINT (-68.8 19.1),54,MINDY_2003_10
2020312N10131,2020,Western Pacific,ETAU,2020-11-10 00:00:00,12.3,110.0,40.0,0,POINT (110 12.3),112,ETAU_2020_11
1998106S09135,1998,South Indian,UNNAMED,1998-04-19 03:00:00,-14.1,125.9,40.0,0,POINT (125.9 -14.1),21,UNNAMED_1998_04
2003021S10163,2003,South Pacific,BENI,2003-01-31 00:00:00,-22.3,167.9,40.0,0,POINT (167.9 -22.3),14,BENI_2003_01
2003338S09065,2004,South Indian,CELA,2003-12-12 00:00:00,-15.8,44.0,40.0,0,POINT (44 -15.8),20,CELA_2003_12
2017209N19118,2017,Western Pacific,HAITANG,2017-07-30 09:00:00,22.3,120.5,40.0,0,POINT (120.5 22.3),63,HAITANG_2017_07
2013167N12279,2013,North Atlantic,BARRY,2013-06-19 21:00:00,19.6,-95.1,40.0,0,POINT (-95.1 19.6),95,BARRY_2013_06
1981087S07057,1981,South Indian,KLARA,1981-04-02 18:00:00,-18.1,50.4,40.0,0,POINT (50.4 -18.1),20,KLARA_1981_04
2013189N09319,2013,North Atlantic,CHANTAL,2013-07-10 12:00:00,16.7,-71.2,40.0,0,POINT (-71.2 16.7),54,CHANTAL_2013_07
2013196N14128,2013,Western Pacific,CIMARON,2013-07-17 06:00:00,19.5,121.0,40.0,0,POINT (121 19.5),51,CIMARON_2013_07
2010358S13152,2011,South Pacific,TASHA,2010-12-24 18:00:00,-17.0,146.3,40.0,0,POINT (146.3 -17),21,TASHA_2010_12
2018244N14252,2018,Eastern Pacific,OLIVIA,2018-09-12 12:00:00,21.0,-155.1,40.0,0,POINT (-155.1 21),56,OLIVIA_2018_09
2010305N06105,2010,North Indian,JAL,2010-11-07 12:00:00,13.0,81.1,40.0,0,POINT (81.1 13),112,JAL_2010_11
1981181N36295,1981,North Atlantic,BRET,1981-07-01 03:00:00,36.9,-75.2,40.0,0,POINT (-75.2 36.9),95,BRET_1981_07
2010271N19276,2010,North Atlantic,NICOLE,2010-09-29 12:00:00,21.9,-81.0,40.0,0,POINT (-81 21.9),61,NICOLE_2010_09
2002268N15258,2002,Eastern Pacific,JULIO,2002-09-26 00:00:00,18.0,-102.4,40.0,0,POINT (-102.4 18),95,JULIO_2002_09
1987325S06050,1988,South Indian,UNNAMED,1987-11-24 18:00:00,-11.5,41.1,40.0,0,POINT (41.1 -11.5),112,UNNAMED_1987_11
1994206N22107,1994,Western Pacific,AMY,1994-07-30 00:00:00,19.0,107.8,40.0,0,POINT (107.8 19),55,AMY_1994_07
2020281N14126,2020,Western Pacific,LINFA,2020-10-10 21:00:00,14.7,110.0,40.0,0,POINT (110 14.7),112,LINFA_2020_10
1997359S12129,1998,South Pacific,SID,1997-12-28 06:00:00,-16.1,138.6,40.0,0,POINT (138.6 -16.1),21,SID_1997_12
2010241N25125,2010,Western Pacific,NAMTHEUN,2010-08-30 18:00:00,25.7,121.4,40.0,0,POINT (121.4 25.7),63,NAMTHEUN_2010_08
2010243N12146,2010,Western Pacific,MALOU,2010-09-07 00:00:00,34.0,128.8,40.0,0,POINT (128.8 34),71,MALOU_2010_09
2021169N23268,2021,North Atlantic,CLAUDETTE,2021-06-19 00:00:00,28.4,-91.2,40.0,0,POINT (-91.2 28.4),95,CLAUDETTE_2021_06
2010203N22286,2010,North Atlantic,BONNIE,2010-07-23 05:15:00,23.7,-77.5,40.0,0,POINT (-77.5 23.7),62,BONNIE_2010_07
2024183N20265,2024,North Atlantic,CHRIS,2024-07-01 03:00:00,19.9,-96.5,40.0,0,POINT (-96.5 19.9),95,CHRIS_2024_07
1981262N16256,1981,Eastern Pacific,KNUT,1981-09-21 12:00:00,23.3,-107.0,40.0,0,POINT (-107 23.3),95,KNUT_1981_09
2013286N15251,2013,Eastern Pacific,OCTAVE,2013-10-15 00:00:00,24.5,-112.8,40.0,0,POINT (-112.8 24.5),95,OCTAVE_2013_10
2010149N13266,2010,Eastern Pacific,AGATHA,2010-05-29 18:00:00,13.9,-92.5,40.0,0,POINT (-92.5 13.9),95,AGATHA_2010_05
2002264N28308,2002,North Atlantic,KYLE,2002-10-12 06:00:00,35.4,-75.9,40.0,0,POINT (-75.9 35.4),95,KYLE_2002_10
2021179N30287,2021,North Atlantic,DANNY,2021-06-28 18:00:00,32.0,-79.5,40.0,0,POINT (-79.5 32),95,DANNY_2021_06
2018161N12260,2018,Eastern Pacific,BUD,2018-06-14 18:00:00,21.9,-109.6,40.0,0,POINT (-109.6 21.9),95,BUD_2018_06
1992207N18090,1992,North Indian,UNNAMED,1992-07-26 18:00:00,20.3,86.4,40.0,0,POINT (86.4 20.3),112,UNNAMED_1992_07
2010020S08163,2010,South Pacific,OLGA,2010-01-24 06:00:00,-16.3,146.3,40.0,0,POINT (146.3 -16.3),21,OLGA_2010_01
2018153N12113,2018,Western Pacific,EWINIAR,2018-06-07 06:00:00,21.0,111.5,40.0,0,POINT (111.5 21),112,EWINIAR_2018_06
1982011S11141,1982,South Indian,BRUNO,1982-01-16 18:00:00,-16.1,125.9,40.0,0,POINT (125.9 -16.1),21,BRUNO_1982_01
2004217N13306,2004,North Atlantic,BONNIE,2004-08-12 14:00:00,29.6,-85.1,40.0,0,POINT (-85.1 29.6),95,BONNIE_2004_08
2019236N08143,2019,Western Pacific,PODUL,2019-08-29 06:00:00,17.5,109.6,40.0,0,POINT (109.6 17.5),55,PODUL_2019_08
1982030S15065,1982,South Indian,ELECTRE,1982-02-03 00:00:00,-18.8,50.0,40.0,0,POINT (50 -18.8),20,ELECTRE_1982_02
1994169N06152,1994,Western Pacific,SHARON,1994-06-24 18:00:00,20.7,112.0,40.0,0,POINT (112 20.7),112,SHARON_1994_06
1987222N26266,1987,North Atlantic,UNNAMED,1987-08-10 09:00:00,30.0,-94.5,40.0,0,POINT (-94.5 30),95,UNNAMED_1987_08
2014003N08086,2014,North Indian,UNNAMED,2014-01-05 03:00:00,9.3,82.0,40.0,0,POINT (82 9.3),44,UNNAMED_2014_01
2022099N11128,2022,Western Pacific,MEGI,2022-04-10 00:00:00,10.8,125.9,40.0,0,POINT (125.9 10.8),49,MEGI_2022_04
2009247N19089,2009,North Indian,UNNAMED,2009-09-05 12:00:00,22.4,87.6,40.0,0,POINT (87.6 22.4),112,UNNAMED_2009_09
2009017S15059,2009,South Indian,ERIC,2009-01-19 00:00:00,-17.3,49.9,40.0,0,POINT (49.9 -17.3),20,ERIC_2009_01
2009011S16139,2009,South Pacific,CHARLOTTE,2009-01-11 12:00:00,-16.2,140.6,40.0,0,POINT (140.6 -16.2),21,CHARLOTTE_2009_01
1992286N12115,1992,Western Pacific,ANGELA,1992-10-23 06:00:00,13.4,109.4,40.0,0,POINT (109.4 13.4),112,ANGELA_1992_10
2008320N08122,2008,Western Pacific,NOUL,2008-11-17 06:00:00,11.8,109.6,40.0,0,POINT (109.6 11.8),112,NOUL_2008_11
2008317N11089,2008,North Indian,KHAI-MUK,2008-11-15 15:00:00,14.5,81.1,40.0,0,POINT (81.1 14.5),112,KHAI-MUK_2008_11
2014210N10323,2014,North Atlantic,BERTHA,2014-08-02 21:00:00,18.6,-68.3,40.0,0,POINT (-68.3 18.6),54,BERTHA_2014_08
2014245N19268,2014,North Atlantic,DOLLY,2014-09-02 21:00:00,22.0,-97.0,40.0,0,POINT (-97 22),95,DOLLY_2014_09
2024238N25077,2024,North Indian,ASNA,2024-08-30 00:00:00,23.3,68.5,40.0,0,POINT (68.5 23.3),112,ASNA_2024_08
2008272N08139,2008,Western Pacific,HIGOS,2008-09-30 00:00:00,10.9,126.7,40.0,0,POINT (126.7 10.9),49,HIGOS_2008_09
1990027S18156,1990,South Pacific,NANCY,1990-02-03 03:00:00,-28.8,153.7,40.0,0,POINT (153.7 -28.8),21,NANCY_1990_02
2023170N11323,2023,North Atlantic,BRET,2023-06-24 12:00:00,13.0,-70.9,40.0,0,POINT (-70.9 13),95,BRET_2023_06
2017163N14265,2017,Eastern Pacific,CALVIN,2017-06-13 00:00:00,15.9,-95.7,40.0,0,POINT (-95.7 15.9),95,CALVIN_2017_06
1996090N04150,1996,Western Pacific,ANN,1996-04-06 18:00:00,10.6,126.5,40.0,0,POINT (126.5 10.6),49,ANN_1996_04
1983205N11265,1983,Eastern Pacific,GIL,1983-08-03 12:00:00,21.8,-156.0,40.0,0,POINT (-156 21.8),57,GIL_1983_08
2017240N31279,2017,North Atlantic,UNNAMED,2017-08-29 18:00:00,35.4,-75.5,40.0,-4,POINT (-75.5 35.4),95,UNNAMED_2017_08
2005003S09177,2005,South Pacific,KERRY,2005-01-06 18:00:00,-15.7,168.3,40.0,0,POINT (168.3 -15.7),18,KERRY_2005_01
2023317N10094,2023,North Indian,MIDHILI,2023-11-17 06:00:00,21.4,89.7,40.0,0,POINT (89.7 21.4),112,MIDHILI_2023_11
1996161N17063,1996,North Indian,UNNAMED,1996-06-11 03:00:00,18.9,58.3,40.0,0,POINT (58.3 18.9),112,UNNAMED_1996_06
1996122N08092,1996,North Indian,UNNAMED,1996-05-07 21:00:00,20.9,91.5,40.0,0,POINT (91.5 20.9),112,UNNAMED_1996_05
2018292N13269,2018,Eastern Pacific,VICENTE,2018-10-20 12:00:00,14.3,-93.3,40.0,0,POINT (-93.3 14.3),95,VICENTE_2018_10
2025180N19266,2025,North Atlantic,BARRY,2025-06-29 18:00:00,20.9,-96.7,40.0,0,POINT (-96.7 20.9),95,BARRY_2025_06
2001039S11139,2001,South Pacific,WINSOME,2001-02-11 00:00:00,-14.5,135.6,40.0,0,POINT (135.6 -14.5),21,WINSOME_2001_02
1998032S18036,1998,South Indian,BELTANE,1998-02-17 00:00:00,-23.9,42.8,40.0,0,POINT (42.8 -23.9),20,BELTANE_1998_02
1996170N27282,1996,North Atlantic,ARTHUR,1996-06-19 12:00:00,33.2,-78.1,40.0,0,POINT (-78.1 33.2),95,ARTHUR_1996_06
1991239N20133,1991,Western Pacific,HARRY,1991-08-31 03:00:00,37.2,140.9,40.0,0,POINT (140.9 37.2),71,HARRY_1991_08
2023212N19090,2023,North Indian,UNNAMED,2023-07-31 18:00:00,19.9,92.0,40.0,0,POINT (92 19.9),112,UNNAMED_2023_07
2008152N18273,2008,North Atlantic,ARTHUR,2008-05-31 06:00:00,17.8,-88.0,40.0,0,POINT (-88 17.8),95,ARTHUR_2008_05
2005185N15261,2005,Eastern Pacific,DORA,2005-07-04 12:00:00,16.1,-99.7,40.0,0,POINT (-99.7 16.1),95,DORA_2005_07
1989254N17145,1989,Western Pacific,VERA,1989-09-15 09:00:00,27.9,122.2,40.0,0,POINT (122.2 27.9),112,VERA_1989_09
1991288N19274,1991,North Atlantic,FABIAN,1991-10-16 15:00:00,25.7,-79.3,40.0,0,POINT (-79.3 25.7),64,FABIAN_1991_10
2015036S20038,2015,South Indian,FUNDI,2015-02-07 00:00:00,-23.3,42.9,40.0,0,POINT (42.9 -23.3),20,FUNDI_2015_02
2019261N28264,2019,North Atlantic,IMELDA,2019-09-17 17:45:00,28.9,-95.4,40.0,0,POINT (-95.4 28.9),95,IMELDA_2019_09
1996211N13270,1996,Eastern Pacific,DOUGLAS,1996-07-29 06:00:00,13.1,-91.6,40.0,0,POINT (-91.6 13.1),95,DOUGLAS_1996_07
2007323N09128,2007,Western Pacific,HAGIBIS,2007-11-20 12:00:00,9.6,118.4,40.0,0,POINT (118.4 9.6),47,HAGIBIS_2007_11
2005205N19267,2005,North Atlantic,GERT,2005-07-25 00:00:00,21.8,-97.6,40.0,0,POINT (-97.6 21.8),95,GERT_2005_07
1986142N13253,1986,Eastern Pacific,AGATHA,1986-05-27 06:00:00,15.8,-100.0,40.0,0,POINT (-100 15.8),95,AGATHA_1986_05
1984189N11265,1984,Eastern Pacific,GENEVIEVE,1984-07-13 09:00:00,21.9,-110.2,40.0,0,POINT (-110.2 21.9),95,GENEVIEVE_1984_07
2015085N06162,2015,Western Pacific,MAYSAK,2015-04-04 18:00:00,16.0,123.2,40.0,0,POINT (123.2 16),51,MAYSAK_2015_04
2015099S13163,2015,South Pacific,SOLO,2015-04-11 18:00:00,-19.3,164.2,40.0,0,POINT (164.2 -19.3),14,SOLO_2015_04
2019265N12301,2019,North Atlantic,KAREN,2019-09-24 21:00:00,18.0,-65.5,40.0,0,POINT (-65.5 18),52,KAREN_2019_09
1996250N08148,1996,Western Pacific,UNNAMED,1996-09-12 18:00:00,16.8,108.8,40.0,0,POINT (108.8 16.8),112,UNNAMED_1996_09
1997161N14266,1997,Eastern Pacific,BLANCA,1997-06-10 06:00:00,14.8,-96.9,40.0,0,POINT (-96.9 14.8),95,BLANCA_1997_06
2002178N10139,2002,Western Pacific,RAMMASUN,2002-07-05 18:00:00,35.1,125.4,40.0,0,POINT (125.4 35.1),112,RAMMASUN_2002_07
2023232N13300,2023,North Atlantic,FRANKLIN,2023-08-23 06:00:00,17.3,-71.4,40.0,0,POINT (-71.4 17.3),54,FRANKLIN_2023_08
2007151N18273,2007,North Atlantic,BARRY,2007-06-03 06:00:00,32.1,-81.0,40.0,-4,POINT (-81 32.1),95,BARRY_2007_06
1991313N10095,1991,North Indian,UNNAMED,1991-11-15 00:00:00,11.3,79.6,40.0,0,POINT (79.6 11.3),112,UNNAMED_1991_11
2001220N17118,2001,Western Pacific,USAGI,2001-08-10 12:00:00,18.1,107.5,40.0,0,POINT (107.5 18.1),112,USAGI_2001_08
1984285N17089,1984,North Indian,UNNAMED,1984-10-13 12:00:00,20.3,87.8,40.0,0,POINT (87.8 20.3),112,UNNAMED_1984_10
2007062S14119,2007,South Indian,JACOB,2007-03-11 18:00:00,-19.8,116.8,40.0,0,POINT (116.8 -19.8),21,JACOB_2007_03
2020034S13063,2020,South Indian,FRANCISCO,2020-02-13 18:00:00,-18.3,50.0,40.0,0,POINT (50 -18.3),20,FRANCISCO_2020_02
1985323N05107,1985,Western Pacific,GORDON,1985-11-25 06:00:00,12.1,110.1,40.0,0,POINT (110.1 12.1),112,GORDON_1985_11
2017277N14265,2017,Eastern Pacific,RAMON,2017-10-04 09:00:00,14.8,-96.0,40.0,0,POINT (-96 14.8),95,RAMON_2017_10
1985043S16042,1985,South Indian,FELIKSA,1985-02-14 06:00:00,-15.1,45.9,40.0,0,POINT (45.9 -15.1),20,FELIKSA_1985_02
2005271N17255,2005,Eastern Pacific,OTIS,2005-10-03 06:00:00,23.9,-112.7,40.0,0,POINT (-112.7 23.9),95,OTIS_2005_10
2006294N16254,2006,Eastern Pacific,PAUL,2006-10-25 09:00:00,22.1,-109.8,40.0,0,POINT (-109.8 22.1),95,PAUL_2006_10
1996305N11121,1996,Western Pacific,UNNAMED,1996-11-02 18:00:00,14.1,109.8,40.0,0,POINT (109.8 14.1),112,UNNAMED_1996_11
2005274N17086,2005,North Indian,UNNAMED,2005-10-02 12:00:00,20.2,87.1,40.0,0,POINT (87.1 20.2),112,UNNAMED_2005_10
2006256N12338,2006,North Atlantic,HELENE,2006-09-27 12:00:00,53.9,-10.1,40.0,-4,POINT (-10.1 53.9),80,HELENE_2006_09
2006180N06140,2006,Western Pacific,EWINIAR,2006-07-10 00:00:00,33.7,126.2,40.0,0,POINT (126.2 33.7),112,EWINIAR_2006_07
2021312N07090,2021,North Indian,UNNAMED,2021-11-11 06:00:00,12.8,80.8,40.0,0,POINT (80.8 12.8),112,UNNAMED_2021_11
1998261N27270,1998,North Atlantic,HERMINE,1998-09-19 18:00:00,28.3,-91.1,40.0,0,POINT (-91.1 28.3),95,HERMINE_1998_09
2006174N08135,2006,Western Pacific,JELAWAT,2006-06-28 03:00:00,19.4,111.7,40.0,0,POINT (111.7 19.4),55,JELAWAT_2006_06
2016194N15255,2016,Eastern Pacific,DARBY,2016-07-23 18:00:00,18.8,-154.4,40.0,0,POINT (-154.4 18.8),56,DARBY_2016_07
2001365S12138,2002,South Pacific,BERNIE,2002-01-04 06:00:00,-16.1,139.1,40.0,0,POINT (139.1 -16.1),21,BERNIE_2002_01
2019293N17257,2019,Eastern Pacific,PRISCILLA,2019-10-20 12:00:00,17.9,-104.0,40.0,0,POINT (-104 17.9),95,PRISCILLA_2019_10
2016074S16137,2016,South Pacific,UNNAMED,2016-03-16 03:00:00,-16.5,140.6,40.0,0,POINT (140.6 -16.5),21,UNNAMED_2016_03
2006017S15126,2006,South Indian,DARYL,2006-01-19 12:00:00,-16.9,121.5,40.0,0,POINT (121.5 -16.9),21,DARYL_2006_01
1985280N18291,1985,North Atlantic,ISABEL,1985-10-07 12:00:00,19.8,-71.2,40.0,0,POINT (-71.2 19.8),54,ISABEL_1985_10
2016171N19268,2016,North Atlantic,DANIELLE,2016-06-20 12:00:00,20.7,-96.1,40.0,0,POINT (-96.1 20.7),95,DANIELLE_2016_06
2026035N09133,2026,Western Pacific,PENHA,2026-02-05 12:00:00,8.5,127.0,39.0,0,POINT (127 8.5),43,PENHA_2026_02
2026021S18159,2026,South Pacific,UNNAMED,2026-01-21 21:00:00,-22.8,165.6,39.0,0,POINT (165.6 -22.8),14,UNNAMED_2026_01
2025240N15116,2025,Western Pacific,NONGFA,2025-08-30 06:00:00,17.9,106.6,39.0,0,POINT (106.6 17.9),112,NONGFA_2025_08
2025196N33141,2025,Western Pacific,UNNAMED,2025-07-15 12:00:00,36.5,141.0,39.0,0,POINT (141 36.5),71,UNNAMED_2025_07
2025192N25140,2025,Western Pacific,NARI,2025-07-14 18:00:00,42.5,143.6,39.0,0,POINT (143.6 42.5),73,NARI_2025_07
2025104S15168,2025,South Pacific,TAM,2025-04-14 15:00:00,-17.2,168.5,39.0,0,POINT (168.5 -17.2),18,TAM_2025_04
2025024S11082,2025,South Indian,FAIDA,2025-02-04 00:00:00,-18.6,50.1,39.0,0,POINT (50.1 -18.6),20,FAIDA_2025_02
2020339S09106,2021,South Indian,UNNAMED,2020-12-11 03:00:00,-20.4,118.2,38.0,0,POINT (118.2 -20.4),21,UNNAMED_2020_12
1984339S05102,1985,South Indian,EMMA,1984-12-12 09:00:00,-20.6,116.1,38.0,0,POINT (116.1 -20.6),21,EMMA_1984_12
2015157N13069,2015,North Indian,ASHOBAA,2015-06-11 15:00:00,20.8,59.9,38.0,0,POINT (59.9 20.8),112,ASHOBAA_2015_06
1993227N14301,1993,North Atlantic,CINDY,1993-08-16 15:00:00,17.6,-70.0,38.0,0,POINT (-70 17.6),54,CINDY_1993_08
1996217N16111,1996,Western Pacific,LISA,1996-08-06 09:00:00,22.4,116.6,38.0,0,POINT (116.6 22.4),112,LISA_1996_08
1986302N05178,1986,Western Pacific,HERBERT,1986-11-08 03:00:00,13.2,119.4,38.0,0,POINT (119.4 13.2),50,HERBERT_1986_11
1983282N09155,1983,Western Pacific,KIM,1983-10-16 21:00:00,10.7,109.3,38.0,0,POINT (109.3 10.7),112,KIM_1983_10
1989333N17276,1989,North Atlantic,KAREN,1989-12-03 21:00:00,16.7,-84.2,38.0,0,POINT (-84.2 16.7),95,KAREN_1989_12
1996042S13139,1996,South Pacific,DENNIS,1996-02-15 21:00:00,-12.5,144.0,38.0,0,POINT (144 -12.5),21,DENNIS_1996_02
2021222N12262,2021,Eastern Pacific,LINDA,2021-08-23 09:00:00,21.0,-155.2,38.0,-3,POINT (-155.2 21),56,LINDA_2021_08
2014153N12267,2014,Eastern Pacific,BORIS,2014-06-03 21:00:00,15.1,-94.0,38.0,0,POINT (-94 15.1),95,BORIS_2014_06
2020238N16252,2020,Eastern Pacific,HERNAN,2020-08-27 15:00:00,19.0,-106.0,38.0,0,POINT (-106 19),95,HERNAN_2020_08
1998216N09260,1998,Eastern Pacific,FRANK,1998-08-09 03:00:00,25.9,-113.6,38.0,0,POINT (-113.6 25.9),95,FRANK_1998_08
2004193N19136,2004,Western Pacific,KOMPASU,2004-07-16 03:00:00,21.7,114.7,38.0,0,POINT (114.7 21.7),112,KOMPASU_2004_07
2004283N24265,2004,North Atlantic,MATTHEW,2004-10-10 09:00:00,28.8,-91.1,37.0,0,POINT (-91.1 28.8),95,MATTHEW_2004_10
2013305N16252,2013,Eastern Pacific,SONIA,2013-11-04 03:00:00,23.8,-107.9,37.0,0,POINT (-107.9 23.8),95,SONIA_2013_11
1991360S13058,1992,South Indian,BRYNA,1992-01-02 03:00:00,-15.4,51.2,36.0,0,POINT (51.2 -15.4),20,BRYNA_1992_01
1998056S14139,1998,South Pacific,MAY,1998-02-26 09:00:00,-16.9,138.9,35.0,0,POINT (138.9 -16.9),21,MAY_1998_02
1990312N12121,1990,Western Pacific,NELL,1990-11-12 00:00:00,12.7,109.9,35.0,0,POINT (109.9 12.7),112,NELL_1990_11
1990343S10128,1991,South Indian,LAURENCE,1990-12-11 18:00:00,-13.6,128.0,35.0,0,POINT (128 -13.6),21,LAURENCE_1990_12
2012297N11067,2012,North Indian,MURJAN,2012-10-25 12:00:00,9.6,50.9,35.0,0,POINT (50.9 9.6),112,MURJAN_2012_10
1988219N32283,1988,North Atlantic,ALBERTO,1988-08-08 06:00:00,47.0,-63.0,35.0,0,POINT (-63 47),74,ALBERTO_1988_08
1999288N12129,1999,Western Pacific,EVE,1999-10-19 06:00:00,15.6,109.0,35.0,0,POINT (109 15.6),112,EVE_1999_10
1990348N04087,1990,North Indian,UNNAMED,1990-12-18 12:00:00,20.6,91.8,35.0,0,POINT (91.8 20.6),112,UNNAMED_1990_12
2012006S15043,2012,South Indian,CHANDA,2012-01-08 18:00:00,-20.2,43.7,35.0,0,POINT (43.7 -20.2),20,CHANDA_2012_01
2003230N18125,2003,Western Pacific,VAMCO,2003-08-20 00:00:00,27.3,121.0,35.0,0,POINT (121 27.3),112,VAMCO_2003_08
2003067S13130,2003,South Indian,CRAIG,2003-03-11 06:00:00,-11.9,132.9,35.0,0,POINT (132.9 -11.9),21,CRAIG_2003_03
2003243N24268,2003,North Atlantic,GRACE,2003-08-31 12:00:00,29.4,-95.2,35.0,0,POINT (-95.2 29.4),95,GRACE_2003_08
1995209N17122,1995,Western Pacific,UNNAMED,1995-07-28 03:00:00,17.4,122.6,35.0,0,POINT (122.6 17.4),51,UNNAMED_1995_07
2012359N08134,2012,Western Pacific,WUKONG,2012-12-26 00:00:00,11.1,123.3,35.0,0,POINT (123.3 11.1),46,WUKONG_2012_12
2018227N37315,2018,North Atlantic,ERNESTO,2018-08-19 06:00:00,55.0,-4.5,35.0,-4,POINT (-4.5 55),83,ERNESTO_2018_08
2011290N15090,2011,North Indian,UNNAMED,2011-10-19 06:00:00,20.6,91.5,35.0,0,POINT (91.5 20.6),112,UNNAMED_2011_10
1980284N09092,1980,North Indian,UNNAMED,1980-10-17 00:00:00,8.4,82.1,35.0,0,POINT (82.1 8.4),44,UNNAMED_1980_10
2022137S13171,2022,South Pacific,GINA,2022-05-19 15:00:00,-17.3,168.2,35.0,0,POINT (168.2 -17.3),18,GINA_2022_05
2024031S24154,2024,South Pacific,UNNAMED,2024-02-09 15:00:00,-17.0,166.8,35.0,0,POINT (166.8 -17),18,UNNAMED_2024_02
1990283N15129,1990,Western Pacific,JEANA,1990-10-14 00:00:00,12.8,110.0,35.0,0,POINT (110 12.8),112,JEANA_1990_10
1999302N11279,1999,North Atlantic,KATRINA,1999-10-30 00:00:00,13.8,-83.4,35.0,0,POINT (-83.4 13.8),95,KATRINA_1999_10
2021028S15128,2021,South Indian,UNNAMED,2021-02-04 18:00:00,-24.7,113.1,35.0,0,POINT (113.1 -24.7),21,UNNAMED_2021_02
2012362S08165,2013,South Pacific,FREDA,2013-01-02 09:00:00,-20.4,165.0,35.0,0,POINT (165 -20.4),14,FREDA_2013_01
1988050S13155,1988,South Pacific,CHARLIE,1988-02-28 12:00:00,-18.8,147.9,35.0,0,POINT (147.9 -18.8),21,CHARLIE_1988_02
1999310N09138,1999,Western Pacific,FRANKIE,1999-11-08 12:00:00,12.2,123.5,35.0,0,POINT (123.5 12.2),48,FRANKIE_1999_11
2022285N19266,2022,North Atlantic,KARL,2022-10-14 18:00:00,19.4,-92.6,35.0,0,POINT (-92.6 19.4),95,KARL_2022_10
2013001N04141,2013,Western Pacific,SONAMU,2013-01-04 00:00:00,8.5,116.5,35.0,0,POINT (116.5 8.5),47,SONAMU_2013_01
2025331N07081,2025,North Indian,DITWAH,2025-11-28 12:00:00,8.6,80.9,35.0,0,POINT (80.9 8.6),44,DITWAH_2025_11
2019182N18114,2019,Western Pacific,MUN,2019-07-03 09:00:00,19.4,107.9,35.0,0,POINT (107.9 19.4),55,MUN_2019_07
1980345N09092,1980,North Indian,UNNAMED,1980-12-17 00:00:00,8.5,82.2,35.0,0,POINT (82.2 8.5),44,UNNAMED_1980_12
2013020S17124,2013,South Indian,PETA,2013-01-23 06:00:00,-21.0,117.5,35.0,0,POINT (117.5 -21),21,PETA_2013_01
2018202N18116,2018,Western Pacific,UNNAMED,2018-07-21 12:00:00,18.9,120.8,35.0,0,POINT (120.8 18.9),51,UNNAMED_2018_07
2011208N22274,2011,North Atlantic,DON,2011-07-30 00:00:00,27.0,-96.9,35.0,0,POINT (-96.9 27),95,DON_2011_07
1990272N11121,1990,Western Pacific,IRA,1990-10-03 00:00:00,13.6,109.7,35.0,0,POINT (109.7 13.6),112,IRA_1990_10
2011167N08129,2011,Western Pacific,HAIMA,2011-06-23 12:00:00,21.2,110.0,35.0,0,POINT (110 21.2),112,HAIMA_2011_06
2011172N11133,2011,Western Pacific,MEARI,2011-06-26 06:00:00,36.8,123.0,35.0,0,POINT (123 36.8),112,MEARI_2011_06
2019205N23137,2019,Western Pacific,NARI,2019-07-26 18:00:00,33.3,135.9,35.0,0,POINT (135.9 33.3),71,NARI_2019_07
2003357N11142,2003,Western Pacific,UNNAMED,2003-12-27 06:00:00,11.1,126.6,35.0,0,POINT (126.6 11.1),49,UNNAMED_2003_12
2011160N18070,2011,North Indian,UNNAMED,2011-06-11 18:00:00,20.2,71.4,35.0,0,POINT (71.4 20.2),112,UNNAMED_2011_06
1995235N24281,1995,North Atlantic,JERRY,1995-08-23 12:00:00,26.4,-79.7,35.0,0,POINT (-79.7 26.4),64,JERRY_1995_08
2002307S07070,2003,South Indian,ATANG,2002-11-10 06:00:00,-11.4,49.6,35.0,0,POINT (49.6 -11.4),20,ATANG_2002_11
1998016S12043,1998,South Indian,UNNAMED,1998-01-22 18:00:00,-26.0,45.0,35.0,0,POINT (45 -26),20,UNNAMED_1998_01
2011088S10133,2011,South Indian,UNNAMED,2011-04-03 00:00:00,-14.8,125.6,35.0,0,POINT (125.6 -14.8),21,UNNAMED_2011_04
2004041S14147,2004,South Pacific,FRITZ,2004-02-12 03:00:00,-16.7,139.4,35.0,0,POINT (139.4 -16.7),21,FRITZ_2004_02
2016335N07088,2016,North Indian,NADA,2016-12-01 12:00:00,10.8,80.6,35.0,0,POINT (80.6 10.8),112,NADA_2016_12
2013171N15117,2013,Western Pacific,BEBINCA,2013-06-22 00:00:00,19.4,111.4,35.0,0,POINT (111.4 19.4),55,BEBINCA_2013_06
2022285N12116,2022,Western Pacific,SONCA,2022-10-14 18:00:00,15.2,109.1,35.0,0,POINT (109.1 15.2),112,SONCA_2022_10
2024096S11120,2024,South Indian,OLGA,2024-04-10 12:00:00,-20.4,115.2,35.0,0,POINT (115.2 -20.4),21,OLGA_2024_04
2021108S11067,2021,South Indian,JOBO,2021-04-24 12:00:00,-8.0,39.8,35.0,0,POINT (39.8 -8),112,JOBO_2021_04
2021099S15159,2021,South Pacific,UNNAMED,2021-04-10 18:00:00,-23.0,166.6,35.0,0,POINT (166.6 -23),14,UNNAMED_2021_04
2004074N03143,2004,Western Pacific,UNNAMED,2004-03-20 15:00:00,14.4,124.7,35.0,0,POINT (124.7 14.4),51,UNNAMED_2004_03
1987274N21249,1987,Eastern Pacific,PILAR,1987-10-01 06:00:00,22.4,-110.9,35.0,0,POINT (-110.9 22.4),95,PILAR_1987_10
2004098S15173,2004,South Pacific,UNNAMED,2004-04-08 09:00:00,-18.4,179.3,35.0,0,POINT (179.3 -18.4),15,UNNAMED_2004_04
1999218N21116,1999,Western Pacific,RACHEL,1999-08-07 00:00:00,22.7,119.3,35.0,0,POINT (119.3 22.7),63,RACHEL_1999_08
1991062N04156,1991,Western Pacific,SHARON,1991-03-12 21:00:00,9.4,126.6,35.0,0,POINT (126.6 9.4),43,SHARON_1991_03
1997308N08069,1997,North Indian,UNNAMED,1997-11-09 09:00:00,11.3,51.0,35.0,0,POINT (51 11.3),112,UNNAMED_1997_11
2025274N16087,2025,North Indian,UNNAMED,2025-10-02 12:00:00,19.5,84.7,35.0,0,POINT (84.7 19.5),112,UNNAMED_2025_10
2010264N20252,2010,Eastern Pacific,GEORGETTE,2010-09-21 18:00:00,23.0,-109.7,35.0,0,POINT (-109.7 23),95,GEORGETTE_2010_09
2018186N10325,2018,North Atlantic,BERYL,2018-07-10 00:00:00,17.6,-68.9,35.0,-3,POINT (-68.9 17.6),54,BERYL_2018_07
2021148N05142,2021,Western Pacific,CHOI-WAN,2021-06-01 06:00:00,11.1,126.7,35.0,0,POINT (126.7 11.1),49,CHOI-WAN_2021_06
1999159N18091,1999,North Indian,UNNAMED,1999-06-10 18:00:00,22.1,87.2,35.0,0,POINT (87.2 22.1),112,UNNAMED_1999_06
1990224N09328,1990,North Atlantic,FRAN,1990-08-14 09:00:00,10.0,-60.2,35.0,0,POINT (-60.2 10),45,FRAN_1990_08
1997288N20291,1997,North Atlantic,GRACE,1997-10-15 03:00:00,20.3,-69.3,35.0,0,POINT (-69.3 20.3),54,GRACE_1997_10
2004241N29295,2004,North Atlantic,HERMINE,2004-08-31 06:00:00,41.5,-70.9,35.0,0,POINT (-70.9 41.5),95,HERMINE_2004_08
2018263N17089,2018,North Indian,DAYE,2018-09-20 18:00:00,19.1,85.2,35.0,0,POINT (85.2 19.1),112,DAYE_2018_09
2016279N19130,2016,Western Pacific,AERE,2016-10-13 18:00:00,16.5,107.4,35.0,0,POINT (107.4 16.5),112,AERE_2016_10
2018165N22117,2018,Western Pacific,GAEMI,2018-06-15 06:00:00,23.3,121.8,35.0,0,POINT (121.8 23.3),63,GAEMI_2018_06
1987168N17118,1987,Western Pacific,RUTH,1987-06-18 18:00:00,20.8,112.7,35.0,0,POINT (112.7 20.8),112,RUTH_1987_06
2022088N09116,2022,Western Pacific,UNNAMED,2022-03-31 00:00:00,12.9,109.3,35.0,0,POINT (109.3 12.9),112,UNNAMED_2022_03
1981283N07132,1981,Western Pacific,FABIAN,1981-10-14 06:00:00,11.5,109.6,35.0,0,POINT (109.6 11.5),112,FABIAN_1981_10
2004255N23120,2004,Western Pacific,HAIMA,2004-09-11 18:00:00,24.4,122.1,35.0,0,POINT (122.1 24.4),63,HAIMA_2004_09
2013310N06066,2013,North Indian,UNNAMED,2013-11-11 06:00:00,8.9,49.2,35.0,0,POINT (49.2 8.9),112,UNNAMED_2013_11
2000202N12131,2000,Western Pacific,BOLAVEN,2000-07-30 06:00:00,32.8,128.6,35.0,0,POINT (128.6 32.8),71,BOLAVEN_2000_07
2025254N14262,2025,Eastern Pacific,MARIO,2025-09-12 03:00:00,16.2,-99.6,35.0,0,POINT (-99.6 16.2),95,MARIO_2025_09
1998249N16256,1998,Eastern Pacific,JAVIER,1998-09-13 09:00:00,19.0,-105.9,35.0,0,POINT (-105.9 19),95,JAVIER_1998_09
2000217N11342,2000,North Atlantic,ALBERTO,2000-08-24 12:00:00,65.5,-23.0,35.0,-4,POINT (-23 65.5),89,ALBERTO_2000_08
1982027S16120,1982,South Indian,GRAHAM,1982-02-01 06:00:00,-20.8,118.6,35.0,0,POINT (118.6 -20.8),21,GRAHAM_1982_02
2013324N07103,2013,North Indian,LEHAR,2013-11-28 09:00:00,15.5,81.4,35.0,0,POINT (81.4 15.5),112,LEHAR_2013_11
2009282N16252,2009,Eastern Pacific,PATRICIA,2009-10-14 00:00:00,22.4,-109.1,35.0,0,POINT (-109.1 22.4),95,PATRICIA_2009_10
2019242N18126,2019,Western Pacific,KAJIKI,2019-09-02 18:00:00,16.5,107.6,35.0,0,POINT (107.6 16.5),112,KAJIKI_2019_09
2002245N29281,2002,North Atlantic,EDOUARD,2002-09-05 00:00:00,29.4,-81.0,35.0,0,POINT (-81 29.4),95,EDOUARD_2002_09
2018279N11069,2018,North Indian,LUBAN,2018-10-14 06:00:00,15.9,52.2,35.0,0,POINT (52.2 15.9),112,LUBAN_2018_10
2014029N10143,2014,Western Pacific,KAJIKI,2014-01-31 12:00:00,10.3,126.0,35.0,0,POINT (126 10.3),43,KAJIKI_2014_01
1994064S15052,1994,South Indian,KELVINA,1994-03-06 15:00:00,-16.5,51.0,35.0,0,POINT (51 -16.5),20,KELVINA_1994_03
1982176N18114,1982,Western Pacific,TESS:VAL,1982-06-30 18:00:00,21.5,114.3,35.0,0,POINT (114.3 21.5),112,TESS:VAL_1982_06
1994047S16124,1994,South Indian,UNNAMED,1994-02-20 03:00:00,-19.3,120.2,35.0,0,POINT (120.2 -19.3),21,UNNAMED_1994_02
2022259N12265,2022,Eastern Pacific,LESTER,2022-09-17 06:00:00,15.1,-97.4,35.0,0,POINT (-97.4 15.1),95,LESTER_2022_09
1997238N19112,1997,Western Pacific,CASS,1997-08-30 06:00:00,24.8,118.2,35.0,0,POINT (118.2 24.8),112,CASS_1997_08
2005180N20265,2005,North Atlantic,BRET,2005-06-28 22:35:00,19.9,-95.7,35.0,0,POINT (-95.7 19.9),95,BRET_2005_06
1986275N10134,1986,Western Pacific,DOM,1986-10-11 06:00:00,17.2,107.7,35.0,0,POINT (107.7 17.2),112,DOM_1986_10
2009045S18174,2009,South Pacific,INNIS,2009-02-17 03:00:00,-21.2,164.5,35.0,0,POINT (164.5 -21.2),14,INNIS_2009_02
2009031S16147,2009,South Pacific,ELLIE,2009-02-01 12:00:00,-17.9,146.2,35.0,0,POINT (146.2 -17.9),21,ELLIE_2009_02
1989084S18122,1989,South Indian,NED,1989-04-01 00:00:00,-32.6,115.6,35.0,0,POINT (115.6 -32.6),21,NED_1989_04
2002217N29272,2002,North Atlantic,BERTHA,2002-08-05 01:00:00,29.4,-89.2,35.0,0,POINT (-89.2 29.4),95,BERTHA_2002_08
2000270N11330,2000,North Atlantic,JOYCE,2000-10-01 12:00:00,11.3,-60.9,35.0,0,POINT (-60.9 11.3),45,JOYCE_2000_10
2020220N14128,2020,Western Pacific,JANGMI,2020-08-10 09:00:00,35.9,129.2,35.0,0,POINT (129.2 35.9),112,JANGMI_2020_08
1994028S11136,1994,South Pacific,SADIE,1994-01-30 15:00:00,-15.9,141.2,35.0,0,POINT (141.2 -15.9),21,SADIE_1994_01
2002199N08130,2002,Western Pacific,UNNAMED,2002-07-20 12:00:00,13.7,122.0,35.0,0,POINT (122 13.7),50,UNNAMED_2002_07
2016232N22153,2016,Western Pacific,KOMPASU,2016-08-21 00:00:00,38.9,142.7,35.0,0,POINT (142.7 38.9),71,KOMPASU_2016_08
2002189N21116,2002,Western Pacific,NAKRI,2002-07-10 00:00:00,24.9,121.4,35.0,0,POINT (121.4 24.9),63,NAKRI_2002_07
2008286N17109,2008,Western Pacific,UNNAMED,2008-10-14 12:00:00,19.2,107.7,35.0,0,POINT (107.7 19.2),55,UNNAMED_2008_10
2005202N13138,2005,Western Pacific,BANYAN,2005-07-26 15:00:00,36.1,141.4,35.0,0,POINT (141.4 36.1),71,BANYAN_2005_07
2022221N24149,2022,Western Pacific,MEARI,2022-08-13 00:00:00,33.8,137.3,35.0,0,POINT (137.3 33.8),71,MEARI_2022_08
2023160N20092,2023,North Indian,UNNAMED,2023-06-09 18:00:00,20.2,91.6,35.0,0,POINT (91.6 20.2),112,UNNAMED_2023_06
2000299N13093,2000,North Indian,UNNAMED,2000-10-28 00:00:00,21.6,89.0,35.0,0,POINT (89 21.6),112,UNNAMED_2000_10
2019021S09128,2019,South Indian,RILEY,2019-01-23 18:00:00,-16.6,121.7,35.0,0,POINT (121.7 -16.6),21,RILEY_2019_01
1983019S14176,1983,South Pacific,MARK,1983-01-30 06:00:00,-17.0,177.1,35.0,0,POINT (177.1 -17),15,MARK_1983_01
1998343N08114,1998,Western Pacific,GIL,1998-12-11 00:00:00,8.1,105.0,35.0,0,POINT (105 8.1),112,GIL_1998_12
1998346N10072,1998,North Indian,UNNAMED,1998-12-17 06:00:00,18.7,57.4,35.0,0,POINT (57.4 18.7),112,UNNAMED_1998_12
1993025S12136,1993,South Indian,UNNAMED,1993-01-27 03:00:00,-14.4,134.8,35.0,0,POINT (134.8 -14.4),21,UNNAMED_1993_01
1997147S12168,1997,South Pacific,UNNAMED,1997-05-29 06:00:00,-16.5,168.3,35.0,0,POINT (168.3 -16.5),18,UNNAMED_1997_05
1983167N05145,1983,Western Pacific,SARAH,1983-06-25 09:00:00,15.9,109.5,35.0,0,POINT (109.5 15.9),112,SARAH_1983_06
1993016S16042,1993,South Indian,DESSILIA,1993-01-20 12:00:00,-20.9,43.4,35.0,0,POINT (43.4 -20.9),20,DESSILIA_1993_01
1986006N03087,1986,North Indian,UNNAMED,1986-01-10 06:00:00,8.3,82.4,35.0,0,POINT (82.4 8.3),44,UNNAMED_1986_01
2022183N32280,2022,North Atlantic,COLIN,2022-07-02 12:00:00,33.4,-79.4,35.0,0,POINT (-79.4 33.4),95,COLIN_2022_07
2024259N17126,2024,Western Pacific,SOULIK,2024-09-19 06:00:00,16.9,107.2,35.0,0,POINT (107.2 16.9),112,SOULIK_2024_09
2024259N12145,2024,Western Pacific,PULASAN,2024-09-21 12:00:00,34.5,128.4,35.0,-4,POINT (128.4 34.5),112,PULASAN_2024_09
1997053S12142,1997,South Pacific,ITA,1997-02-24 12:00:00,-19.8,147.4,35.0,0,POINT (147.4 -19.8),21,ITA_1997_02
1997039S10155,1997,South Pacific,GILLIAN,1997-02-12 00:00:00,-18.4,147.2,35.0,0,POINT (147.2 -18.4),21,GILLIAN_1997_02
2014294N20265,2014,North Atlantic,HANNA,2014-10-27 09:00:00,14.9,-82.7,35.0,0,POINT (-82.7 14.9),95,HANNA_2014_10
2002073S16161,2002,South Pacific,UNNAMED,2002-03-14 21:00:00,-20.5,166.3,35.0,0,POINT (166.3 -20.5),14,UNNAMED_2002_03
2001039S13117,2001,South Indian,VINCENT,2001-02-15 10:00:00,-18.2,120.8,35.0,0,POINT (120.8 -18.2),21,VINCENT_2001_02
2020152N12269,2020,Eastern Pacific,AMANDA,2020-05-31 12:00:00,14.1,-90.3,35.0,0,POINT (-90.3 14.1),95,AMANDA_2020_05
2025129S08138,2025,South Pacific,UNNAMED,2025-05-11 06:00:00,-8.9,138.4,35.0,0,POINT (138.4 -8.9),38,UNNAMED_2025_05
2001047S17157,2001,South Pacific,UNNAMED,2001-02-17 18:00:00,-20.4,166.3,35.0,0,POINT (166.3 -20.4),14,UNNAMED_2001_02
2025106S10135,2025,South Pacific,UNNAMED,2025-04-21 06:00:00,-12.0,137.6,35.0,0,POINT (137.6 -12),21,UNNAMED_2025_04
2018039N08151,2018,Western Pacific,SANBA,2018-02-13 00:00:00,9.2,126.1,35.0,0,POINT (126.1 9.2),43,SANBA_2018_02
2018038S15172,2018,South Pacific,GITA,2018-02-08 12:00:00,-15.7,180.7,35.0,0,POINT (180.7 -15.7),16,GITA_2018_02
2008080S17163,2008,South Pacific,UNNAMED,2008-03-20 18:00:00,-19.4,163.8,35.0,0,POINT (163.8 -19.4),14,UNNAMED_2008_03
2006057S12114,2006,South Indian,EMMA,2006-02-28 00:00:00,-20.5,115.7,35.0,0,POINT (115.7 -20.5),21,EMMA_2006_02
1985265N30286,1985,North Atlantic,HENRI,1985-09-24 21:00:00,40.8,-72.5,35.0,0,POINT (-72.5 40.8),95,HENRI_1985_09
2007317S10150,2008,South Pacific,GUBA,2007-11-14 00:00:00,-10.5,147.2,35.0,0,POINT (147.2 -10.5),38,GUBA_2007_11
2001338N10130,2001,Western Pacific,KAJIKI,2001-12-06 18:00:00,11.9,119.4,35.0,0,POINT (119.4 11.9),47,KAJIKI_2001_12
2025017S18122,2025,South Indian,SEAN,2025-01-18 00:00:00,-19.4,119.2,35.0,0,POINT (119.2 -19.4),21,SEAN_2025_01
1984076S13173,1984,South Pacific,CYRIL,1984-03-17 21:00:00,-18.6,176.6,35.0,0,POINT (176.6 -18.6),15,CYRIL_1984_03
2015064S14052,2015,South Indian,HALIBA,2015-03-07 21:00:00,-19.2,50.0,35.0,0,POINT (50 -19.2),20,HALIBA_2015_03
2017312N10134,2017,Western Pacific,HAIKUI,2017-11-10 00:00:00,15.0,119.1,35.0,0,POINT (119.1 15),51,HAIKUI_2017_11
1984159N12116,1984,Western Pacific,VERNON,1984-06-10 03:00:00,15.8,109.4,35.0,0,POINT (109.4 15.8),112,VERNON_1984_06
1984145N11056,1984,North Indian,UNNAMED,1984-05-28 00:00:00,10.9,44.8,35.0,0,POINT (44.8 10.9),112,UNNAMED_1984_05
2017300N10271,2017,Eastern Pacific,SELMA,2017-10-28 09:00:00,13.1,-89.0,35.0,0,POINT (-89 13.1),95,SELMA_2017_10
2017301N18276,2017,North Atlantic,PHILIPPE,2017-10-28 22:00:00,22.2,-81.6,35.0,0,POINT (-81.6 22.2),61,PHILIPPE_2017_10
1989221N10149,1989,Western Pacific,NANCY,1989-08-16 12:00:00,42.7,145.6,35.0,0,POINT (145.6 42.7),73,NANCY_1989_08
1984270N13262,1984,Eastern Pacific,POLO,1984-10-03 03:00:00,23.5,-111.8,35.0,0,POINT (-111.8 23.5),95,POLO_1984_10
1998285N14068,1998,North Indian,UNNAMED,1998-10-17 06:00:00,20.7,69.5,35.0,0,POINT (69.5 20.7),112,UNNAMED_1998_10
2007184N16112,2007,Western Pacific,TORAJI,2007-07-05 06:00:00,21.1,108.3,35.0,0,POINT (108.3 21.1),112,TORAJI_2007_07
2006182N20088,2006,North Indian,UNNAMED,2006-07-02 12:00:00,20.4,87.4,35.0,0,POINT (87.4 20.4),112,UNNAMED_2006_07
2001189N13130,2001,Western Pacific,TRAMI,2001-07-11 12:00:00,22.8,120.9,35.0,0,POINT (120.9 22.8),63,TRAMI_2001_07
1993069S08164,1993,South Pacific,ROGER,1993-03-21 18:00:00,-22.9,165.6,35.0,0,POINT (165.6 -22.9),14,ROGER_1993_03
2021296N06127,2021,Western Pacific,UNNAMED,2021-10-26 22:00:00,12.2,109.3,35.0,0,POINT (109.3 12.2),112,UNNAMED_2021_10
1989169N16142,1989,Western Pacific,ELLIS,1989-06-24 06:00:00,34.9,131.6,35.0,0,POINT (131.6 34.9),71,ELLIS_1989_06
2021264N13119,2021,Western Pacific,DIANMU,2021-09-23 12:00:00,15.3,109.3,35.0,0,POINT (109.3 15.3),112,DIANMU_2021_09
1984284N11116,1984,Western Pacific,SUSAN,1984-10-12 09:00:00,12.3,109.5,35.0,0,POINT (109.5 12.3),112,SUSAN_1984_10
2007091S14175,2007,South Pacific,CLIFF,2007-04-04 06:00:00,-17.1,180.6,35.0,0,POINT (180.6 -17.1),16,CLIFF_2007_04
2015274N13201,2015,Eastern Pacific,OHO,2015-10-10 06:00:00,59.5,-142.0,35.0,-4,POINT (-142 59.5),95,OHO_2015_10
2024275N14264,2024,Eastern Pacific,UNNAMED,2024-10-02 06:00:00,15.2,-95.5,35.0,0,POINT (-95.5 15.2),95,UNNAMED_2024_10
2007033S12177,2007,South Pacific,UNNAMED,2007-02-04 06:00:00,-17.2,179.9,35.0,0,POINT (179.9 -17.2),16,UNNAMED_2007_02
2015203N16126,2015,Western Pacific,UNNAMED,2015-07-23 18:00:00,18.0,123.3,35.0,0,POINT (123.3 18),51,UNNAMED_2015_07
2006365S12114,2007,South Indian,ISOBEL,2007-01-03 00:00:00,-18.7,120.5,35.0,0,POINT (120.5 -18.7),21,ISOBEL_2007_01
1985033S12157,1985,South Pacific,UNNAMED,1985-02-05 18:00:00,-13.2,144.2,35.0,0,POINT (144.2 -13.2),21,UNNAMED_1985_02
1993169N21268,1993,North Atlantic,ARLENE,1993-06-19 15:00:00,26.1,-96.2,35.0,0,POINT (-96.2 26.1),95,ARLENE_1993_06
2015270N27291,2015,North Atlantic,JOAQUIN,2015-10-12 12:00:00,39.5,-9.1,35.0,-4,POINT (-9.1 39.5),112,JOAQUIN_2015_10
2015256N16113,2015,Western Pacific,VAMCO,2015-09-14 12:00:00,15.6,108.9,35.0,0,POINT (108.9 15.6),112,VAMCO_2015_09
1994347S09167,1995,South Pacific,UNNAMED,1994-12-15 15:00:00,-16.1,180.7,35.0,0,POINT (180.7 -16.1),16,UNNAMED_1994_12
1980075S11072,1980,South Indian,UNNAMED,1980-03-20 00:00:00,-15.0,50.0,35.0,0,POINT (50 -15),20,UNNAMED_1980_03
2005281N26303,2005,North Atlantic,UNNAMED,2005-10-14 15:00:00,39.1,-73.8,33.0,-4,POINT (-73.8 39.1),95,UNNAMED_2005_10
2006271N18089,2006,North Indian,UNNAMED,2006-09-29 03:00:00,18.9,85.9,33.0,-1,POINT (85.9 18.9),112,UNNAMED_2006_09
2020160N10133,2020,Western Pacific,NURI,2020-06-13 21:00:00,21.2,112.7,33.0,-1,POINT (112.7 21.2),112,NURI_2020_06
2014056S18175,2014,South Pacific,KOFI,2014-02-28 09:00:00,-16.6,180.9,33.0,-1,POINT (180.9 -16.6),16,KOFI_2014_02
1992050S19155,1992,South Pacific,UNNAMED,1992-02-20 09:00:00,-22.5,151.5,33.0,-1,POINT (151.5 -22.5),21,UNNAMED_1992_02
1998264N10343,1998,North Atlantic,JEANNE,1998-10-03 21:00:00,39.0,-10.0,33.0,-4,POINT (-10 39),112,JEANNE_1998_10
1985041S14129,1985,South Indian,HUBERT,1985-02-12 03:00:00,-15.6,122.8,33.0,-1,POINT (122.8 -15.6),21,HUBERT_1985_02
1989260N13264,1989,Eastern Pacific,PRISCILLA,1989-09-21 15:00:00,18.9,-105.8,33.0,-1,POINT (-105.8 18.9),95,PRISCILLA_1989_09
2014066S09138,2014,South Indian,GILLIAN,2014-03-18 15:00:00,-9.5,126.9,33.0,-1,POINT (126.9 -9.5),26,GILLIAN_2014_03
1982207N09243,1982,Eastern Pacific,GILMA,1982-08-01 09:00:00,18.1,-155.3,33.0,-1,POINT (-155.3 18.1),56,GILMA_1982_08
2016148N27288,2016,North Atlantic,BONNIE,2016-05-29 09:00:00,32.2,-79.4,33.0,-1,POINT (-79.4 32.2),95,BONNIE_2016_05
2002200N21150,2002,Western Pacific,FUNG-WONG,2002-07-26 21:00:00,30.2,131.2,33.0,-1,POINT (131.2 30.2),71,FUNG-WONG_2002_07
2001323N05107,2001,Western Pacific,UNNAMED,2001-11-22 21:00:00,8.3,116.4,33.0,-1,POINT (116.4 8.3),47,UNNAMED_2001_11
1992297N26299,1992,North Atlantic,FRANCES,1992-10-29 15:00:00,43.2,-10.3,33.0,-4,POINT (-10.3 43.2),112,FRANCES_1992_10
1982091S03159,1982,South Pacific,BERNIE,1982-04-02 03:00:00,-8.6,158.4,33.0,-1,POINT (158.4 -8.6),29,BERNIE_1982_04
2009344N06085,2009,North Indian,WARD,2009-12-13 21:00:00,9.0,82.1,33.0,-1,POINT (82.1 9),44,WARD_2009_12
2013305N07141,2013,Western Pacific,UNNAMED,2013-11-05 03:00:00,10.8,118.2,33.0,-1,POINT (118.2 10.8),47,UNNAMED_2013_11
1991111N04145,1991,Western Pacific,VANESSA,1991-04-25 21:00:00,11.5,118.5,33.0,-1,POINT (118.5 11.5),47,VANESSA_1991_04
2021161N18115,2021,Western Pacific,KOGUMA,2021-06-12 15:00:00,19.8,107.0,33.0,-1,POINT (107 19.8),112,KOGUMA_2021_06
1999203N17129,1999,Western Pacific,NEIL,1999-07-27 03:00:00,33.9,126.8,33.0,-1,POINT (126.8 33.9),112,NEIL_1999_07
2018251N13343,2018,North Atlantic,HELENE,2018-09-07 21:00:00,13.5,-17.7,33.0,-1,POINT (-17.7 13.5),112,HELENE_2018_09
2004215N22148,2004,Western Pacific,MALOU,2004-08-04 09:00:00,32.7,135.4,33.0,-1,POINT (135.4 32.7),71,MALOU_2004_08
1981202N24123,1981,Western Pacific,NINA,1981-07-22 15:00:00,26.7,121.1,33.0,-1,POINT (121.1 26.7),112,NINA_1981_07
2013206N15238,2013,Eastern Pacific,FLOSSIE,2013-07-29 21:00:00,20.7,-154.9,33.0,-1,POINT (-154.9 20.7),56,FLOSSIE_2013_07
1987336N10085,1987,North Indian,UNNAMED,1987-12-11 15:00:00,16.6,72.5,33.0,-1,POINT (72.5 16.6),112,UNNAMED_1987_12
2003295N09101,2003,North Indian,UNNAMED,2003-10-28 03:00:00,17.9,84.2,33.0,-1,POINT (84.2 17.9),112,UNNAMED_2003_10
2017202N19124,2017,Western Pacific,ROKE,2017-07-22 21:00:00,22.0,115.5,33.0,-1,POINT (115.5 22),112,ROKE_2017_07
2019129S10160,2019,South Pacific,ANN,2019-05-14 21:00:00,-13.0,144.5,33.0,-1,POINT (144.5 -13),21,ANN_2019_05
2012092S16166,2012,South Pacific,DAPHNE,2012-04-01 15:00:00,-16.7,168.5,33.0,-1,POINT (168.5 -16.7),18,DAPHNE_2012_04
1995059S11155,1995,South Pacific,VIOLET,1995-03-07 09:00:00,-29.5,154.2,33.0,-1,POINT (154.2 -29.5),21,VIOLET_1995_03
2020203N09323,2020,North Atlantic,GONZALO,2020-07-25 15:00:00,10.5,-60.8,31.0,-1,POINT (-60.8 10.5),45,GONZALO_2020_07
2007219N15130,2007,Western Pacific,WUTIP,2007-08-08 21:00:00,22.9,122.1,30.0,-1,POINT (122.1 22.9),63,WUTIP_2007_08
2017267N18116,2017,Western Pacific,UNNAMED,2017-09-24 09:00:00,18.8,111.3,30.0,-1,POINT (111.3 18.8),55,UNNAMED_2017_09
1984251N21264,1984,North Atlantic,UNNAMED,1984-09-07 06:00:00,22.0,-96.6,30.0,-1,POINT (-96.6 22),95,UNNAMED_1984_09
2006155N16257,2006,Eastern Pacific,UNNAMED,2006-06-04 03:00:00,16.8,-102.1,30.0,-1,POINT (-102.1 16.8),95,UNNAMED_2006_06
2018321N10113,2018,Western Pacific,TORAJI,2018-11-18 00:00:00,11.4,109.8,30.0,-1,POINT (109.8 11.4),112,TORAJI_2018_11
2019301N05081,2019,North Indian,MAHA,2019-11-08 06:00:00,20.1,72.5,30.0,-1,POINT (72.5 20.1),112,MAHA_2019_11
1998260N16110,1998,Western Pacific,UNNAMED,1998-09-18 06:00:00,16.7,108.0,30.0,-1,POINT (108 16.7),112,UNNAMED_1998_09
1984171N20266,1984,North Atlantic,UNNAMED,1984-06-20 00:00:00,22.1,-98.0,30.0,-1,POINT (-98 22.1),95,UNNAMED_1984_06
2007265N29275,2007,North Atlantic,UNNAMED,2007-09-21 18:00:00,29.7,-86.1,30.0,-1,POINT (-86.1 29.7),95,UNNAMED_2007_09
2006075S14185,2006,South Pacific,WATI,2006-03-18 18:00:00,-14.9,167.5,30.0,-1,POINT (167.5 -14.9),19,WATI_2006_03
2015063S14042,2015,South Indian,UNNAMED,2015-03-07 09:00:00,-16.5,40.9,30.0,-1,POINT (40.9 -16.5),112,UNNAMED_2015_03
2017364N07138,2018,Western Pacific,BOLAVEN,2018-01-01 21:00:00,9.3,123.5,30.0,-1,POINT (123.5 9.3),43,BOLAVEN_2018_01
2016147N18115,2016,Western Pacific,UNNAMED,2016-05-27 06:00:00,21.3,112.3,30.0,-1,POINT (112.3 21.3),112,UNNAMED_2016_05
2016158N13261,2016,Eastern Pacific,UNNAMED,2016-06-07 15:00:00,15.3,-94.8,30.0,-1,POINT (-94.8 15.3),95,UNNAMED_2016_06
2019004N03175,2019,Western Pacific,UNNAMED,2019-01-21 12:00:00,12.5,126.0,30.0,-1,POINT (126 12.5),49,UNNAMED_2019_01
2001064S10052,2001,South Indian,DERA,2001-03-08 12:00:00,-17.1,39.9,30.0,-1,POINT (39.9 -17.1),112,DERA_2001_03
2005330N09096,2005,North Indian,BAAZ,2005-12-02 18:00:00,12.6,80.9,30.0,-1,POINT (80.9 12.6),112,BAAZ_2005_12
1983321N11111,1983,Western Pacific,PERCY,1983-11-23 12:00:00,8.9,116.4,30.0,-1,POINT (116.4 8.9),47,PERCY_1983_11
2005298N12088,2005,North Indian,UNNAMED,2005-10-28 09:00:00,15.4,80.2,30.0,-1,POINT (80.2 15.4),112,UNNAMED_2005_10
2008188N14260,2008,Eastern Pacific,UNNAMED,2008-07-06 21:00:00,17.1,-102.2,30.0,-1,POINT (-102.2 17.1),95,UNNAMED_2008_07
2019289N14267,2019,Eastern Pacific,UNNAMED,2019-10-16 09:00:00,15.4,-95.1,30.0,-3,POINT (-95.1 15.4),95,UNNAMED_2019_10
2021349N05108,2021,Western Pacific,UNNAMED,2021-12-16 15:00:00,4.2,103.7,30.0,-1,POINT (103.7 4.2),112,UNNAMED_2021_12
2021358S09130,2022,South Indian,SETH,2021-12-25 12:00:00,-12.6,130.2,30.0,-1,POINT (130.2 -12.6),21,SETH_2021_12
2005281N33339,2005,North Atlantic,VINCE,2005-10-11 06:00:00,36.7,-8.3,30.0,-1,POINT (-8.3 36.7),112,VINCE_2005_10
2005279N17111,2005,Western Pacific,UNNAMED,2005-10-07 06:00:00,16.7,109.0,30.0,-3,POINT (109 16.7),112,UNNAMED_2005_10
2016195S06076,2017,South Indian,ABELA,2016-07-20 09:00:00,-15.2,51.1,30.0,-1,POINT (51.1 -15.2),20,ABELA_2016_07
2002078N04138,2002,Western Pacific,UNNAMED,2002-03-21 09:00:00,8.1,126.1,30.0,-1,POINT (126.1 8.1),43,UNNAMED_2002_03
2002045S18049,2002,South Indian,GUILLAUME,2002-02-15 00:00:00,-16.4,51.0,30.0,-1,POINT (51 -16.4),20,GUILLAUME_2002_02
2024264N20128,2024,Western Pacific,UNNAMED,2024-09-21 15:00:00,25.7,121.2,30.0,-1,POINT (121.2 25.7),63,UNNAMED_2024_09
1985342N11283,1985,North Atlantic,UNNAMED,1985-12-08 15:00:00,10.4,-79.1,30.0,-1,POINT (-79.1 10.4),95,UNNAMED_1985_12
2014274N15260,2014,Eastern Pacific,SIMON,2014-10-08 06:00:00,28.1,-115.3,30.0,-3,POINT (-115.3 28.1),95,SIMON_2014_10
2008238N13130,2008,Western Pacific,UNNAMED,2008-08-27 06:00:00,18.0,122.9,30.0,-1,POINT (122.9 18),51,UNNAMED_2008_08
2020186N30289,2020,North Atlantic,EDOUARD,2020-07-09 00:00:00,52.0,-9.0,30.0,-4,POINT (-9 52),80,EDOUARD_2020_07
2017247N16132,2017,Western Pacific,GUCHOL,2017-09-06 12:00:00,21.7,120.0,30.0,-1,POINT (120 21.7),63,GUCHOL_2017_09
2002155N20112,2002,Western Pacific,NOGURI,2002-06-10 18:00:00,30.4,130.0,30.0,-1,POINT (130 30.4),71,NOGURI_2002_06
2023266N16116,2023,Western Pacific,UNNAMED,2023-09-25 12:00:00,16.0,108.4,30.0,-1,POINT (108.4 16),112,UNNAMED_2023_09
2008251N15256,2008,Eastern Pacific,LOWELL,2008-09-11 12:00:00,23.0,-109.7,30.0,-1,POINT (-109.7 23),95,LOWELL_2008_09
1989122S09162,1989,South Pacific,MEENA,1989-05-03 18:00:00,-11.5,161.6,30.0,-1,POINT (161.6 -11.5),22,MEENA_1989_05
2008253N29150,2008,Western Pacific,UNNAMED,2008-09-11 15:00:00,35.9,141.7,30.0,-1,POINT (141.7 35.9),71,UNNAMED_2008_09
2019018S24033,2019,South Indian,DESMOND,2019-01-21 18:00:00,-19.2,36.6,30.0,-1,POINT (36.6 -19.2),112,DESMOND_2019_01
2022211N20129,2022,Western Pacific,TRASES,2022-08-01 03:00:00,33.7,126.6,30.0,-1,POINT (126.6 33.7),112,TRASES_2022_08
1990059S13135,1990,South Pacific,GREG,1990-03-04 21:00:00,-16.1,139.0,30.0,-1,POINT (139 -16.1),21,GREG_1990_03
1982257N20291,1982,North Atlantic,DEBBY,1982-09-13 12:00:00,19.8,-69.5,30.0,-1,POINT (-69.5 19.8),54,DEBBY_1982_09
1986209N13139,1986,Western Pacific,SARAH,1986-08-04 15:00:00,34.8,140.7,30.0,-1,POINT (140.7 34.8),71,SARAH_1986_08
1996058N06137,1996,Western Pacific,UNNAMED,1996-03-01 12:00:00,10.5,121.0,30.0,-1,POINT (121 10.5),48,UNNAMED_1996_03
2014249N14118,2014,Western Pacific,UNNAMED,2014-09-07 15:00:00,19.7,111.8,30.0,-1,POINT (111.8 19.7),55,UNNAMED_2014_09
2008311N08128,2008,Western Pacific,MAYSAK,2008-11-06 18:00:00,12.4,120.1,30.0,-1,POINT (120.1 12.4),50,MAYSAK_2008_11
1999056S20035,1999,South Indian,UNNAMED,1999-02-28 18:00:00,-23.5,42.6,30.0,-1,POINT (42.6 -23.5),20,UNNAMED_1999_02
1999074S13118,1999,South Indian,ELAINE,1999-03-19 16:00:00,-25.8,112.5,30.0,-1,POINT (112.5 -25.8),21,ELAINE_1999_03
1991187N23264,1991,North Atlantic,UNNAMED,1991-07-06 12:00:00,23.3,-97.0,30.0,-1,POINT (-97 23.3),95,UNNAMED_1991_07
2009082S15154,2009,South Pacific,JASPER,2009-03-25 12:00:00,-21.3,163.7,30.0,-1,POINT (163.7 -21.3),14,JASPER_2009_03
2016255N12114,2016,Western Pacific,RAI,2016-09-12 15:00:00,15.1,109.5,30.0,-1,POINT (109.5 15.1),112,RAI_2016_09
2009167N14257,2009,Eastern Pacific,UNNAMED,2009-06-19 21:00:00,22.9,-106.7,30.0,-1,POINT (-106.7 22.9),95,UNNAMED_2009_06
1989053S15170,1989,South Pacific,IVY,1989-02-23 12:00:00,-17.2,167.6,30.0,-1,POINT (167.6 -17.2),18,IVY_1989_02
2009192N16130,2009,Western Pacific,UNNAMED,2009-07-13 03:00:00,22.5,121.9,30.0,-1,POINT (121.9 22.5),63,UNNAMED_2009_07
2009189N17129,2009,Western Pacific,SOUDELOR,2009-07-10 00:00:00,18.8,120.6,30.0,-1,POINT (120.6 18.8),51,SOUDELOR_2009_07
2021204N21146,2021,Western Pacific,NEPARTAK,2021-07-27 20:00:00,38.2,141.9,30.0,-2,POINT (141.9 38.2),71,NEPARTAK_2021_07
1994095S08129,1994,South Indian,VIVIENNE,1994-04-07 00:00:00,-11.1,123.3,30.0,-1,POINT (123.3 -11.1),26,VIVIENNE_1994_04
2009251N16118,2009,Western Pacific,MUJIGAE,2009-09-11 03:00:00,19.8,108.8,30.0,-1,POINT (108.8 19.8),55,MUJIGAE_2009_09
1992288N10089,1992,North Indian,UNNAMED,1992-10-21 09:00:00,20.6,91.3,30.0,-1,POINT (91.3 20.6),112,UNNAMED_1992_10
1991180N13267,1991,Eastern Pacific,UNNAMED,1991-06-29 12:00:00,15.4,-95.0,30.0,-1,POINT (-95 15.4),95,UNNAMED_1991_06
1994134N05161,1994,Western Pacific,UNNAMED,1994-05-24 12:00:00,11.9,123.4,30.0,-1,POINT (123.4 11.9),46,UNNAMED_1994_05
2001263N13278,2001,North Atlantic,UNNAMED,2001-09-19 21:00:00,13.6,-82.7,30.0,-1,POINT (-82.7 13.6),95,UNNAMED_2001_09
1993166N06131,1993,Western Pacific,UNNAMED,1993-06-18 18:00:00,12.2,125.9,30.0,-1,POINT (125.9 12.2),49,UNNAMED_1993_06
1993152N22276,1993,North Atlantic,UNNAMED,1993-06-01 12:00:00,25.4,-77.5,30.0,-1,POINT (-77.5 25.4),62,UNNAMED_1993_06
1987019S12140,1987,South Pacific,IRMA,1987-01-20 12:00:00,-13.6,135.8,30.0,-1,POINT (135.8 -13.6),21,IRMA_1987_01
2015264N24246,2015,Eastern Pacific,UNNAMED,2015-09-21 03:00:00,26.2,-113.2,30.0,-1,POINT (-113.2 26.2),95,UNNAMED_2015_09
2021185N13121,2021,Western Pacific,UNNAMED,2021-07-07 18:00:00,19.7,106.8,30.0,-1,POINT (106.8 19.7),112,UNNAMED_2021_07
2004332N02072,2004,North Indian,UNNAMED,2004-12-04 06:00:00,6.9,50.3,30.0,-1,POINT (50.3 6.9),112,UNNAMED_2004_12
2004299N18251,2004,Eastern Pacific,UNNAMED,2004-10-26 03:00:00,24.0,-108.6,30.0,-1,POINT (-108.6 24),95,UNNAMED_2004_10
2006282N14243,2006,Eastern Pacific,NORMAN,2006-10-15 12:00:00,18.2,-104.1,30.0,-1,POINT (-104.1 18.2),95,NORMAN_2006_10
1994157N17074,1994,North Indian,UNNAMED,1994-06-09 06:00:00,20.1,58.9,30.0,-1,POINT (58.9 20.1),112,UNNAMED_1994_06
2021186N16129,2021,Western Pacific,UNNAMED,2021-07-05 18:00:00,21.6,120.8,30.0,-1,POINT (120.8 21.6),63,UNNAMED_2021_07
1995334N09129,1995,Western Pacific,UNNAMED,1995-12-04 00:00:00,13.6,124.8,30.0,-1,POINT (124.8 13.6),51,UNNAMED_1995_12
1999096N10136,1999,Western Pacific,UNNAMED,1999-04-09 03:00:00,13.1,126.0,30.0,-1,POINT (126 13.1),49,UNNAMED_1999_04
1990180N09159,1990,Western Pacific,ROBYN,1990-07-11 12:00:00,33.8,127.0,30.0,-1,POINT (127 33.8),112,ROBYN_1990_07
2000222N28286,2000,North Atlantic,UNNAMED,2000-08-09 15:00:00,27.9,-77.6,30.0,-1,POINT (-77.6 27.9),65,UNNAMED_2000_08
1998275N12113,1998,Western Pacific,UNNAMED,1998-10-04 12:00:00,17.4,109.9,30.0,-1,POINT (109.9 17.4),55,UNNAMED_1998_10
2004274N16069,2004,North Indian,UNNAMED,2004-10-03 15:00:00,23.2,68.0,30.0,-1,POINT (68 23.2),112,UNNAMED_2004_10
1994181N17137,1994,Western Pacific,UNNAMED,1994-07-04 03:00:00,20.7,111.7,30.0,-1,POINT (111.7 20.7),112,UNNAMED_1994_07
2006253N20120,2006,Western Pacific,UNNAMED,2006-09-12 21:00:00,20.9,112.9,30.0,-1,POINT (112.9 20.9),112,UNNAMED_2006_09
2018268N14253,2018,Eastern Pacific,ROSA,2018-10-02 00:00:00,28.3,-115.7,30.0,-1,POINT (-115.7 28.3),95,ROSA_2018_10
1992178N25275,1992,North Atlantic,UNNAMED,1992-06-26 09:00:00,28.0,-83.5,30.0,-1,POINT (-83.5 28),95,UNNAMED_1992_06
1993178N14265,1993,Eastern Pacific,UNNAMED,1993-06-27 18:00:00,14.8,-96.5,30.0,-1,POINT (-96.5 14.8),95,UNNAMED_1993_06
1997270N18111,1997,Western Pacific,HANK,1997-10-03 21:00:00,15.6,109.6,30.0,-1,POINT (109.6 15.6),112,HANK_1997_10
1987140S08170,1987,South Pacific,BLANCH:BLANCHE,1987-05-22 03:00:00,-11.3,160.9,30.0,-1,POINT (160.9 -11.3),22,BLANCH:BLANCHE_1987_05
1987145N21292,1987,North Atlantic,UNNAMED,1987-05-30 06:00:00,25.8,-76.5,30.0,-1,POINT (-76.5 25.8),65,UNNAMED_1987_05
2004255N11267,2004,Eastern Pacific,JAVIER,2004-09-19 06:00:00,25.7,-113.2,30.0,-1,POINT (-113.2 25.7),95,JAVIER_2004_09
2000150N11117,2000,Western Pacific,UNNAMED,2000-05-31 15:00:00,15.1,109.9,30.0,-1,POINT (109.9 15.1),112,UNNAMED_2000_05
2018263N26249,2018,Eastern Pacific,UNNAMED,2018-09-19 18:00:00,26.7,-111.2,30.0,-1,POINT (-111.2 26.7),95,UNNAMED_2018_09
1984362S11165,1985,South Pacific,UNNAMED,1984-12-27 15:00:00,-14.0,167.5,30.0,-1,POINT (167.5 -14),19,UNNAMED_1984_12
2010167N15265,2010,Eastern Pacific,UNNAMED,2010-06-16 18:00:00,14.9,-95.9,30.0,-1,POINT (-95.9 14.9),95,UNNAMED_2010_06
1994189N16117,1994,Western Pacific,VANESSA,1994-07-10 18:00:00,17.9,119.6,30.0,-1,POINT (119.6 17.9),51,VANESSA_1994_07
1999111N08126,1999,Western Pacific,KATE,1999-04-22 06:00:00,11.3,125.6,30.0,-1,POINT (125.6 11.3),49,KATE_1999_04
2018164N21120,2018,Western Pacific,UNNAMED,2018-06-13 03:00:00,21.3,121.1,30.0,-2,POINT (121.1 21.3),63,UNNAMED_2018_06
2010188N21269,2010,North Atlantic,UNNAMED,2010-07-08 12:00:00,26.1,-96.6,30.0,-1,POINT (-96.6 26.1),95,UNNAMED_2010_07
1988291N15095,1988,North Indian,UNNAMED,1988-10-19 00:00:00,22.1,89.9,30.0,-1,POINT (89.9 22.1),112,UNNAMED_1988_10
1999184N20265,1999,North Atlantic,UNNAMED,1999-07-03 00:00:00,20.6,-96.3,30.0,-1,POINT (-96.3 20.6),95,UNNAMED_1999_07
1994201N32281,1994,North Atlantic,UNNAMED,1994-07-20 14:00:00,33.2,-79.2,30.0,-1,POINT (-79.2 33.2),95,UNNAMED_1994_07
1981239N21267,1981,North Atlantic,UNNAMED,1981-08-28 03:00:00,22.6,-97.0,30.0,-1,POINT (-97 22.6),95,UNNAMED_1981_08
2015209N07248,2015,Eastern Pacific,GUILLERMO,2015-08-07 09:00:00,22.2,-157.3,30.0,-1,POINT (-157.3 22.2),58,GUILLERMO_2015_08
1999201N25134,1999,Western Pacific,UNNAMED,1999-07-22 06:00:00,33.7,126.9,30.0,-1,POINT (126.9 33.7),112,UNNAMED_1999_07
2013250N22263,2013,North Atlantic,UNNAMED,2013-09-06 12:00:00,22.4,-97.4,30.0,-1,POINT (-97.4 22.4),95,UNNAMED_2013_09
1988294N13287,1988,North Atlantic,UNNAMED,1988-10-20 03:00:00,13.2,-72.1,30.0,-1,POINT (-72.1 13.2),95,UNNAMED_1988_10
2013248N16294,2013,North Atlantic,GABRIELLE,2013-09-05 09:00:00,17.2,-67.4,30.0,-1,POINT (-67.4 17.2),52,GABRIELLE_2013_09
2007037S19050,2007,South Indian,ENOK,2007-02-08 00:00:00,-16.2,51.2,30.0,-3,POINT (51.2 -16.2),20,ENOK_2007_02
2002258N15256,2002,Eastern Pacific,ISELLE,2002-09-19 18:00:00,23.8,-112.5,30.0,-1,POINT (-112.5 23.8),95,ISELLE_2002_09
1992265N18099,1992,North Indian,UNNAMED,1992-09-22 00:00:00,18.6,93.0,30.0,-1,POINT (93 18.6),112,UNNAMED_1992_09
1984343S10132,1985,South Indian,UNNAMED,1984-12-09 15:00:00,-11.4,130.8,30.0,-1,POINT (130.8 -11.4),21,UNNAMED_1984_12
1991074S11158,1991,South Pacific,UNNAMED,1991-03-19 09:00:00,-19.7,165.6,30.0,-1,POINT (165.6 -19.7),14,UNNAMED_1991_03
2010278N18110,2010,Western Pacific,UNNAMED,2010-10-05 00:00:00,18.5,109.2,30.0,-1,POINT (109.2 18.5),55,UNNAMED_2010_10
1981183N24281,1981,North Atlantic,UNNAMED,1981-07-03 12:00:00,31.0,-81.0,30.0,-1,POINT (-81 31),95,UNNAMED_1981_07
1987258N15253,1987,Eastern Pacific,NORMA,1987-09-20 00:00:00,24.0,-112.7,30.0,-1,POINT (-112.7 24),95,NORMA_1987_09
2020022S17043,2020,South Indian,DIANE,2020-01-23 18:00:00,-18.1,50.4,30.0,-1,POINT (50.4 -18.1),20,DIANE_2020_01
1995247N05144,1995,Western Pacific,UNNAMED,1995-09-10 06:00:00,13.9,110.0,30.0,-1,POINT (110 13.9),112,UNNAMED_1995_09
2015193N35285,2015,North Atlantic,CLAUDETTE,2015-07-15 12:00:00,46.0,-55.9,30.0,-3,POINT (-55.9 46),77,CLAUDETTE_2015_07
1987249N13297,1987,North Atlantic,UNNAMED,1987-09-06 21:00:00,13.1,-69.9,30.0,-1,POINT (-69.9 13.1),95,UNNAMED_1987_09
1987250N29282,1987,North Atlantic,UNNAMED,1987-09-07 21:00:00,32.9,-78.5,30.0,-1,POINT (-78.5 32.9),95,UNNAMED_1987_09
1981206N23268,1981,North Atlantic,UNNAMED,1981-07-26 06:00:00,24.8,-96.7,30.0,-1,POINT (-96.7 24.8),95,UNNAMED_1981_07
1987305N17283,1987,North Atlantic,UNNAMED,1987-10-31 21:00:00,17.0,-78.0,30.0,-1,POINT (-78 17),53,UNNAMED_1987_10
2006234N18109,2006,Western Pacific,UNNAMED,2006-08-24 18:00:00,21.5,112.6,30.0,-1,POINT (112.6 21.5),112,UNNAMED_2006_08
2021132N06132,2021,Western Pacific,UNNAMED,2021-05-13 12:00:00,7.4,127.2,30.0,-1,POINT (127.2 7.4),43,UNNAMED_2021_05
1998277N24122,1998,Western Pacific,UNNAMED,1998-10-06 15:00:00,24.7,122.8,30.0,-1,POINT (122.8 24.7),63,UNNAMED_1998_10
2010315N14112,2010,Western Pacific,UNNAMED,2010-11-14 00:00:00,14.8,108.8,30.0,-1,POINT (108.8 14.8),112,UNNAMED_2010_11
1985166N19111,1985,Western Pacific,UNNAMED,1985-06-19 21:00:00,18.7,109.9,30.0,-1,POINT (109.9 18.7),55,UNNAMED_1985_06
2024151N18113,2024,Western Pacific,MALIKSI,2024-05-31 12:00:00,20.9,111.4,30.0,-1,POINT (111.4 20.9),112,MALIKSI_2024_05
1987311N10148,1987,Western Pacific,MAURY,1987-11-14 00:00:00,13.2,125.7,30.0,-1,POINT (125.7 13.2),49,MAURY_1987_11
1989208N20133,1989,Western Pacific,UNNAMED,1989-07-30 03:00:00,25.2,121.6,30.0,-1,POINT (121.6 25.2),63,UNNAMED_1989_07
1984299N26289,1984,North Atlantic,UNNAMED,1984-10-27 18:00:00,29.5,-87.8,30.0,-1,POINT (-87.8 29.5),95,UNNAMED_1984_10
1981151N11255,1981,Eastern Pacific,ADRIAN,1981-06-04 00:00:00,15.4,-97.9,30.0,-1,POINT (-97.9 15.4),95,ADRIAN_1981_06
1981154N19266,1981,North Atlantic,UNNAMED,1981-06-04 21:00:00,25.6,-96.2,30.0,-1,POINT (-96.2 25.6),95,UNNAMED_1981_06
2024134S07055,2024,South Indian,IALY,2024-05-22 12:00:00,-2.2,42.0,30.0,-1,POINT (42 -2.2),112,IALY_2024_05
2004058S13142,2004,South Indian,EVAN,2004-03-02 00:00:00,-14.2,134.8,30.0,-1,POINT (134.8 -14.2),21,EVAN_2004_03
2011069S20321,2011,South Atlantic,UNNAMED,2011-03-12 06:00:00,-19.3,-40.2,30.0,-3,POINT (-40.2 -19.3),95,UNNAMED_2011_03
2007127N36286,2007,North Atlantic,ANDREA,2007-05-11 06:00:00,29.1,-79.8,30.0,-3,POINT (-79.8 29.1),95,ANDREA_2007_05
2021062S18040,2021,South Indian,IMAN,2021-03-05 06:00:00,-17.5,43.3,30.0,-1,POINT (43.3 -17.5),20,IMAN_2021_03
2017008N08128,2017,Western Pacific,UNNAMED,2017-01-08 12:00:00,9.8,125.9,30.0,-1,POINT (125.9 9.8),43,UNNAMED_2017_01
2002288N17277,2002,North Atlantic,UNNAMED,2002-10-16 12:00:00,21.5,-81.0,30.0,-1,POINT (-81 21.5),61,UNNAMED_2002_10
2000019S11127,2000,South Indian,UNNAMED,2000-01-22 18:00:00,-19.9,116.9,30.0,-1,POINT (116.9 -19.9),21,UNNAMED_2000_01
1996324S04164,1997,South Pacific,CYRIL,1996-11-22 12:00:00,-9.3,160.1,30.0,-1,POINT (160.1 -9.3),24,CYRIL_1996_11
2011159N13122,2011,Western Pacific,SARIKA,2011-06-10 18:00:00,22.6,116.9,30.0,-1,POINT (116.9 22.6),112,SARIKA_2011_06
2019210N11253,2019,Eastern Pacific,FLOSSIE,2019-08-06 06:00:00,21.4,-155.3,30.0,-3,POINT (-155.3 21.4),57,FLOSSIE_2019_08
2019204N25283,2019,North Atlantic,UNNAMED,2019-07-23 06:00:00,26.9,-79.6,30.0,-1,POINT (-79.6 26.9),64,UNNAMED_2019_07
1994242N20267,1994,North Atlantic,UNNAMED,1994-08-30 18:00:00,21.4,-96.5,30.0,-1,POINT (-96.5 21.4),95,UNNAMED_1994_08
1999348N12115,1999,Western Pacific,UNNAMED,1999-12-15 15:00:00,11.7,110.2,30.0,-1,POINT (110.2 11.7),112,UNNAMED_1999_12
1993197N11247,1993,Eastern Pacific,EUGENE,1993-07-24 09:00:00,19.1,-154.4,30.0,-1,POINT (-154.4 19.1),56,EUGENE_1993_07
2022232N20266,2022,North Atlantic,UNNAMED,2022-08-20 18:00:00,24.0,-96.9,30.0,-3,POINT (-96.9 24),95,UNNAMED_2022_08
2019195N13136,2019,Western Pacific,DANAS,2019-07-16 15:00:00,17.2,123.5,30.0,-3,POINT (123.5 17.2),51,DANAS_2019_07
1995218N20265,1995,North Atlantic,UNNAMED,1995-08-06 21:00:00,21.4,-97.1,30.0,-1,POINT (-97.1 21.4),95,UNNAMED_1995_08
2021029S14162,2021,South Pacific,BINA,2021-02-01 00:00:00,-16.2,178.2,30.0,-1,POINT (178.2 -16.2),16,BINA_2021_02
1980318N13280,1980,North Atlantic,UNNAMED,1980-11-16 18:00:00,23.9,-82.9,30.0,-1,POINT (-82.9 23.9),61,UNNAMED_1980_11
2003283N26131,2003,Western Pacific,UNNAMED,2003-10-12 18:00:00,33.0,133.5,30.0,-1,POINT (133.5 33),66,UNNAMED_2003_10
2017052S16178,2017,South Pacific,UNNAMED,2017-02-21 06:00:00,-17.3,180.4,30.0,-3,POINT (180.4 -17.3),16,UNNAMED_2017_02
2003025S16173,2003,South Pacific,CILLA,2003-01-26 12:00:00,-16.1,178.6,30.0,-1,POINT (178.6 -16.1),16,CILLA_2003_01
2011243N17259,2011,Eastern Pacific,UNNAMED,2011-08-31 06:00:00,17.1,-101.9,30.0,-1,POINT (-101.9 17.1),95,UNNAMED_2011_08
2017282N17113,2017,Western Pacific,UNNAMED,2017-10-09 18:00:00,17.7,107.2,30.0,-1,POINT (107.2 17.7),112,UNNAMED_2017_10
1980300N08137,1980,Western Pacific,CARY,1980-10-29 12:00:00,15.1,119.6,30.0,-1,POINT (119.6 15.1),51,CARY_1980_10
1994268N16276,1994,North Atlantic,UNNAMED,1994-09-24 18:00:00,16.3,-85.1,30.0,-1,POINT (-85.1 16.3),95,UNNAMED_1994_09
2011280N10268,2011,Eastern Pacific,UNNAMED,2011-10-12 18:00:00,16.4,-94.1,30.0,-1,POINT (-94.1 16.4),95,UNNAMED_2011_10
2003247N27272,2003,North Atlantic,HENRI,2003-09-06 03:00:00,27.7,-83.8,30.0,-1,POINT (-83.8 27.7),95,HENRI_2003_09
2011282N08136,2011,Western Pacific,BANYAN,2011-10-11 12:00:00,9.8,126.2,30.0,-1,POINT (126.2 9.8),43,BANYAN_2011_10
1994272N20274,1994,North Atlantic,UNNAMED,1994-09-29 18:00:00,22.0,-85.0,30.0,-1,POINT (-85 22),61,UNNAMED_1994_09
2023349N04141,2023,Western Pacific,JELAWAT,2023-12-17 21:00:00,7.3,127.2,30.0,-1,POINT (127.2 7.3),43,JELAWAT_2023_12
1988156N18128,1988,Western Pacific,UNNAMED,1988-06-05 12:00:00,21.5,120.9,30.0,-1,POINT (120.9 21.5),63,UNNAMED_1988_06
2018234N22119,2018,Western Pacific,UNNAMED,2018-08-23 00:00:00,22.8,120.5,30.0,-1,POINT (120.5 22.8),63,UNNAMED_2018_08
1988226N25286,1988,North Atlantic,UNNAMED,1988-08-13 09:00:00,26.0,-76.7,30.0,-1,POINT (-76.7 26),65,UNNAMED_1988_08
1999249N22264,1999,North Atlantic,UNNAMED,1999-09-06 00:00:00,22.0,-96.7,30.0,-1,POINT (-96.7 22),95,UNNAMED_1999_09
1990304N08092,1990,North Indian,UNNAMED,1990-11-02 21:00:00,17.6,84.2,30.0,-1,POINT (84.2 17.6),112,UNNAMED_1990_11
1980204N23287,1980,North Atlantic,UNNAMED,1980-07-22 18:00:00,26.2,-76.2,30.0,-1,POINT (-76.2 26.2),65,UNNAMED_1980_07
1980200N25270,1980,North Atlantic,UNNAMED,1980-07-20 09:00:00,28.2,-95.0,30.0,-1,POINT (-95 28.2),95,UNNAMED_1980_07
1999277N20266,1999,North Atlantic,UNNAMED,1999-10-06 12:00:00,20.4,-96.4,30.0,-1,POINT (-96.4 20.4),95,UNNAMED_1999_10
1980197N15133,1980,Western Pacific,UNNAMED,1980-07-18 18:00:00,21.1,112.6,30.0,-1,POINT (112.6 21.1),112,UNNAMED_1980_07
2003207N29280,2003,North Atlantic,UNNAMED,2003-07-26 00:00:00,30.7,-80.8,30.0,-1,POINT (-80.8 30.7),95,UNNAMED_2003_07
2007213N12115,2007,Western Pacific,UNNAMED,2007-08-05 06:00:00,14.5,109.6,30.0,-1,POINT (109.6 14.5),112,UNNAMED_2007_08
2003098N03159,2003,Western Pacific,KUJIRA,2003-04-25 12:00:00,34.2,134.0,30.0,-1,POINT (134 34.2),66,KUJIRA_2003_04
2012287N15297,2012,North Atlantic,RAFAEL,2012-10-26 03:00:00,40.5,-9.8,30.0,-4,POINT (-9.8 40.5),112,RAFAEL_2012_10
1980076N06148,1980,Western Pacific,UNNAMED,1980-03-23 09:00:00,11.7,126.3,30.0,-1,POINT (126.3 11.7),49,UNNAMED_1980_03
2023321N15278,2023,North Atlantic,UNNAMED,2023-11-18 00:00:00,19.2,-77.2,30.0,-3,POINT (-77.2 19.2),53,UNNAMED_2023_11
1998036S13135,1998,South Indian,CINDY:VICTOR,1998-02-08 06:00:00,-13.8,125.8,30.0,-1,POINT (125.8 -13.8),21,CINDY:VICTOR_1998_02
1989228N29127,1989,Western Pacific,UNNAMED,1989-08-19 03:00:00,27.0,121.5,30.0,-1,POINT (121.5 27),112,UNNAMED_1989_08
2025230N20107,2025,Western Pacific,UNNAMED,2025-08-18 12:00:00,20.1,107.3,29.0,-1,POINT (107.3 20.1),112,UNNAMED_2025_08
2020353N06129,2020,Western Pacific,KROVANH,2020-12-24 15:00:00,8.3,101.1,28.0,-1,POINT (101.1 8.3),112,KROVANH_2020_12
2019126S05129,2019,South Indian,LILI,2019-05-10 21:00:00,-9.1,127.8,28.0,-1,POINT (127.8 -9.1),26,LILI_2019_05
1993309N06072,1993,North Indian,UNNAMED,1993-11-07 15:00:00,7.1,77.2,28.0,-1,POINT (77.2 7.1),112,UNNAMED_1993_11
1981169N20268,1981,North Atlantic,UNNAMED,1981-06-18 15:00:00,21.1,-96.5,28.0,-1,POINT (-96.5 21.1),95,UNNAMED_1981_06
2013204N11340,2013,North Atlantic,DORIAN,2013-08-02 21:00:00,27.9,-79.4,28.0,-1,POINT (-79.4 27.9),95,DORIAN_2013_08
2000253N28267,2000,North Atlantic,UNNAMED,2000-09-09 03:00:00,28.9,-93.6,28.0,-1,POINT (-93.6 28.9),95,UNNAMED_2000_09
2022058S17163,2022,South Pacific,EVA,2022-03-01 03:00:00,-22.6,167.4,28.0,-1,POINT (167.4 -22.6),14,EVA_2022_03
1981255N12286,1981,North Atlantic,UNNAMED,1981-09-14 03:00:00,12.9,-82.8,28.0,-1,POINT (-82.8 12.9),95,UNNAMED_1981_09
2022167N11269,2022,Eastern Pacific,CELIA,2022-06-18 09:00:00,12.6,-89.5,28.0,-1,POINT (-89.5 12.6),95,CELIA_2022_06
2017321N07124,2017,Western Pacific,KIROGI,2017-11-17 09:00:00,10.2,118.1,28.0,-1,POINT (118.1 10.2),47,KIROGI_2017_11
1991233N22147,1991,Western Pacific,UNNAMED,1991-08-28 21:00:00,32.8,128.6,28.0,-1,POINT (128.6 32.8),71,UNNAMED_1991_08
1991210N11253,1991,Eastern Pacific,FEFA,1991-08-07 21:00:00,18.9,-154.5,28.0,-1,POINT (-154.5 18.9),56,FEFA_1991_08
1989269N14267,1989,Eastern Pacific,UNNAMED,1989-09-25 21:00:00,14.4,-93.5,28.0,-1,POINT (-93.5 14.4),95,UNNAMED_1989_09
1983237N25128,1983,Western Pacific,UNNAMED,1983-08-27 03:00:00,34.2,127.1,28.0,-1,POINT (127.1 34.2),112,UNNAMED_1983_08
2013339N09084,2013,North Indian,MADI,2013-12-12 09:00:00,10.9,80.8,28.0,-1,POINT (80.8 10.9),112,MADI_2013_12
1986245N18274,1986,North Atlantic,UNNAMED,1986-09-03 21:00:00,21.5,-96.6,28.0,-1,POINT (-96.6 21.5),95,UNNAMED_1986_09
1986216N24267,1986,North Atlantic,UNNAMED,1986-08-05 09:00:00,27.0,-96.5,28.0,-1,POINT (-96.5 27),95,UNNAMED_1986_08
2008224N24122,2008,Western Pacific,UNNAMED,2008-08-14 09:00:00,33.6,127.2,28.0,-1,POINT (127.2 33.6),112,UNNAMED_2008_08
1985255N12300,1985,North Atlantic,UNNAMED,1985-09-11 15:00:00,11.8,-60.8,28.0,-1,POINT (-60.8 11.8),45,UNNAMED_1985_09
1984348N35300,1984,North Atlantic,LILI,1984-12-24 09:00:00,19.6,-68.5,28.0,-1,POINT (-68.5 19.6),54,LILI_1984_12
1996069S21166,1996,South Pacific,ZAKA,1996-03-09 09:00:00,-21.3,167.4,28.0,-1,POINT (167.4 -21.3),14,ZAKA_1996_03
1984164N28285,1984,North Atlantic,UNNAMED,1984-06-13 12:00:00,29.8,-80.3,25.0,-1,POINT (-80.3 29.8),95,UNNAMED_1984_06
2014080N08128,2014,Western Pacific,UNNAMED,2014-03-22 00:00:00,9.3,126.9,25.0,-1,POINT (126.9 9.3),43,UNNAMED_2014_03
1984267N18120,1984,Western Pacific,LYNN,1984-09-27 00:00:00,15.4,109.7,25.0,-1,POINT (109.7 15.4),112,LYNN_1984_09
1984314S08081,1985,South Indian,UNNAMED,1984-11-16 21:00:00,-18.7,49.7,25.0,-1,POINT (49.7 -18.7),20,UNNAMED_1984_11
1984329N27281,1984,North Atlantic,UNNAMED,1984-11-24 00:00:00,26.7,-77.7,25.0,-1,POINT (-77.7 26.7),64,UNNAMED_1984_11
2008338N06092,2008,North Indian,UNNAMED,2008-12-07 06:00:00,8.1,82.6,25.0,-1,POINT (82.6 8.1),44,UNNAMED_2008_12
1985017S15146,1985,South Pacific,ODETTE,1985-01-16 18:00:00,-14.7,146.2,25.0,-1,POINT (146.2 -14.7),21,ODETTE_1985_01
2014209N16134,2014,Western Pacific,NAKRI,2014-08-03 12:00:00,35.5,125.6,25.0,-1,POINT (125.6 35.5),112,NAKRI_2014_08
2008289N15277,2008,North Atlantic,UNNAMED,2008-10-15 18:00:00,15.6,-85.0,25.0,-1,POINT (-85 15.6),95,UNNAMED_2008_10
2008290S05071,2009,South Indian,ASMA,2008-10-23 12:00:00,-11.3,49.0,25.0,-1,POINT (49 -11.3),20,ASMA_2008_10
2008293N09060,2008,North Indian,UNNAMED,2008-10-23 12:00:00,14.1,50.2,25.0,-1,POINT (50.2 14.1),112,UNNAMED_2008_10
1985097S09076,1985,South Indian,HELISAONINA,1985-04-18 12:00:00,-15.4,51.2,25.0,-1,POINT (51.2 -15.4),20,HELISAONINA_1985_04
2009215N10242,2009,Eastern Pacific,FELICIA,2009-08-12 00:00:00,20.7,-154.7,25.0,-3,POINT (-154.7 20.7),56,FELICIA_2009_08
1985222N32280,1985,North Atlantic,CLAUDETTE,1985-08-09 18:00:00,31.5,-80.5,25.0,-2,POINT (-80.5 31.5),95,CLAUDETTE_1985_08
1986011S12130,1986,South Indian,UNNAMED,1986-01-11 21:00:00,-12.7,129.5,25.0,-1,POINT (129.5 -12.7),21,UNNAMED_1986_01
2009245N17303,2009,North Atlantic,ERIKA,2009-09-04 06:00:00,17.0,-66.5,25.0,-3,POINT (-66.5 17),52,ERIKA_2009_09
2024231N24126,2024,Western Pacific,JONGDARI,2024-08-20 12:00:00,34.2,125.6,25.0,-1,POINT (125.6 34.2),112,JONGDARI_2024_08
1987220N34283,1987,North Atlantic,ARLENE,1987-08-10 18:00:00,25.0,-78.0,25.0,-1,POINT (-78 25),62,ARLENE_1987_08
1983281N12256,1983,Eastern Pacific,RAYMOND,1983-10-20 03:00:00,20.9,-155.9,25.0,-1,POINT (-155.9 20.9),56,RAYMOND_1983_10
2024195N13114,2024,Western Pacific,UNNAMED,2024-07-15 00:00:00,16.3,109.2,25.0,-1,POINT (109.2 16.3),112,UNNAMED_2024_07
2009271N15257,2009,Eastern Pacific,OLAF,2009-10-04 03:00:00,24.0,-112.3,25.0,-3,POINT (-112.3 24),95,OLAF_2009_10
2025149N12256,2025,Eastern Pacific,ALVIN,2025-06-01 03:00:00,22.1,-109.6,25.0,-3,POINT (-109.6 22.1),95,ALVIN_2025_06
1987353S08177,1988,South Pacific,UNNAMED,1987-12-22 09:00:00,-15.1,180.1,25.0,-1,POINT (180.1 -15.1),16,UNNAMED_1987_12
1987358S10070,1988,South Indian,BENANDRO,1988-01-01 06:00:00,-15.4,51.4,25.0,-1,POINT (51.4 -15.4),20,BENANDRO_1988_01
2025174N23146,2025,Western Pacific,SEPAT,2025-06-25 15:00:00,34.1,140.0,25.0,-1,POINT (140 34.1),71,SEPAT_2025_06
2025176N18113,2025,Western Pacific,UNNAMED,2025-06-25 15:00:00,19.3,111.8,25.0,-1,POINT (111.8 19.3),55,UNNAMED_2025_06
1983198N18255,1983,Eastern Pacific,FLOSSIE,1983-07-17 00:00:00,18.3,-104.9,25.0,-1,POINT (-104.9 18.3),95,FLOSSIE_1983_07
2006264N13115,2006,Western Pacific,UNNAMED,2006-09-24 18:00:00,17.2,108.4,25.0,-1,POINT (108.4 17.2),112,UNNAMED_2006_09
2015328N11260,2015,Eastern Pacific,SANDRA,2015-11-29 06:00:00,23.5,-107.9,25.0,-3,POINT (-107.9 23.5),95,SANDRA_2015_11
2006198N37291,2006,North Atlantic,UNNAMED,2006-07-18 18:00:00,47.1,-55.8,25.0,-3,POINT (-55.8 47.1),77,UNNAMED_2006_07
1988089S17048,1988,South Indian,UNNAMED,1988-03-28 18:00:00,-16.7,48.1,25.0,-1,POINT (48.1 -16.7),20,UNNAMED_1988_03
1988160N14074,1988,North Indian,UNNAMED,1988-06-08 12:00:00,15.8,72.7,25.0,-1,POINT (72.7 15.8),112,UNNAMED_1988_06
1988153N20275,1988,North Atlantic,UNNAMED,1988-05-31 18:00:00,21.0,-84.0,25.0,-1,POINT (-84 21),61,UNNAMED_1988_05
2025194N31124,2025,Western Pacific,UNNAMED,2025-07-14 00:00:00,32.7,130.8,25.0,-1,POINT (130.8 32.7),71,UNNAMED_2025_07
2016108S17181,2016,South Pacific,AMOS,2016-04-17 06:00:00,-17.0,-179.4,25.0,-1,POINT (-179.4 -17),17,AMOS_2016_04
2006049S16051,2006,South Indian,UNNAMED,2006-02-23 00:00:00,-15.9,51.2,25.0,-1,POINT (51.2 -15.9),20,UNNAMED_2006_02
2005350N08127,2005,Western Pacific,UNNAMED,2005-12-16 06:00:00,9.3,123.9,25.0,-3,POINT (123.9 9.3),43,UNNAMED_2005_12
2025203N18133,2025,Western Pacific,FRANCISCO,2025-07-25 12:00:00,26.2,121.7,25.0,-1,POINT (121.7 26.2),63,FRANCISCO_2025_07
2010018N07113,2010,Western Pacific,UNNAMED,2010-01-19 21:00:00,9.7,108.0,25.0,-1,POINT (108 9.7),112,UNNAMED_2010_01
2023297N11277,2023,North Atlantic,UNNAMED,2023-10-24 00:00:00,12.2,-83.4,25.0,-1,POINT (-83.4 12.2),95,UNNAMED_2023_10
1988234N13299,1988,North Atlantic,UNNAMED,1988-08-24 03:00:00,16.0,-82.8,25.0,-1,POINT (-82.8 16),95,UNNAMED_1988_08
1988251N13343,1988,North Atlantic,UNNAMED,1988-09-07 00:00:00,12.5,-17.5,25.0,-1,POINT (-17.5 12.5),112,UNNAMED_1988_09
2016214N15240,2016,Eastern Pacific,HOWARD,2016-08-07 12:00:00,21.7,-156.4,25.0,-3,POINT (-156.4 21.7),57,HOWARD_2016_08
1982274N13265,1982,Eastern Pacific,ROSA,1982-10-06 03:00:00,18.0,-104.3,25.0,-1,POINT (-104.3 18),95,ROSA_1982_10
2005258N12242,2005,Eastern Pacific,KENNETH,2005-09-30 18:00:00,19.4,-154.2,25.0,-1,POINT (-154.2 19.4),56,KENNETH_2005_09
1988306N15130,1988,Western Pacific,UNNAMED,1988-11-01 21:00:00,11.8,124.7,25.0,-1,POINT (124.7 11.8),46,UNNAMED_1988_11
2013316N06130,2013,Western Pacific,PODUL,2013-11-14 21:00:00,12.0,109.5,25.0,-1,POINT (109.5 12),112,PODUL_2013_11
1989010N16212,1989,Western Pacific,WINONA,1989-01-21 06:00:00,12.4,126.3,25.0,-1,POINT (126.3 12.4),49,WINONA_1989_01
2023241N10158,2023,Western Pacific,KIROGI,2023-09-06 00:00:00,32.1,133.3,25.0,-1,POINT (133.3 32.1),66,KIROGI_2023_09
1989159N17072,1989,North Indian,UNNAMED,1989-06-09 06:00:00,20.5,69.7,25.0,-1,POINT (69.7 20.5),112,UNNAMED_1989_06
1989167N21266,1989,North Atlantic,UNNAMED,1989-06-17 03:00:00,19.4,-93.6,25.0,-1,POINT (-93.6 19.4),95,UNNAMED_1989_06
1982188N09262,1982,Eastern Pacific,DANIEL,1982-07-22 06:00:00,18.3,-156.5,25.0,-1,POINT (-156.5 18.3),56,DANIEL_1982_07
1989221N16339,1989,North Atlantic,UNNAMED,1989-08-10 06:00:00,15.6,-17.1,25.0,-1,POINT (-17.1 15.6),112,UNNAMED_1989_08
1982152N13264,1982,Eastern Pacific,UNNAMED,1982-06-04 06:00:00,15.7,-94.7,25.0,-1,POINT (-94.7 15.7),95,UNNAMED_1982_06
2010110S10118,2010,South Indian,SEAN,2010-04-21 00:00:00,-10.0,116.9,25.0,-1,POINT (116.9 -10),27,SEAN_2010_04
2016354S15116,2017,South Indian,YVETTE,2016-12-24 18:00:00,-16.8,121.6,25.0,-1,POINT (121.6 -16.8),21,YVETTE_2016_12
2010172N08272,2010,Eastern Pacific,DARBY,2010-06-29 06:00:00,14.9,-97.1,25.0,-3,POINT (-97.1 14.9),95,DARBY_2010_06
2004001S16124,2004,South Indian,KEN,2004-01-06 00:00:00,-21.2,113.8,25.0,-1,POINT (113.8 -21.2),21,KEN_2004_01
2017025S16128,2017,South Indian,UNNAMED,2017-01-26 06:00:00,-16.7,123.5,25.0,-1,POINT (123.5 -16.7),21,UNNAMED_2017_01
2003294N11112,2003,Western Pacific,UNNAMED,2003-10-23 06:00:00,10.9,119.2,25.0,-1,POINT (119.2 10.9),47,UNNAMED_2003_10
2023152N26274,2023,North Atlantic,ARLENE,2023-06-04 00:00:00,23.5,-84.1,25.0,-3,POINT (-84.1 23.5),61,ARLENE_2023_06
2003279N18118,2003,Western Pacific,UNNAMED,2003-10-10 18:00:00,21.0,112.8,25.0,-1,POINT (112.8 21),112,UNNAMED_2003_10
1990145N19276,1990,North Atlantic,UNNAMED,1990-05-26 06:00:00,24.0,-82.2,25.0,-1,POINT (-82.2 24),61,UNNAMED_1990_05
2003275N16252,2003,Eastern Pacific,NORA,2003-10-08 21:00:00,22.7,-107.0,25.0,-1,POINT (-107 22.7),95,NORA_2003_10
1982054S23036,1982,South Indian,UNNAMED,1982-02-22 12:00:00,-22.6,36.2,25.0,-1,POINT (36.2 -22.6),112,UNNAMED_1982_02
2010222N26277,2010,North Atlantic,UNNAMED,2010-08-12 15:00:00,29.8,-89.0,25.0,-3,POINT (-89 29.8),95,UNNAMED_2010_08
2010217N15265,2010,Eastern Pacific,ESTELLE,2010-08-04 18:00:00,14.7,-96.3,25.0,-3,POINT (-96.3 14.7),95,ESTELLE_2010_08
2013260N15112,2013,Western Pacific,UNNAMED,2013-09-18 15:00:00,16.2,109.0,25.0,-1,POINT (109 16.2),112,UNNAMED_2013_09
1990319N07197,1990,Western Pacific,OWEN,1990-12-04 06:00:00,8.7,127.3,25.0,-1,POINT (127.3 8.7),43,OWEN_1990_12
2002222N11131,2002,Western Pacific,UNNAMED,2002-08-13 03:00:00,14.3,123.4,25.0,-1,POINT (123.4 14.3),51,UNNAMED_2002_08
1991055S12142,1991,South Pacific,KELVIN,1991-02-24 12:00:00,-12.3,144.2,25.0,-1,POINT (144.2 -12.3),21,KELVIN_1991_02
2002146N17113,2002,Western Pacific,UNNAMED,2002-05-29 21:00:00,22.8,119.7,25.0,-1,POINT (119.7 22.8),63,UNNAMED_2002_05
2013251N13342,2013,North Atlantic,HUMBERTO,2013-09-08 00:00:00,13.0,-17.6,25.0,-3,POINT (-17.6 13),112,HUMBERTO_2013_09
2002143S07157,2002,South Pacific,UPIA,2002-05-23 06:00:00,-6.6,157.3,25.0,-1,POINT (157.3 -6.6),30,UPIA_2002_05
2001320S11146,2002,South Indian,UNNAMED,2001-11-20 03:00:00,-6.5,133.9,25.0,-1,POINT (133.9 -6.5),32,UNNAMED_2001_11
2010244N12328,2010,North Atlantic,GASTON,2010-09-08 06:00:00,17.4,-67.7,25.0,-3,POINT (-67.7 17.4),52,GASTON_2010_09
2001171N12234,2001,Eastern Pacific,BARBARA,2001-06-25 21:00:00,22.4,-157.9,25.0,-1,POINT (-157.9 22.4),59,BARBARA_2001_06
2022244N38313,2022,North Atlantic,DANIELLE,2022-09-15 03:00:00,41.9,-10.0,25.0,-4,POINT (-10 41.9),112,DANIELLE_2022_09
1992044S14128,1992,South Indian,UNNAMED,1992-02-13 00:00:00,-13.9,126.5,25.0,-1,POINT (126.5 -13.9),21,UNNAMED_1992_02
2017307N07102,2017,Western Pacific,UNNAMED,2017-11-04 12:00:00,5.6,100.3,25.0,-1,POINT (100.3 5.6),112,UNNAMED_2017_11
2022215N21118,2022,Western Pacific,UNNAMED,2022-08-03 18:00:00,22.1,115.9,25.0,-1,POINT (115.9 22.1),112,UNNAMED_2022_08
2022180N15130,2022,Western Pacific,AERE,2022-07-05 18:00:00,34.0,137.6,25.0,-1,POINT (137.6 34),71,AERE_2022_07
1992247N10258,1992,Eastern Pacific,ORLENE,1992-09-14 12:00:00,19.3,-154.0,25.0,-1,POINT (-154 19.3),56,ORLENE_1992_09
2013229N26132,2013,Western Pacific,UNNAMED,2013-08-18 12:00:00,28.9,122.9,25.0,-1,POINT (122.9 28.9),112,UNNAMED_2013_08
2001047N09134,2001,Western Pacific,UNNAMED,2001-02-19 12:00:00,11.4,121.5,25.0,-1,POINT (121.5 11.4),48,UNNAMED_2001_02
2025278N15254,2025,Eastern Pacific,PRISCILLA,2025-10-11 12:00:00,26.2,-114.7,25.0,-3,POINT (-114.7 26.2),95,PRISCILLA_2025_10
2000260N19253,2000,Eastern Pacific,MIRIAM,2000-09-17 06:00:00,22.4,-108.9,25.0,-1,POINT (-108.9 22.4),95,MIRIAM_2000_09
2000223N18257,2000,Eastern Pacific,HECTOR,2000-08-10 06:00:00,18.0,-103.5,25.0,-1,POINT (-103.5 18),95,HECTOR_2000_08
2000193N10131,2000,Western Pacific,UNNAMED,2000-07-17 03:00:00,21.5,112.1,25.0,-1,POINT (112.1 21.5),112,UNNAMED_2000_07
2000196N16122,2000,Western Pacific,UNNAMED,2000-07-13 18:00:00,15.6,122.4,25.0,-1,POINT (122.4 15.6),51,UNNAMED_2000_07
2000104S17182,2000,South Pacific,NEIL,2000-04-14 18:00:00,-18.8,179.2,25.0,-1,POINT (179.2 -18.8),15,NEIL_2000_04
2000089S20168,2000,South Pacific,VAUGHAN,2000-04-06 18:00:00,-15.6,146.2,25.0,-1,POINT (146.2 -15.6),21,VAUGHAN_2000_04
1999334N11118,1999,Western Pacific,UNNAMED,1999-12-04 03:00:00,9.2,100.0,25.0,-1,POINT (100 9.2),112,UNNAMED_1999_12
1993096N08148,1993,Western Pacific,UNNAMED,1993-04-13 03:00:00,6.5,126.8,25.0,-1,POINT (126.8 6.5),43,UNNAMED_1993_04
2021307N09275,2021,Eastern Pacific,TERRY,2021-11-03 00:00:00,8.6,-85.4,25.0,-3,POINT (-85.4 8.6),95,TERRY_2021_11
1993059N05136,1993,Western Pacific,UNNAMED,1993-03-01 03:00:00,8.4,126.7,25.0,-1,POINT (126.7 8.4),43,UNNAMED_1993_03
1999228N31128,1999,Western Pacific,UNNAMED,1999-08-17 15:00:00,33.5,130.5,25.0,-1,POINT (130.5 33.5),71,UNNAMED_1999_08
1999219N25142,1999,Western Pacific,UNNAMED,1999-08-10 03:00:00,33.3,137.0,25.0,-1,POINT (137 33.3),71,UNNAMED_1999_08
1999213N12144,1999,Western Pacific,PAUL,1999-08-06 12:00:00,30.8,131.8,25.0,-1,POINT (131.8 30.8),71,PAUL_1999_08
1993193N08144,1993,Western Pacific,MARIAN,1993-07-16 15:00:00,17.6,123.3,25.0,-1,POINT (123.3 17.6),51,MARIAN_1993_07
1999204N17117,1999,Western Pacific,UNNAMED,1999-07-27 00:00:00,21.6,114.9,25.0,-1,POINT (114.9 21.6),112,UNNAMED_1999_07
1999193N16269,1999,Eastern Pacific,UNNAMED,1999-07-12 18:00:00,15.6,-95.4,25.0,-1,POINT (-95.4 15.6),95,UNNAMED_1999_07
1998351N11125,1998,Western Pacific,UNNAMED,1998-12-18 06:00:00,15.4,121.1,25.0,-1,POINT (121.1 15.4),51,UNNAMED_1998_12
1993279N12114,1993,Western Pacific,UNNAMED,1993-10-07 06:00:00,14.2,119.5,25.0,-1,POINT (119.5 14.2),51,UNNAMED_1993_10
1993317N08149,1993,Western Pacific,UNNAMED,1993-11-18 12:00:00,8.3,126.9,25.0,-1,POINT (126.9 8.3),43,UNNAMED_1993_11
1994001N05156,1994,Western Pacific,UNNAMED,1994-01-05 09:00:00,10.9,126.4,25.0,-1,POINT (126.4 10.9),49,UNNAMED_1994_01
1994010S17124,1994,South Indian,FARAH:PEARL,1994-01-10 18:00:00,-16.9,122.6,25.0,-1,POINT (122.6 -16.9),21,FARAH:PEARL_1994_01
1994019S17174,1994,South Pacific,SARAH,1994-01-20 21:00:00,-15.7,168.3,25.0,-1,POINT (168.3 -15.7),18,SARAH_1994_01
1998254N20116,1998,Western Pacific,UNNAMED,1998-09-13 06:00:00,20.1,111.3,25.0,-1,POINT (111.3 20.1),55,UNNAMED_1998_09
2021219N08193,2021,Western Pacific,OMAIS,2021-08-23 12:00:00,33.6,127.2,25.0,-1,POINT (127.2 33.6),112,OMAIS_2021_08
1998187N17132,1998,Western Pacific,UNNAMED,1998-07-10 18:00:00,24.6,122.8,25.0,-1,POINT (122.8 24.6),63,UNNAMED_1998_07
1980290N16275,1980,North Atlantic,UNNAMED,1980-10-16 06:00:00,16.2,-85.5,25.0,-1,POINT (-85.5 16.2),95,UNNAMED_1980_10
2021046N06142,2021,Western Pacific,DUJUAN,2021-02-21 21:00:00,11.1,125.7,25.0,-1,POINT (125.7 11.1),49,DUJUAN_2021_02
2021042S23040,2021,South Indian,GUAMBE,2021-02-15 06:00:00,-22.3,33.1,25.0,-2,POINT (33.1 -22.3),112,GUAMBE_2021_02
2021038S14178,2021,South Pacific,UNNAMED,2021-02-08 06:00:00,-15.9,179.5,25.0,-1,POINT (179.5 -15.9),16,UNNAMED_2021_02
1997307N08082,1997,North Indian,UNNAMED,1997-11-08 12:00:00,10.3,76.0,25.0,-1,POINT (76 10.3),112,UNNAMED_1997_11
2011267N16111,2011,Western Pacific,HAITANG,2011-09-26 18:00:00,16.4,108.9,25.0,-1,POINT (108.9 16.4),112,HAITANG_2011_09
1995091S11145,1995,South Pacific,UNNAMED,1995-04-03 00:00:00,-11.3,136.2,25.0,-1,POINT (136.2 -11.3),21,UNNAMED_1995_04
2012321N14090,2012,North Indian,UNNAMED,2012-11-22 15:00:00,12.9,80.5,25.0,-1,POINT (80.5 12.9),112,UNNAMED_2012_11
2011311N13111,2011,Western Pacific,UNNAMED,2011-11-07 18:00:00,16.0,109.0,25.0,-1,POINT (109 16),112,UNNAMED_2011_11
1980199N31284,1980,North Atlantic,UNNAMED,1980-07-19 21:00:00,29.7,-86.7,25.0,-1,POINT (-86.7 29.7),95,UNNAMED_1980_07
1997143N17111,1997,Western Pacific,LEVI,1997-05-26 03:00:00,16.3,120.2,25.0,-1,POINT (120.2 16.3),51,LEVI_1997_05
1995252N08142,1995,Western Pacific,POLLY,1995-09-14 00:00:00,16.6,123.4,25.0,-1,POINT (123.4 16.6),51,POLLY_1995_09
1995262N04161,1995,Western Pacific,UNNAMED,1995-09-28 15:00:00,12.7,110.0,25.0,-1,POINT (110 12.7),112,UNNAMED_1995_09
2012024S15116,2012,South Indian,IGGY,2012-02-02 18:00:00,-29.8,114.3,25.0,-4,POINT (114.3 -29.8),21,IGGY_2012_02
2012037S17176,2012,South Pacific,CYRIL,2012-02-05 18:00:00,-17.2,177.8,25.0,-1,POINT (177.8 -17.2),15,CYRIL_2012_02
1995276N13124,1995,Western Pacific,UNNAMED,1995-10-06 06:00:00,14.7,109.7,25.0,-1,POINT (109.7 14.7),112,UNNAMED_1995_10
2020251N15342,2020,North Atlantic,RENE,2020-09-06 18:00:00,14.6,-18.1,25.0,-3,POINT (-18.1 14.6),112,RENE_2020_09
2020244N30279,2020,North Atlantic,OMAR,2020-08-30 18:00:00,30.2,-80.7,25.0,-3,POINT (-80.7 30.2),95,OMAR_2020_08
2026063S14151,2026,South Pacific,UNNAMED,2026-03-06 09:00:00,-18.4,145.6,25.0,-1,POINT (145.6 -18.4),21,UNNAMED_2026_03
1996103S12129,1996,South Indian,UNNAMED,1996-04-12 18:00:00,-13.6,125.6,25.0,-1,POINT (125.6 -13.6),21,UNNAMED_1996_04
1982168N13266,1982,Eastern Pacific,UNNAMED,1982-06-19 09:00:00,14.8,-96.0,24.0,-1,POINT (-96 14.8),95,UNNAMED_1982_06
2006225N17126,2006,Western Pacific,SONAMU,2006-08-16 09:00:00,32.6,136.1,23.0,-1,POINT (136.1 32.6),71,SONAMU_2006_08
1988230N18254,1988,Eastern Pacific,JOHN,1988-08-20 21:00:00,22.1,-110.0,23.0,-1,POINT (-110 22.1),95,JOHN_1988_08
2012357N09064,2012,North Indian,UNNAMED,2012-12-24 21:00:00,6.5,50.1,23.0,-1,POINT (50.1 6.5),112,UNNAMED_2012_12
2023247N20130,2023,Western Pacific,YUN-YEUNG,2023-09-08 15:00:00,33.9,138.2,23.0,-1,POINT (138.2 33.9),71,YUN-YEUNG_2023_09
2016262N16251,2016,Eastern Pacific,PAINE,2016-09-21 09:00:00,28.7,-116.0,23.0,-3,POINT (-116 28.7),95,PAINE_2016_09
2007261N13254,2007,Eastern Pacific,IVO,2007-09-24 03:00:00,22.0,-110.5,23.0,-3,POINT (-110.5 22),95,IVO_2007_09
2023005S18142,2023,South Pacific,HALE,2023-01-05 15:00:00,-18.2,146.9,23.0,-3,POINT (146.9 -18.2),21,HALE_2023_01
1996299N11121,1996,North Indian,UNNAMED,1996-10-30 21:00:00,12.0,97.7,23.0,-1,POINT (97.7 12),112,UNNAMED_1996_10
2013117S10155,2013,South Pacific,ZANE,2013-05-01 21:00:00,-12.1,143.7,23.0,-1,POINT (143.7 -12.1),21,ZANE_2013_05
2017340N09089,2017,North Indian,UNNAMED,2017-12-10 03:00:00,20.7,88.4,23.0,-1,POINT (88.4 20.7),112,UNNAMED_2017_12
2000102S13128,2000,South Indian,PAUL,2000-04-11 03:00:00,-13.0,126.5,23.0,-1,POINT (126.5 -13),21,PAUL_2000_04
2021335N08096,2021,North Indian,JAWAD,2021-12-05 09:00:00,19.0,86.3,23.0,-1,POINT (86.3 19),112,JAWAD_2021_12
2019071N04161,2019,Western Pacific,UNNAMED,2019-03-18 15:00:00,6.6,126.9,23.0,-1,POINT (126.9 6.6),43,UNNAMED_2019_03
2006213N16302,2006,North Atlantic,CHRIS,2006-08-05 09:00:00,21.7,-75.7,20.0,-3,POINT (-75.7 21.7),61,CHRIS_2006_08
2019260N10253,2019,Eastern Pacific,MARIO,2019-09-24 18:00:00,26.0,-113.9,20.0,-3,POINT (-113.9 26),95,MARIO_2019_09
1997229N19242,1997,Eastern Pacific,IGNACIO,1997-08-20 06:00:00,35.0,-121.5,20.0,-4,POINT (-121.5 35),95,IGNACIO_1997_08
1995020S20038,1995,South Indian,FODAH,1995-01-22 03:00:00,-17.4,39.9,20.0,-1,POINT (39.9 -17.4),112,FODAH_1995_01
1983014S15143,1983,South Pacific,DES,1983-01-14 12:00:00,-16.0,146.3,20.0,-1,POINT (146.3 -16),21,DES_1983_01
2009325S12066,2010,South Indian,BONGANI,2009-11-25 12:00:00,-11.3,49.5,20.0,-1,POINT (49.5 -11.3),20,BONGANI_2009_11
2009324N06129,2009,Western Pacific,UNNAMED,2009-11-24 12:00:00,9.5,126.5,20.0,-3,POINT (126.5 9.5),43,UNNAMED_2009_11
1998002S14151,1998,South Pacific,KATRINA,1998-02-02 06:00:00,-12.2,143.6,20.0,-1,POINT (143.6 -12.2),21,KATRINA_1998_02
2009279N15311,2009,North Atlantic,HENRI,2009-10-11 12:00:00,20.2,-71.7,20.0,-3,POINT (-71.7 20.2),54,HENRI_2009_10
2014048S16039,2014,South Indian,GUITO,2014-02-18 00:00:00,-17.3,40.2,20.0,-3,POINT (40.2 -17.3),112,GUITO_2014_02
1997045S11163,1997,South Pacific,HAROLD,1997-02-14 18:00:00,-11.3,162.5,20.0,-1,POINT (162.5 -11.3),22,HAROLD_1997_02
2019296N15066,2019,North Indian,KYAAR:KYARR,2019-11-02 21:00:00,10.3,51.9,20.0,-3,POINT (51.9 10.3),112,KYAAR:KYARR_2019_11
1994110S08160,1994,South Pacific,UNNAMED,1994-04-22 00:00:00,-10.3,158.9,20.0,-1,POINT (158.9 -10.3),24,UNNAMED_1994_04
1994071S10119,1994,South Indian,SHARON,1994-03-12 21:00:00,-10.0,117.0,20.0,-1,POINT (117 -10),27,SHARON_1994_03
2009092S15178,2009,South Pacific,LIN,2009-04-03 06:00:00,-15.2,180.2,20.0,-3,POINT (180.2 -15.2),16,LIN_2009_04
2019001S10162,2019,South Pacific,MONA,2018-12-31 18:00:00,-10.2,161.8,20.0,-3,POINT (161.8 -10.2),22,MONA_2018_12
1998274N19254,1998,Eastern Pacific,UNNAMED,1998-09-30 12:00:00,19.4,-106.2,20.0,-1,POINT (-106.2 19.4),95,UNNAMED_1998_09
1999003N05114,1999,Western Pacific,UNNAMED,1999-01-03 00:00:00,4.9,113.9,20.0,-1,POINT (113.9 4.9),42,UNNAMED_1999_01
1995284N17074,1995,North Indian,UNNAMED,1995-10-11 00:00:00,16.9,73.5,20.0,-1,POINT (73.5 16.9),112,UNNAMED_1995_10
1981061S22047,1981,South Indian,JOHANNE,1981-03-03 03:00:00,-19.6,48.7,20.0,-1,POINT (48.7 -19.6),20,JOHANNE_1981_03
1993105N06165,1993,Western Pacific,UNNAMED,1993-04-28 06:00:00,6.5,125.2,20.0,-1,POINT (125.2 6.5),43,UNNAMED_1993_04
1993041S16052,1993,South Indian,FINELLA,1993-02-11 00:00:00,-18.2,50.1,20.0,-1,POINT (50.1 -18.2),20,FINELLA_1993_02
1993053S12161,1993,South Pacific,POLLY,1993-02-22 06:00:00,-11.5,161.2,20.0,-1,POINT (161.2 -11.5),22,POLLY_1993_02
1996328N08151,1996,Western Pacific,UNNAMED,1996-12-01 09:00:00,10.5,125.9,20.0,-1,POINT (125.9 10.5),43,UNNAMED_1996_12
2000138N16119,2000,Western Pacific,LONGWANG,2000-05-18 03:00:00,17.0,121.8,20.0,-1,POINT (121.8 17),51,LONGWANG_2000_05
2000281N11111,2000,Western Pacific,UNNAMED,2000-10-14 18:00:00,17.4,109.5,20.0,-1,POINT (109.5 17.4),55,UNNAMED_2000_10
2022062N06085,2022,North Indian,UNNAMED,2022-03-06 18:00:00,10.7,80.3,20.0,-3,POINT (80.3 10.7),44,UNNAMED_2022_03
2022076S10126,2022,South Indian,CHARLOTTE,2022-03-17 12:00:00,-9.7,124.1,20.0,-3,POINT (124.1 -9.7),26,CHARLOTTE_2022_03
1980317N11075,1980,North Indian,UNNAMED,1980-11-19 03:00:00,20.0,70.0,20.0,-1,POINT (70 20),112,UNNAMED_1980_11
2011199N10271,2011,Eastern Pacific,DORA,2011-07-26 00:00:00,26.3,-114.8,20.0,-3,POINT (-114.8 26.3),95,DORA_2011_07
2022224N22067,2022,North Indian,UNNAMED,2022-08-14 03:00:00,23.5,66.8,20.0,-3,POINT (66.8 23.5),112,UNNAMED_2022_08
2013049N05131,2013,Western Pacific,SHANSHAN,2013-02-19 21:00:00,7.2,121.9,20.0,-3,POINT (121.9 7.2),43,SHANSHAN_2013_02
2017291N09116,2017,Western Pacific,UNNAMED,2017-10-19 12:00:00,11.1,118.5,20.0,-3,POINT (118.5 11.1),47,UNNAMED_2017_10
1987030N06089,1987,North Indian,UNNAMED,1987-02-04 06:00:00,20.3,91.7,20.0,-1,POINT (91.7 20.3),112,UNNAMED_1987_02
1991181N26282,1991,North Atlantic,ANA,1991-06-29 21:00:00,25.9,-79.5,20.0,-3,POINT (-79.5 25.9),64,ANA_1991_06
2008012N12123,2008,Western Pacific,UNNAMED,2008-01-12 21:00:00,12.1,119.4,20.0,-3,POINT (119.4 12.1),47,UNNAMED_2008_01
1991015N02087,1991,North Indian,UNNAMED,1991-01-16 06:00:00,5.0,80.4,20.0,-1,POINT (80.4 5),44,UNNAMED_1991_01
2007360S10116,2008,South Indian,MELANIE,2007-12-26 06:00:00,-9.8,116.1,20.0,-3,POINT (116.1 -9.8),27,MELANIE_2007_12
2022342N06133,2022,Western Pacific,PAKHAR,2022-12-10 03:00:00,14.5,124.4,20.0,-3,POINT (124.4 14.5),51,PAKHAR_2022_12
1990012S12131,1990,South Indian,SAM,1990-01-12 18:00:00,-13.4,125.5,20.0,-1,POINT (125.5 -13.4),21,SAM_1990_01
2016295N13089,2016,North Indian,KYANT,2016-10-29 06:00:00,14.0,81.0,20.0,-3,POINT (81 14),112,KYANT_2016_10
2012317N07118,2012,Western Pacific,UNNAMED,2012-11-12 15:00:00,7.4,115.9,20.0,-3,POINT (115.9 7.4),42,UNNAMED_2012_11
2012032S15141,2012,South Pacific,JASMINE,2012-02-02 18:00:00,-15.2,145.5,20.0,-3,POINT (145.5 -15.2),21,JASMINE_2012_02
2007136S10158,2007,South Pacific,PIERRE,2007-05-20 00:00:00,-9.3,149.7,20.0,-3,POINT (149.7 -9.3),38,PIERRE_2007_05
1987351N09086,1987,North Indian,UNNAMED,1987-12-23 00:00:00,10.3,80.0,20.0,-1,POINT (80 10.3),44,UNNAMED_1987_12
2015213N29146,2015,Western Pacific,UNNAMED,2015-08-05 06:00:00,33.0,136.7,20.0,-3,POINT (136.7 33),71,UNNAMED_2015_08
2006259N17245,2006,Eastern Pacific,MIRIAM,2006-09-21 06:00:00,24.4,-112.6,20.0,-3,POINT (-112.6 24.4),95,MIRIAM_2006_09
2012046N08130,2012,Western Pacific,UNNAMED,2012-02-17 00:00:00,9.6,117.0,20.0,-3,POINT (117 9.6),47,UNNAMED_2012_02
2012127S05127,2012,South Indian,UNNAMED,2012-05-09 06:00:00,-9.3,127.5,20.0,-3,POINT (127.5 -9.3),26,UNNAMED_2012_05
1988211N15225,1988,Eastern Pacific,GILMA,1988-08-03 00:00:00,20.1,-154.7,20.0,-1,POINT (-154.7 20.1),56,GILMA_1988_08
2010346N09115,2010,Western Pacific,UNNAMED,2010-12-13 21:00:00,10.3,109.0,18.0,-3,POINT (109 10.3),112,UNNAMED_2010_12
2022347N12074,2022,North Indian,UNNAMED,2022-12-12 12:00:00,12.0,74.2,15.0,-3,POINT (74.2 12),112,UNNAMED_2022_12
2017104N11130,2017,Western Pacific,UNNAMED,2017-04-16 15:00:00,12.6,120.0,15.0,-3,POINT (120 12.6),50,UNNAMED_2017_04
2018070S10160,2018,South Pacific,LINDA,2018-03-11 06:00:00,-9.5,160.0,15.0,-3,POINT (160 -9.5),24,LINDA_2018_03
1990060S15170,1990,South Pacific,HILDA,1990-03-02 09:00:00,-11.0,161.8,15.0,-1,POINT (161.8 -11),22,HILDA_1990_03
1990056S11125,1990,South Indian,VINCENT,1990-02-25 03:00:00,-10.9,125.0,15.0,-1,POINT (125 -10.9),26,VINCENT_1990_02
2004338S09113,2005,South Indian,UNNAMED,2004-12-03 06:00:00,-9.0,112.8,15.0,-3,POINT (112.8 -9),31,UNNAMED_2004_12
1994078N06096,1994,North Indian,UNNAMED,1994-03-18 18:00:00,6.3,96.1,15.0,-1,POINT (96.1 6.3),41,UNNAMED_1994_03
1980225N11145,1980,Western Pacific,UNNAMED,1980-08-15 06:00:00,15.7,122.6,15.0,-1,POINT (122.6 15.7),51,UNNAMED_1980_08
1996025S14125,1996,South Indian,ISOBEL,1996-01-25 03:00:00,-14.1,124.7,15.0,-1,POINT (124.7 -14.1),21,ISOBEL_1996_01
1996348N04104,1996,Western Pacific,UNNAMED,1996-12-12 18:00:00,4.2,103.7,15.0,-1,POINT (103.7 4.2),112,UNNAMED_1996_12
